model,language,id,word,pos,context,gold_gloss,predicted_gloss,sbert_score
tiny-aya-global,Bengali,13516,ব্রহ্মচারিণী,NOUN,দূর্গার নয়টি রূপের একটি যিনি ব্রহ্মচর্যে ব্রতী ছিলেন || নবরাত্রির দ্বিতীয় দিন ব্রহ্মচারিণীর পূজা করা হয়,"goddess of war; a malevolent aspect of Devi; ""the inaccessible""","A female devotee who has taken the vow of celibacy, often associated with the second day of Navaratri and worshipped in Hindu traditions.",0.4719
tiny-aya-global,Bengali,35375,দুরবীন,NOUN,"দূরের বস্তুর ছবি বড় করে দেখার একটি যন্ত্র||মুম্বাই-এর তারাগৃহে আকাশের গ্রহ, নক্ষত্র দেখার  জন্য দুরবিন থাকে।",a magnifier of images of distant objects,"A device used to magnify and observe distant objects, particularly in astronomy, such as stars and planets.",0.6841
tiny-aya-global,Bengali,6943,ক্ষেপণাস্ত্র,NOUN,সেই অস্ত্র যা ছোঁড়া হয়|| বৈজ্ঞানিকরা একটা নতুন ক্ষেপণাস্ত্র পরীক্ষা করেছেন,a weapon that is forcibly thrown or projected at a targets but is not self-propelled,A missile is a guided weapon that is launched from a vehicle or other means of delivery to strike a target.,0.653
tiny-aya-global,Bengali,8515,প্রথম পুরুষ,NOUN,"সেই সর্বনাম যা হল পুরুষবাচক|| আমি, আমরা ইত্যাদি হল প্রথম পুরুষবাচক",pronouns and verbs used to refer to the speaker or writer of the language in which they occur,First-person singular pronoun,0.6763
tiny-aya-global,Bengali,6298,ধাতু,NOUN,"ক্রিয়ার মূল রূপ|| সংস্কৃতে ভূ, ক্রি ইত্যাদি ধাতু আছে","(linguistics) the form of a word after all affixes are removed; ""thematic vowels are part of the stem""",A metal or a metal object; the root form of a verb in Sanskrit.,0.3612
tiny-aya-global,Bengali,30029,বীণাবতী,NOUN,একজন অপ্সরা||পুরাণে বীণাবতীর বর্ণনা পাওয়া যায়,"(classical mythology) a minor nature goddess usually depicted as a beautiful maiden; ""the ancient Greeks believed that nymphs inhabited forests and bodies of water""","The name ""Beeṇāvatī"" refers to a celestial nymph or apsara from Hindu mythology, known for her enchanting music and celestial beauty.",0.5707
tiny-aya-global,Bengali,8089,শৈক্ষিক,ADJECTIVE,শিক্ষার বা শিক্ষা-সংক্রান্ত|| আপনাকে এই আবেদন পত্রের সাথে শিক্ষাগত যোগ্যতার প্রমাণ-পত্রও দিতে হবে,"associated with academia or an academy; ""the academic curriculum""; ""academic gowns""",educational,0.5088
tiny-aya-global,Bengali,2142,শূদ্র,NOUN,হিন্দুদের চারটি বর্ণের মধ্যে চতুর্থ এবং শেষ বর্ণ|| বর্ণাশ্রম প্রথায় শূদ্রদের কাজ ছিল সেবা করা,the lowest of the four varnas: the servants and workers of low status,"The Shudras are the fourth and final caste in Hindu society, traditionally assigned to menial or service-oriented tasks, reflecting the caste-based social hierarchy of ancient India.",0.5462
tiny-aya-global,Bengali,18531,পরিবর্ধিত,ADJECTIVE,যা বাড়ানো হয়েছে|| প্রোজেক্টর দিয়ে পরিবর্ধিত চিত্র পর্দার উপর দেখানো হয়,"as of a photograph; made larger; ""the enlarged photograph revealed many details""",Enhanced or amplified.,0.485
tiny-aya-global,Bengali,4714,সুগন্ধী,ADJECTIVE,যাতে সুগন্ধ আছে|| গোলাপ একটা সুগন্ধী ফুল,"having a strong pleasant odor; ""the pine woods were more redolent""- Jean Stafford",fragrant,0.3247
tiny-aya-global,Bengali,10206,স্বাভাবিক প্রবৃত্তি,NOUN,স্বাভাবিক প্রবৃত্তি|| ছোটো ছোটো কথায় রেগে যাওয়া অঞ্জলীর স্বাভাবিক প্রবৃত্তি,"inborn pattern of behavior often responsive to specific stimuli; ""the spawning instinct in salmon""; ""altruistic instincts in social animals""","The natural inclination or instinctive tendency to react impulsively, often in response to minor irritations or provocations.",0.6178
tiny-aya-global,Bengali,28997,পানতুয়া,NOUN,একপ্রকার মিষ্টি||মহেশ পানতুয়া খাচ্ছে,a food rich in sugar,a type of sweet,0.692
tiny-aya-global,Bengali,16218,হিন্দোল,NOUN,একটি রাগ||সঙ্গীতজ্ঞ হিন্দোল গাইছেন,any of various fixed orders of the various diatonic notes within an octave,a Hindustani classical song or melody,0.2755
tiny-aya-global,Bengali,29925,যক্ষ্মনাশন,NOUN,একজন পৌরাণিক ঋষি||ঋগবেদে যক্ষ্মনাশন ঋষির বর্ণনা পাওয়া যায়,a mentor in spiritual and philosophical topics who is renowned for profound wisdom,"The term ""যক্ষ্মনাশন"" refers to the legendary sage Yaksamanasena, mentioned in the Rigveda, known for his ability to cure leprosy.",0.3331
tiny-aya-global,Bengali,24355,জেত্রোফা,NOUN,একটি গাছ যা ঔষধ রূপে ব্যবহার করা হয় || জেত্রোফা কাশ্মীরে বেশী পরিমাণে পাওয়া যায়,annual or perennial herbaceous or shrubby plants; cosmopolitan except Australia,"A tree used in medicine, commonly found in Kashmir.",0.4955
tiny-aya-global,Bengali,15777,সাতাশি,NOUN,আশি এবং সাত যোগ করে প্রাপ্ত সংখ্যা||পঞ্চাশ এবং সাঁইত্রিশ যোগ করে সাতাশি হয়,"a concept of quantity derived from zero and units; ""every number has a unique position in the sequence""","The number 78, formed by adding 80 and 7.",0.2859
tiny-aya-global,Bengali,563,ভাটি,NOUN,ইঁটের তৈরী সেই বড় উনান যাতে পাচকেরা নানা প্রকারের বস্তু রান্না করে থাকেন|| কৈলাশ ভাটিতে মিঠাই তৈরী করছিল,kitchen appliance used for baking or roasting,"a large clay pot used for cooking, often with a lid, commonly found in kitchens for preparing various dishes.",0.6616
tiny-aya-global,Bengali,33483,মোটা আটা,NOUN,গমের মোটা আটা||মা মোটা আটা দিয়ে খুরমা বানাচ্ছে,fine powdery foodstuff obtained by grinding and sifting the meal of a cereal grain,Thick wheat flour,0.1585
tiny-aya-global,Bengali,13157,প্রতিবন্ধক,NOUN,বাধা বা প্রতিবন্ধকতা উত্পন্ন করে যে ব্যক্তি|| প্রতিবন্ধকদের কারণেই আমার বহু কাজ আটকে রয়েছে,someone who systematically obstructs some action that others want to take,An obstacle or barrier that hinders progress or prevents the completion of tasks.,0.6366
tiny-aya-global,Bengali,24354,বানুআটু,NOUN,দক্ষিণ পশ্চিম প্রশান্ত মহাসাগরে অবস্থিত একটি দেশ || বানুআটুতে প্রায় আশিটি দ্বীপসমষ্টি আছে,a volcanic island republic in Melanesia; independent since 1980,"An island nation in the southwestern Pacific Ocean, known for its approximately 80 island groups.",0.5949
tiny-aya-global,Bengali,3820,উদ্যোগ,NOUN,"কোনো বস্তুর উত্পাদনে ব্যস্ত লোকজন,কারখানা বা সংস্হা|| সরকার মহিলা উদ্যোগকে উত্সাহ দিচ্ছে","the people or companies engaged in a particular kind of commercial enterprise; ""each industry has its own trade publications""","Efforts or initiatives undertaken to produce goods, services, or establish businesses, often involving labor, machinery, or institutions.",0.527
tiny-aya-global,Bengali,875,বিজ্ঞাপন,NOUN,"বিক্রি করার জিনিস বা কোনো বিষয়ের সেই সূচনা যা সবাইকে বিশেষতঃ সাময়িক পত্র,রেডিয়ো,দূরদর্শন প্রভৃতির দ্বারা দেওয়া যায়|| আজকের সংবাদ-পত্র বিজ্ঞাপনে ভরা",a public promotion of some product or service,"Advertising refers to the promotion of a product, service, or event through various media such as newspapers, radio, television, and other platforms, aiming to inform, persuade, or remind the public of its existence.",0.6908
tiny-aya-global,Bengali,28033,কোটা,NOUN,একটি দ্রাবিড়ীয় ভাষা||দক্ষিণ ভারতের নীলগিরি পর্বতের অধিবাসীরা কোটার ভাষায় কথা বলে,a Dravidian language spoken by the Kota,A Dravidian language spoken by the Nilgiri people of southern India.,0.7242
tiny-aya-global,Bengali,5785,উপেক্ষা করা,VERB,কারওকে তুচ্ছ বা নগণ্য ভেবে তার দিকে মন না দেওয়া|| ও সমারোহে আমায় উপেক্ষা করল,"refuse to acknowledge; ""She cut him dead at the meeting""","to disregard or treat someone as unimportant, ignoring their presence or concerns.",0.2832
tiny-aya-global,Bengali,19031,কোরিয়ান,ADJECTIVE,কোরিয়া ভাষার বা কোরিয়া ভাষার সঙ্গে সম্পর্কিত|| কোরিয়ায় থাকা মনোহরণ কোরিয়ান সাহিত্যের আনন্দ লাভ করেছিল,"of or relating to or characteristic of Korea or its people or language; ""Korean handicrafts""","Korean, referring to the language spoken in Korea or related to Korean culture.",0.8307
tiny-aya-global,Bengali,8020,বংশবলী,NOUN,কোনও বংশের লোকেদের কালক্রমে তৈরি করা সূচি|| সূর্যবংশের বংশবলীতে রামের সকল পূর্বজদের নাম দেওয়া হয়েছে,successive generations of kin,A lineage or family tree detailing the ancestors of a particular lineage over time.,0.4263
tiny-aya-global,Bengali,4565,খারাপ,NOUN,হিতের বিপরীত কাজ|| কারোর অপকার করা উচিত নয়,the act of damaging something or someone,"To do harm or mischief to someone, acting against their benefit or well-being.",0.8032
tiny-aya-global,Bengali,25834,মানসা শহর,NOUN,পাঞ্জাব রাজ্যের একটি শহর || মানসা শহরে আয়োজিত মেলায় খুব ভিড় ছিল,"a large and densely populated urban area; may include several independent administrative districts; ""Ancient Troy was a great city""",A city in Punjab state.,0.4197
tiny-aya-global,Bengali,10063,সাংবিধানিক,ADJECTIVE,সংবিধান বা কোনো সংস্থার নিয়মের সঙ্গে সম্পর্কযুক্ত|| সাংবিধানিক নিয়ম পালন করা প্রত্যেক নাগরিকের কর্তব্য,"of or relating to a constitution; ""constitutional amendments""","Constitutional, relating to or conforming to the constitution or the rules of an organization; upholding constitutional norms is every citizen's duty.",0.6796
tiny-aya-global,Bengali,2572,সামন্তকালীন,ADJECTIVE,সামন্তদের সময়কার বা সেই সময়ের সঙ্গে সম্পর্কিত|| ভারতের সামন্তকালীন সমাজ ব্যবস্থায় সাধারণ মানুষের অবস্থা ভালো ছিল না,"characteristic of the time of chivalry and knighthood in the Middle Ages; ""chivalric rites""; ""the knightly years""",feudal,0.2628
tiny-aya-global,Bengali,11501,বর্ষিত হওয়া,VERB,উপর বা চতুর্দিক থেকে আসা বা পড়া|| আকাশবাণির সঙ্গে সঙ্গে ফুল বর্ষিত হল,"rain abundantly; ""Meteors showered down over half of Australia""",to fall or rain from above or around; to be showered,0.5275
tiny-aya-global,Bengali,800,গালিচা,NOUN,ফুল-ফলের নকশা করা এক ধরনের মোটা আচ্ছাদন || এটি বেশ দামী গালিচা,floor covering consisting of a piece of thick heavy fabric (usually with nap or pile),"A thick carpet with a pattern of flowers or fruits, often considered a luxury item.",0.5425
tiny-aya-global,Bengali,10904,ঋণ,NOUN,"কোনো এক ব্যক্তি বা সংস্থা দ্বারা অপর কোনো ব্যক্তি বা সংস্থাকে দেওয়া সেবা|| হিন্দু ধর্ম অনুসারে মাতৃ-ঋণ, পিতৃ-ঋণ, গুরু-ঋণ তথা দেব-ঋণ এই চারটি মূখ্য ঋণ",money or goods or services owed by one person to another,"A debt or obligation owed, particularly in the context of Hindu religious duties where one owes a debt to one's mother, father, guru, or god.",0.6086
tiny-aya-global,Bengali,21426,ব্রেল লিপি,NOUN,অন্ধদের জন্য তৈরী একটি লিপি|| ব্রেল লিপির জনক লুই ব্রেল নামক একজন অন্ধ শিক্ষক ছিলেন,a point system of writing in which patterns of raised dots represent letters and numerals,"a writing system designed for the visually impaired, invented by the blind teacher Louis Braille, consisting of raised dots arranged in a grid.",0.5446
tiny-aya-global,Bengali,26569,দোয়াঙ্গ নদী,NOUN,নাগাল্যাণ্ডের একটি প্রধান নদী||দোয়াঙ্গ ব্রহ্মপুত্র নদীর উপনদী,"a large natural stream of water (larger than a creek); ""the river was navigable for 50 miles""",A major tributary of the Brahmaputra River in Nagaland.,0.382
tiny-aya-global,Bengali,3656,সঙ্কট,NOUN,কোনো অনিষ্ট ঘটনা থেকে উত্পন্ন হওয়া সেই পরিস্থিতি যাতে বড় ক্ষতি হতে পারে|| সঙ্কটের সময় মাথা কাজ করা বন্ধ করে দেয়,"an unstable situation of extreme danger or difficulty; ""they went bankrupt during the economic crisis""","A critical situation or state arising from adverse events, characterized by potential for significant harm, often accompanied by a sense of helplessness or mental exhaustion.",0.6001
tiny-aya-global,Bengali,20193,প্যারিস,NOUN,ফ্রান্সের সবচেয়ে বড়ো শহর||প্যারিস ফ্রান্সের রাজধানী,the capital and largest city of France; and international center of culture and commerce,"The English definition of the Bengali word ""প্যারিস"" (Paris) is: The capital and largest city of France, renowned for its cultural, historical, and artistic significance.",0.6424
tiny-aya-global,Bengali,20536,বেলাডোনা,NOUN,বেলাডোনার রস যা ওষুধের মতো খাওয়া হয় বা পীড়িত স্থানে লাগানো হয়||বেলাডোনা হোমিওপ্যাথীর উত্তম ওষুধগুলির মধ্যে একটি।,an alkaloidal extract or tincture of the poisonous belladonna plant that is used medicinally,"Belladonna, commonly known as deadly nightshade, is a poisonous plant whose berries and leaves are used in traditional medicine and homeopathy for their therapeutic properties. It is applied topically for treating wounds or pain and is considered one of the most potent remedies in homeopathy.",0.7853
tiny-aya-global,Bengali,26884,গথিক ভাষায়,ADJECTIVE,গথিক ভাষার বা গথিক ভাষার সঙ্গে সম্পর্কিত|| গথিক ভাষায় বাইবেলও লেখা হয়েছে,"of or relating to the language of the ancient Goths; ""the Gothic Bible translation""",Gothic language,0.5583
tiny-aya-global,Bengali,15605,শায়িত,ADJECTIVE,শুয়ে থাকা|| পথে শায়িত ব্যক্তি মারা গেলেন,lying down; in a position of comfort or rest,lying down,0.419
tiny-aya-global,Bengali,17169,কুঁদরু,NOUN,এক প্রকার লতা||কুঁদরুতে পটলের আকারের ফল হয়,any vine of the family Cucurbitaceae that bears fruits with hard rinds,A type of vine; the fruit of the Kudur is about the size of a pot.,0.6032
tiny-aya-global,Bengali,12820,যাচাই করা,VERB,যাচাই করার কাজ হওয়া|| পনেরোটা খাতা দেখা হয়েছে,"be verified or confirmed; pass inspection; ""These stories don' t check!""",to verify or check something,0.3097
tiny-aya-global,Bengali,34574,গদি,NOUN,সেই স্থান বা পদ যেটির কোনও আধিকারিকের দায়িত্ব থাকে||নেতা নিজের গদি ছাড়তে চান না।,"a job in an organization; ""he occupied a post in the treasury""","The seat or position of authority, particularly the office or throne held by a leader, often implying a refusal to relinquish power.",0.3939
tiny-aya-global,Bengali,441,ডোসা,NOUN,একটি দক্ষিণ ভারতীয় ব্যাঞ্জন || সে সাদা দোসা খাচ্ছে,"a particular item of prepared food; ""she prepared a special dish for dinner""","A South Indian flatbread, often served as a breakfast item.",0.4657
tiny-aya-global,Bengali,35622,উপকাপ্তান,NOUN,কোনও খেলার দলের দ্বিতীয় প্রধান খেলোয়াড়||আজ উপকাপ্তানের প্রদর্শন অত্যন্ত ভালো ছিল,someone who engages in sports,"The captain of the team, serving as the second-in-command.",0.3333
tiny-aya-global,Bengali,14062,গ্যারাজ,NOUN,সেই স্থান যেখানে মোটর গাড়ি মেরামত করা হয় || এই গ্যারাজে কেবল দুচাকার গাড়িই মেরামত করা হয়,a repair shop where cars and trucks are serviced and repaired,"A garage is a place where motor vehicles, particularly cars, are repaired and maintained.",0.7059
tiny-aya-global,Bengali,92,সমঝোতা,NOUN,"লেনদেন,ঝগড়া,বিবাদ ইত্যাদি বিষয়ে জড়িত সব পক্ষের নিজেদের মধ্যে হওয়া নিষ্পত্তি|| কাশ্মীর প্রসঙ্গে ভারত ও পাকিস্তানের সমঝোতা করা আবশ্যক","an accommodation in which both sides make concessions; ""the newly elected congressmen rejected a compromise because they considered it `business as usual' ""","A settlement or agreement reached between parties involved in a transaction, dispute, or controversy, often to resolve differences or reach a mutually acceptable outcome.",0.4924
tiny-aya-global,Bengali,97,অভিজ্ঞতা,NOUN,কোনো কাজ বা প্রয়োগ করতে গিয়ে যে জ্ঞান লাভ করা যায়|| ওনার এই কাজের অভিজ্ঞতা আছে,"the accumulation of knowledge or skill that results from direct participation in events or activities; ""a man of experience""; ""experience is the best teacher""",Knowledge gained through practical experience or application of a skill or activity.,0.7785
tiny-aya-global,Bengali,4739,পুষ্পস্তবক,NOUN,একসাথে বাঁধা ফুলের গুচ্ছ|| ও পুষ্পস্তবক দিয়ে আমাকে অভ্যর্থনা জানালো,an arrangement of flowers that is usually given as a present,"A garland of flowers, typically tied together.",0.8063
tiny-aya-global,Bengali,12314,সহজভাবে,ADVERB,বিচলিত না হয়ে|| তুমি আমায় সহজভাবে আর পরিষ্কার করে বল যে কি হয়েছে,"in a forthright manner; candidly or frankly; ""he didn' t answer directly""; ""told me straight out""; ""came out flat for less work and more pay""",without difficulty,0.2086
tiny-aya-global,Bengali,3568,আলু,NOUN,এক প্রকার কন্দ যা সব্জি হিসেবে খাওয়া হয় || আলু হল এমন সব্জি যা বারো মাস বাজারে পাওয়া যায়,an edible tuber native to South America; a staple food of Ireland,"A type of root vegetable commonly consumed as a vegetable, widely available year-round.",0.5335
tiny-aya-global,Bengali,35971,হলুদ,NOUN,হলুদের শেকড়ের হলুদ চূর্ণ যা খাবারে ও পুজোয় কাজে লাগে||মা ডালে হলুদ দিতে ভুলে গেছে,ground dried rhizome of the turmeric plant used as seasoning,"Yellow color or pigment; also, a spice made from the root of the turmeric plant, used in cooking and religious ceremonies.",0.6226
tiny-aya-global,Bengali,9526,ছাঁচ,NOUN,"কাঠ, মোম, মাটি, ধাতু ইত্যাদির ছাঁচ যাতে ঢেলে জিনিস বানানো হয়||মাটি ছাঁচে ফেলে ইঁট তৈরী করা হয়","a mold for setting concrete; ""they built elaborate forms for pouring the foundation""","A mold or template used to shape or form objects by pouring or pressing material into it, such as wood, wax, clay, or metal.",0.6826
tiny-aya-global,Bengali,15117,আটপাল্লাইয়া,ADJECTIVE,আটটি পাল্লা বা পার্শ্বতলবিশিষ্ট|| শীলা আটপাল্লাইয়া বাক্সে জিনিস রাখছে,having eight sides,having eight sides or lateral divisions,0.5753
tiny-aya-global,Bengali,7089,সাম্যবাদ,NOUN,যে বাদ এটা প্রতিপাদিত করে যে সমাজে সবাইকে সমান অধিকার দেওয়া উচিত ও সবার থাকা-খাওয়া যেন এক স্তরের হয়||সাম্যবাদ দ্বারা প্রেম ও ভ্রাতৃত্ববোধ বাড়ে,a form of socialism that abolishes private ownership,"Socialism is a political and economic ideology that advocates for the establishment of a classless society where resources are distributed equitably, ensuring all individuals have equal rights and opportunities. It emphasizes collective ownership, community well-being, and the promotion of love and fraternity among people.",0.6734
tiny-aya-global,Bengali,4355,সঞ্চয়,NOUN,বাঁচানো বা বাঁচানোর কাজ বা ভাব|| ও টাকাপয়সা বাঁচিয়ে নিজের ভবিষ্যত্ তৈরী করতে চায়,"an act of economizing; reduction in cost; ""it was a small economy to walk to work every day""; ""there was a saving of 50 cents""","To save or to act in a way that preserves resources, often financial, with the intention of securing one's future.",0.3982
tiny-aya-global,Bengali,25161,মঙ্গলদাই,NOUN,আসামের একটি শহর || দরাঙ্গ জেলার প্রধান কার্যালয় মঙ্গলদাই শহরে অবস্থিত,"a large and densely populated urban area; may include several independent administrative districts; ""Ancient Troy was a great city""","The city of Moulvibazar, the district headquarters of Darang district in Assam.",0.1531
tiny-aya-global,Bengali,990,নাসারন্ধ্র,NOUN,নাকের সামনের অংশ যাতে দুটি ছিদ্র থাকে|| তার নাসারন্ধ্রে নাকছাবি শোভা পাচ্ছে,either one of the two external openings to the nasal cavity in the nose,"The anterior part of the nose containing two nostrils, where the nose ring is typically located.",0.828
tiny-aya-global,Bengali,24207,অবুজা,NOUN,নাইজিরিয়ার রাজধানী || অবুজায় সুন্দরী প্রতিযোগিতার আয়োজন করা হয়েছিল,capital of Nigeria in the center of the country,The capital of Nigeria,0.6279
tiny-aya-global,Bengali,28924,বাহুবন্ধনী,NOUN,হাতে পরার একপ্রকার গয়না||শীলা বাহুবন্ধনী পরে,a band worn around the arm for decoration,"A type of jewelry worn on the hand, often a silver or gold bracelet.",0.6097
tiny-aya-global,Bengali,173,হারমোনিয়াম,NOUN,সিন্দুককের আকারের একটা বাজনা যা আঙ্গুলের সাহায্যে বাজানো হয় || সে হারমোনিয়াম বাজাচ্ছিল,a free-reed instrument in which air is forced through the reeds by bellows,"A small, hourglass-shaped drum played with the fingers, often used in traditional music.",0.4329
tiny-aya-global,Bengali,28679,বীরমত্স্য,NOUN,একটি প্রাচীন জাতি||রামাযণে বীরমত্স্যের বর্ণনা পাওয়া যায়,(Hinduism) a Hindu caste or distinctive social group of which there are thousands throughout India; a special characteristic is often the exclusive occupation of its male members (such as barber or potter),"A legendary fish mentioned in the Ramayana, symbolizing bravery and valor.",0.2486
tiny-aya-global,Bengali,20966,দক্ষিণ কোরিয়ান বান,NOUN,দক্ষিণ কোরিয়ায় যে মুদ্রা চলে||এক দক্ষিণ কোরিয়ান বান প্রায় আট ইয়েনের সমান হয়,the basic unit of money in South Korea,"The South Korean won is the official currency of South Korea, where one won is approximately equal to eight yen.",0.7368
tiny-aya-global,Bengali,27591,পরিব্যক্ত প্রাণী,NOUN,সেই জীব যার মধ্যে ক্রোমোজম ঘটিত পরিবর্তনের কারণে বিশেষত্ব থাকে||ও পরিব্যক্ত প্রাণীদের সম্পর্কে অধ্যয়ন করছে,(biology) an organism that has characteristics resulting from chromosomal alteration,an organism whose chromosomes have undergone changes resulting in distinct characteristics,0.9275
tiny-aya-global,Bengali,35718,প্রশ্নাত্মক,ADJECTIVE,যে (বাক্য) পাঠক বা শ্রোতার কাছ থেকে উত্তরের প্রত্যাশা রাখে|| শিক্ষক ছাত্রদের কিছু প্রশ্নাত্মক বাক্য বানাতে বললেন,relating to the use of or having the nature of an interrogation,Questionative,0.5146
tiny-aya-global,Bengali,18071,লুখ,NOUN,"এক বড় চারা যা এশিয়া , ইউরোপ , আফ্রিকা ইত্যাদিতে পাওয়া যায়||লুখের পাতা থেকে চাটাই ইত্যাদি বানানো যায়","tall marsh plant with cylindrical seed heads that explode when mature shedding large quantities of down; its long flat leaves are used for making mats and chair seats; of North America, Europe, Asia and North Africa","A large leaf used in various cultures across Asia, Europe, Africa, and beyond, primarily for making mats and other items.",0.6521
tiny-aya-global,Bengali,30119,বিরুপাক্ষ,NOUN,একজন দিগ্গজ||পুরাণে বিরুপাক্ষের বর্ণনা পাওয়া যায়,an imaginary being of myth or fable,"A divine being or a celestial entity, often associated with the Purana in Hindu mythology.",0.5576
tiny-aya-global,Bengali,1760,পর্যবেক্ষক,NOUN,"কোনো ব্যবহার,কথা,কাজ প্রভৃতি বিষয়গুলিকে মনোযোগ সহকারে দেখে য ব্যক্তি|| এই কাজের দেখাশোনার জন্য একজন পর্যবেক্ষক আসছেন",one who supervises or has charge and direction of,"A person who attentively observes or examines a situation, action, or matter, often acting as a supervisor or evaluator.",0.6661
tiny-aya-global,Bengali,29571,মন্থরা,NOUN,কৈকেয়ীর একজন দাসী||রামের বনবাসে মন্থরার গুরুত্বপূর্ণ ভূমিকা ছিল,an imaginary being of myth or fable,"Mantra, a female servant of Kachchiyai, played a crucial role in Rama's exile.",0.2781
tiny-aya-global,Bengali,35475,রেজিস্ট্রি,NOUN,"ডাক দ্বারা পত্র পাঠানোর একটি ধরন যাতে একটু বেশি টাকা দিয়ে পাঠানো পত্রের ভার, ঠিকানা ইত্যাদি ডাকঘরের রেজিস্টারে নথিভুক্ত করা হয়||আমি ফর্ম ভরে রেজিস্ট্রি দ্বারা পাঠিয়ে দিয়েছি।",mail that is registered by the post office when sent in order to assure safe delivery,"A registered letter, typically sent via डाक (postal service), where the recipient's address and other details are officially recorded in the post office register, often at a higher cost than standard mail.",0.7283
tiny-aya-global,Bengali,20399,স্ট্যাম্প,NOUN,ক্রিকেট খেলায় ব্যবহৃত যেই তিনটি দন্ডের মধ্যে প্রত্যেকটি যার সামনে দাঁড়িয়ে ব্যাটসমান ব্যাট করে||বোলারের প্রথম বলই তিনটি স্ট্যাম্প ভেঙে দিয়েছিল,(cricket) any of three upright wooden posts that form the wicket,"The three stumps in cricket, each with a string attached, which are struck by the batsman when the ball is bowled. The first ball delivered by a bowler often results in all three stumps being broken.",0.7106
tiny-aya-global,Bengali,22396,সুপ্রতীক,NOUN,এক দিগ্গজ||সুপ্রতীক ইষান কোণের দিগ্গজ।,an imaginary being of myth or fable,A towering figure or a symbol of excellence.,0.487
tiny-aya-global,Bengali,25515,কামাঠী,NOUN,তেলেঙ্গানার একটি জাতি || ও কামাঠী জাতির মেয়ের সাথে ছেলের বিয়ে দিয়েছে,(Hinduism) a Hindu caste or distinctive social group of which there are thousands throughout India; a special characteristic is often the exclusive occupation of its male members (such as barber or potter),"A member of the Kamathi community in Telangana, known for their distinct cultural identity and traditional practices.",0.53
tiny-aya-global,Bengali,19757,নাটক,NOUN,এক ধরনের নাটক||এই নাটকে মোহনের অভিনয় খুব ভালো ছিল।,"a theatrical performance of a drama; ""the play lasted two hours""",A play or theatrical performance.,0.6888
tiny-aya-global,Bengali,27651,প্রথম,NOUN,কাজের শৃঙ্খলার মধ্যে প্রথম||সাতটি ম্যাচের শৃঙ্খলার মধ্যে প্রথমটিতেই আমরা হেরে গিয়েছি,the first of a series of actions,The first or initial part of a sequence or process.,0.7616
tiny-aya-global,Bengali,35930,কাতার,NOUN,এক আরবি দেশ||কাতার ১৯৭১ এ স্বাধীন হয়েছে,an Arab country on the peninsula of Qatar; achieved independence from the United Kingdom in 1971; the economy is dominated by oil,"A country in the Middle East, located in the Arabian Peninsula, known for its oil reserves and strategic location. Qatar gained independence in 1971.",0.9029
tiny-aya-global,Bengali,3874,সমস্যা,NOUN,সেই সমস্যাসংকুল বিচার্য্য বিষয় যা সহজে সমাধান করা সম্ভব নয়|| বেকারত্ব দেশের সামনে একটা বড়ো সমস্যা/আগে এই সমস্যাটা সমাধান করুন,"a source of difficulty; ""one trouble after another delayed the job""; ""what' s the problem?""","A difficult or complex issue that is challenging to resolve, often requiring significant effort or resources to address.",0.5193
tiny-aya-global,Bengali,30330,শিশুনাগ,NOUN,এক রাক্ষস||শিশুনাগের বর্ণনা পুরাণে পাওয়া যায়,one of the evil spirits of traditional Jewish and Christian belief,"child-e-god, a demon in Hindu mythology",0.4944
tiny-aya-global,Bengali,9718,ঝোপড়ি,NOUN,মাটি বা ঘাস ইত্যাদি দিয়ে তৈরি ঘর||এই নদীর ধারে মাঝিদের ঝোপড়ি আছে,small crude shelter used as a dwelling,"A small, temporary shelter or hut, typically made of mud, grass, or similar materials, often used by people like fishermen or others who live in remote areas.",0.7855
tiny-aya-global,Bengali,33001,জলীয়,ADJECTIVE,জল সম্পর্কিত বা জলের|| পৃথিবীর দুই-তৃতীয়াংশ ভাগ জলীয় ক্ষেত্র,"relating to or consisting of or being in water; ""an aquatic environment""",pertaining to or consisting of water,0.7717
tiny-aya-global,Bengali,381,উদ্ধৃতি চিহ্ন,NOUN,ব্যকরণের সেই শব্দ যার দ্বারা কোনো উক্তি প্রভৃতিকে দেখানো হয়|| এই লেখাটির মধ্যে কোথাও উদ্ধৃতি চিহ্নের ব্যবহার করা হয়নি,a punctuation mark used to attribute the enclosed text to someone else,"A punctuation mark used to enclose quoted material, indicating that the enclosed text is a direct or indirect quotation.",0.7892
tiny-aya-global,Bengali,8281,সহযাত্রী,NOUN,সাথে যাত্রা করেন যে ব্যাক্তি|| সহযাত্রী যদি চেনাজানা হহয় তাহলে যাত্রায় বেশ আনন্দ পাওয়া যায়,a traveler who accompanies you,"A person who travels with someone, especially if they are familiar, often enhancing the journey with shared experiences.",0.8108
tiny-aya-global,Bengali,23236,কৃত্রিম রুপে,ADVERB,প্রাকৃতিক রূপে না হয়ে কৃত্রিম রূপে|| এই অবস্হা কৃত্রিম ভাবে বানানো হয়েছে,"not according to nature; not by natural means; ""artificially induced conditions""",in an artificial manner,0.4517
tiny-aya-global,Bengali,35655,এক আঁটি পাতা,NOUN,পাতার সমষ্টি||সকালে কিছু না খেয়ে এক আঁটি নিমপাতা খাওয়া উচিত,any number of entities (members) considered as a unit,A bundle of leaves,0.2656
tiny-aya-global,Bengali,12140,পুনর্বাসন,NOUN,উদ্বাস্তু লোকেদের আবার জায়গা দেওয়া অথবা আবাদ করার প্রক্রিয়া|| নর্মদা বাঁধ পরিকল্পনার দ্বারা প্রভাবিত মানুষদের পুনর্বাসন করা হচ্ছে,the transportation of people (as a family or colony) to a new settlement (as after an upheaval of some kind),"The process of resettling or rehabilitating displaced individuals, particularly in the context of the Narmada Dam project.",0.5876
tiny-aya-global,Bengali,24746,কম-বেশী,ADVERB,কম বা বেশী|| কিছু সমস্যা কম-বেশী সব মানুষের জীবনেই আসে,"(of quantities) imprecise but fairly close to correct; ""lasted approximately an hour""; ""in just about a minute""; ""he' s about 30 years old""; ""I' ve had about all I can stand""; ""we meet about once a month""; ""some forty people came""; ""weighs around a hundred pounds""; ""roughly $3,000""; ""holds 3 gallons, more or less""; ""20 or so people were at the party""",A little or a lot; to some extent.,0.4283
tiny-aya-global,Bengali,24868,কৃষ্ণা জেলা,NOUN,অন্ধ্রপ্রদেশের একটি জেলা || কৃষ্ণা জেলার প্রধান কার্যালয় মচিলীপটনমে অবস্থিত,a region marked off for administrative or other purposes,"The English definition is: **Krišna District** is a district in the Indian state of Andhra Pradesh, with its administrative headquarters located in Machilipatnam.",0.2917
tiny-aya-global,Bengali,2991,দুনলী বন্দুক,NOUN,দুটো নল বা নলওয়ালা বন্দুক || সিপাই দুনলী বন্দুক দিয়ে একটা চোর মেরা ফেলল,a weapon that discharges a missile at high velocity (especially from a metal tube or barrel),"A type of gun with two tubes or a tube-like barrel, commonly used by soldiers.",0.726
tiny-aya-global,Bengali,20034,বেগুনি রঙ,NOUN,একটি রঙ যা নিলচে বেগুনি হয়||চিত্রকার চিত্রের অধিকাংশ অংশে বেগুনি রঙ করেছে।,a purple color or pigment,A purple or violet color.,0.5843
tiny-aya-global,Bengali,1567,নিয়ম পালন,NOUN,নিয়মের পালন|| নিয়ম পালনের দ্বারাই স্থিরতা বজায় থাকে এবং সমাজ উন্নতির পথে অগ্রসর হয়,"compliance with formal rules; ""courtroom formality""",Upholding rules ensures stability and drives societal progress.,0.4727
tiny-aya-global,Bengali,7783,বাসি খাবার,NOUN,বাসি খাবার||শ্রমিক বাসি খাবার খেয়ে কাজে চলা গেল,the food served and eaten at one time,Expired food,0.4967
tiny-aya-global,Bengali,1671,ভেঙ্গে যাওয়া,NOUN,ভেঙ্গে যাওয়ার ক্রিয়া বা ভাব|| ভেঙ্গে যায় বলে মাটির বাসনগুলি সামলে রাখি/খেলনা ভেঙ্গে যাওয়াই বাচ্চাটির কান্নার কারণ,"the act of breaking something; ""the breakage was unavoidable""","To break or be broken, often referring to objects like pottery or toys that have shattered, which can cause distress or tears in children.",0.5847
tiny-aya-global,Bengali,4539,জালান্ধর,NOUN,এক অসূর যে সমুদ্র থেকে উতপন্ন হয়েছিলেন ও যাকে ভগবান বিষ্ণু বধ করেছিলেন || জালান্ধরের স্ত্রী বৃন্দা একজন পতিব্রতা নারী ছিলেন,one of the evil spirits of traditional Jewish and Christian belief,"The Jalaadhara is a mythological sea serpent born from the ocean, slain by Lord Vishnu. His wife, Vrinda, is depicted as a virtuous and devoted woman.",0.299
tiny-aya-global,Bengali,22339,নগ্ন করানো,VERB,শরীরের থেকে বস্ত্র উন্মোচন করা|| মা বাচ্চাকে চান করাবার জন্য নগ্ন করাচ্ছে,"lay bare; ""denude a forest""","To undress someone, typically by removing their clothes, often in a specific context such as a mother forcing her child to undress.",0.2257
tiny-aya-global,Bengali,22991,বোকারো,NOUN,ভারতের ঝারখণ্ড রাজ্যে অবস্থিত একটি শহর||বোকারো ইস্পাত উদ্যোগের জন্য বিখ্যাত।,"a large and densely populated urban area; may include several independent administrative districts; ""Ancient Troy was a great city""","A city in Jharkhand, India, renowned for its steel industry and associated manufacturing operations.",0.2676
tiny-aya-global,Bengali,31997,যবীনর,NOUN,"পৌরাণিক রাজা ভৃম্যশ্বের পাঁচ পুত্রের মধ্যে একজন||বায়ু,মত্স্য, অগ্নি ইত্যাদি পুরাণে যবীনরের বর্ণনা পাওয়া যায়",an imaginary being of myth or fable,"The son of the ancient king Vrihastha, known for his five brothers and his association with the elements of wind, fish, and fire in Hindu mythology.",0.3539
tiny-aya-global,Bengali,21483,কোলী জাতি,NOUN,হিন্দু তাঁতিদের একটা জাতি||কোলী জাতি অনুসূচিত জাতির অন্তর্গত।,(Hinduism) a Hindu caste or distinctive social group of which there are thousands throughout India; a special characteristic is often the exclusive occupation of its male members (such as barber or potter),"A community of Hindu weavers, classified as a scheduled caste.",0.7349
tiny-aya-global,Bengali,11258,বাতানুকূল যন্ত্র,NOUN,একটি যন্ত্র যার দ্বারা পারিপার্শ্বিক স্থানকে ঠাণ্ডা এবং শুষ্ক করা হয়|| আমাদের ঘরের বাতানুকূল যন্ত্রটি খারাপ হয়ে গেছে,a system that keeps air cool and dry,"An air conditioning unit that cools and dehumidifies the surrounding environment, often found in homes.",0.7924
tiny-aya-global,Bengali,5604,শীকর,NOUN,উপর থেকে পড়া জলের খুব ছোট ছিটে|| ফোঁটা পড়ছে,a light shower that falls in some locations and not others nearby,A small drop of water falling from above.,0.5939
tiny-aya-global,Bengali,23737,চুপ করে থাকা,NOUN,মনোভাব ইত্যাদিকে নিয়ন্ত্রিত রাখার প্রক্রিয়া|| মা সকাল থেকে চুপ করে ছিল আর বাবা আসতেই ফেটে পড়ল,"the of act controlling by restraining someone or something; ""the unlawful restraint of trade""","The act of maintaining composure or self-control, often involving restraining one's emotions or reactions.",0.4804
tiny-aya-global,Bengali,35147,গ্যাস স্টেশন,NOUN,যে স্থানে গ্যাস বিক্রি হয় বা যেখানে গাড়ি ইত্যাদিতে গ্যাস ভরা হয়||আজকে গ্যাস স্টেশনে একটা দুর্ঘটনা ঘটেছে।,a service station that sells gasoline,A place where gas is sold or where vehicles are refueled with gas.,0.8575
tiny-aya-global,Bengali,1794,ছাত্র,NOUN,সেই ব্যক্তি যিনি বিদ্যা অধ্যয়ন করেন|| এই শ্রেণীতে পঁচিশজন ছাত্র রয়েছে,a learner who is enrolled in an educational institution,"A student is a person who studies or learns, typically in an educational setting.",0.7509
tiny-aya-global,Bengali,518,মানবিক,ADJECTIVE,যা মানব সম্বন্ধীয়|| অন্যকে সাহায্য করা একটি মানবিক কাজ,"characteristic of humanity; ""human nature""",Humanitarian,0.5346
tiny-aya-global,Bengali,21516,কেসর আম,NOUN,কেসর আমের গাছ||এবারে কেসর আমের ফলন ভালো হয়েছে।,large evergreen tropical tree cultivated for its large oval fruit,The English definition is: **A cashew tree** or **cashew fruit**.,0.5298
tiny-aya-global,Bengali,2065,গালী,NOUN,নিন্দা বা কলঙ্কের কথা|| সে নিজের লোকেদেরই গালী দিচ্ছে/গালাগাল নীচু মানসিকতার প্রতীক,a defamatory or abusive word or phrase,"A slur or insult, often directed at one's own people, symbolizing lowly mental attitudes.",0.7209
tiny-aya-global,Bengali,16079,কাফি,NOUN,একটি রাগ||সুফি গায়ক গাওয়ার আগে কাফি সম্পর্কে বলছেন,any of various fixed orders of the various diatonic notes within an octave,"A spiritual or mystical experience, often associated with Sufi music, where a singer prepares to perform by reciting or meditating on sacred verses or prayers.",0.133
tiny-aya-global,Bengali,5843,ঝাড়াই করা,VERB,শস্যদানা হাওয়ায় উড়িয়ে ভুসি থেকে শস্যদানা আলাদা করা|| গোলাঘরে কৃষক শস্যদানা ঝাড়ছে,"separate the chaff from by using air currents; ""She stood there winnowing chaff all day in the field""",To comb or separate grain from husks by shaking or brushing.,0.3088
tiny-aya-global,Bengali,14961,সুভদ্রা,NOUN,অর্জুনের একজন স্ত্রী||সুভদ্রা কৃষ্ণ এবং বলরামের ভগ্নী ছিলেন,an imaginary being of myth or fable,Satyavati,0.2838
tiny-aya-global,Bengali,28455,প্রোটেস্টান্ট,NOUN,প্রোটেস্টান্ট চার্চ এবং বিশেষ খ্রীষ্টান সম্প্রদায়ের সমষ্টি বা সামগ্রিক ভাবে সকল প্রোটেস্টান্ট চার্চ এবং বিশেষ খ্রীষ্টান সম্প্রদায়||জন প্রোটেস্ট্যান্টের সদস্য,the Protestant churches and denominations collectively,"A Protestant is a member of a Christian denomination that emphasizes individual interpretation of the Bible and reformed theology, distinct from Catholicism and Eastern Orthodoxy.",0.6422
tiny-aya-global,Bengali,1788,হস্ত পরিধান,NOUN,হাতে পরার এক ধরনের পরিধান || দস্তানা হল এক ধরনের হস্ত পরিধান,clothing for the hands,"A type of garment worn on the hands, often used for protection or fashion.",0.6822
tiny-aya-global,Bengali,13430,লবণ,NOUN,একটি যৌগ যা অম্লের হাইড্রোজেনের ধাতু দ্বারা প্রতিস্থাপিত হওয়ার পর উত্পন্ন হয় || সোডা একপ্রকার লবণ,a compound formed by replacing hydrogen in an acid by a metal (or a radical that acts like a metal),A salt is a chemical compound formed when a metal displaces a hydrogen atom from an acid.,0.6891
tiny-aya-global,Bengali,929,চার দিকে,ADVERB,প্রত্যেক দিশায়|| শিকাগো সম্মেলনের পর স্বামী বিবেকানন্দের খ্যাতি চার দিকে ছড়িয়ে পড়ল,"to or in any or all places; ""You find fast food stores everywhere""; ""people everywhere are becoming aware of the problem""; ""he carried a gun everywhere he went""; ""looked all over for a suitable gift""; (`everyplace'  is used informally for `everywhere' )",in all directions,0.2579
tiny-aya-global,Bengali,13426,ঘন্টাঘর,NOUN,সেই উঁচু মিনার যাতে লাগানো ঘড়ি চার দিক থেকে অনেক দূর পর্যন্ত দেখা যায় এবং যার ঘন্টা দূর পর্যন্ত শোনা যায় || ঘন্টাঘর থেকে আসা আওয়াজে আমার ঘুম ভেঙ্গে গেল,a bell tower; usually stands alone unattached to a building,"A tower with a clock installed at its top, visible from a great distance in all directions and whose chimes can be heard from afar. The sound from the clock tower woke me up.",0.7338
tiny-aya-global,Bengali,20099,রেঞ্চ,NOUN,"একটি হস্তোপকরণ যা দিয়ে নাট,বল্টু ইত্যাদি কষে লাগানো হয়||শ্যাম রেঞ্চ দিয়ে নাট কষে লাগাচ্ছে",a hand tool that is used to hold or twist a nut or bolt,A tool used for tightening or loosening nuts and bolts.,0.8655
tiny-aya-global,Bengali,9973,লসিকা,NOUN,"লসিকা বাহিনী এবং গ্রন্থীতে অবস্থিত একপ্রকার রঙিন, ফিনফিনে, স্বচ্ছ ক্ষারযুক্ত তরল পদার্থ||লসিকা কোষগুলি লসিকার কোষীয় ঘটক হয়",a thin coagulable fluid (similar to plasma but) containing white blood cells (lymphocytes) and chyle; is conveyed to the blood stream by lymphatic vessels,"A clear, gel-like, and slightly alkaline liquid found in the bile and gallbladder, composed of bile salts and other substances.",0.4559
tiny-aya-global,Bengali,24620,যথাপূর্বক,ADVERB,আগের মত বা যেরকম প্রথমে ছিল সেরকম|| কিছু পরম্পরার মূল্য আজও যথাপূর্বক রয়েছে,"in the original or natural place or site; ""carcinoma in situ""; ""the archeologists left the pottery in place""",As before or in the same manner as previously; in the same way as originally.,0.3469
tiny-aya-global,Bengali,29403,অগ্নিবর্ণ,NOUN,একজন রঘুবংশী যিনি রামের পূর্বপুরুষ ছিলেন||অগ্নিবর্ণ সুদর্শনের পুত্র ছিলেন,an imaginary being of myth or fable,"A son of Sudharma, the son of Agni, and the ancestor of Rama, a Raghuvanshi king.",0.1808
tiny-aya-global,Bengali,34187,ভিক্টোরিয়ান যুগ,ADJECTIVE,মহারাণী ভিক্টোরিয়ার সময়কালের বা তার সঙ্গে সম্পর্কিত|| এই ভবনটি ভিক্টোরীয় যুগের স্থাপত্যকলার একটি সুন্দর নিদর্শন,"of or relating to Queen Victoria of Great Britain or to the age in which she ruled; ""Victorian morals""",Victorian era,0.4947
tiny-aya-global,Bengali,11590,চেপে যাওয়া,VERB,কোনো বস্তুতে চাপ পরা|| আমার আঙুল শাটারে চেপে গেছে,"place between two surfaces and apply weight or pressure; ""pressed flowers""",to press or apply pressure on something,0.6325
tiny-aya-global,Bengali,18421,ক্রোমোজোম,NOUN,কোষের কেন্দ্রে অবস্থিত সুতোর ন্যায় একটি গঠন||ক্রোমোজোম বংশগতির বৈশিষ্ট্যগুলোকে সন্তানদের মধ্যে সঞ্চারিত করে,a threadlike body in the cell nucleus that carries the genes in a linear order,"A chromosome is a thread-like structure found in the nucleus of a cell, containing genetic material that is passed from parents to offspring, determining inherited traits.",0.6685
tiny-aya-global,Bengali,14628,পাদানি,NOUN,পা রাখার বস্তু বা স্থান||পাদানির সুবিধা থাকলে পা এর আরাম হয়,a low seat or a stool to rest the feet of a seated person,"The object or place where one places their feet, providing comfort and support.",0.677
tiny-aya-global,Bengali,11004,সর্বশ্রেষ্ঠ,ADJECTIVE,যা সর্বোত্তম বা শ্রেষ্ঠ|| মনোজ বিদ্যালয়ের সর্বশ্রেষ্ঠ ছাত্র,"(superlative of `good' ) having the most positive qualities; ""the best film of the year""; ""the best solution""; ""the best time for planting""; ""wore his best suit""",The ultimate or best of its kind; the most outstanding or superior.,0.5332
tiny-aya-global,Bengali,29689,বনস্পতি রোগ,NOUN,বনস্পতিতে হওয়া একপ্রকার রোগ||ফসলের কয়েক প্রকার বনস্পতি রোগ হওয়ার সম্ভাবনা থাকে,a disease that affects plants,"A plant disease caused by fungi, which can affect crops and cause several types of fungal infections.",0.8027
tiny-aya-global,Bengali,21249,ভীমরথ,NOUN,একজন অসুর||ভীমরথকে বিষ্ণু কুর্ম অবতার নিয়ে মেরেছিলেন।,one of the evil spirits of traditional Jewish and Christian belief,"A chariot pulled by a giant bull, associated with the Hindu god Vishnu in his Kurma avatar.",0.2883
tiny-aya-global,Bengali,26700,বর্তমান কাল,NOUN,ব্যাকরণে সেই কাল যা বর্তমান সময়ের ক্রিয়া বা অবস্হা প্রকাশ করে|| আজ গুরু মহাশয় বর্তমান কাল সম্পর্কে সবিস্তারে বলেছেন,a verb tense that expresses actions or states in the future,"The present tense, a grammatical term in Bengali, refers to the verb form that indicates actions or states happening in the current moment.",0.7401
tiny-aya-global,Bengali,27914,উতথ্য,NOUN,একজন পৌরাণিক ঋষি যিনি অঙ্গিরা ঋষির পুত্র ছিলেন||দীর্ঘতমা নামক ঋষি উতথ্যের পুত্র ছিলেন,a mentor in spiritual and philosophical topics who is renowned for profound wisdom,"The son of Angira Rishi, Utthya is a legendary sage in Hindu mythology, known for his contributions to Vedic literature and his role in the lineage of great rishis.",0.43
tiny-aya-global,Bengali,28294,শট,NOUN,কোনো বিস্ফোরণের জন্য একবারে ব্যবহৃত বিস্ফোরক মাত্রা||শট শেষ হয়ে গেছে,an explosive charge used in blasting,A single charge of explosive used in a single blast.,0.8507
tiny-aya-global,Bengali,32232,অষ্টী,NOUN,একটা রাগিনী||অষ্টি দীপক রাগের রাগিনী,any of various fixed orders of the various diatonic notes within an octave,an eight-stringed instrument used in classical music,0.4531
tiny-aya-global,Bengali,27616,পশ্চিম,NOUN,সেই প্রধান দিকসূচক বিন্দু যা দুশো সত্তর ডিগ্রীতে থাকে|| পশ্চিম সবসময় পশ্চিম দিকেই থাকে,the cardinal compass point that is a 270 degrees,"The English definition of the Bengali word ""পশ্চিম"" (West) is: **The western direction or the region lying in the west.**",0.1254
tiny-aya-global,Bengali,6071,ফেলা,VERB,"ভেজা বস্তুর পিণ্ড উপর থেকে ঢালা,রাখা বা জমা করা|| কৃষক নিজের কাঁচা বাড়ির দেওয়ালের উপর মাটি ফেলছে",apply a heavy coat to,"To pour, pour out, or pour up (liquid or material) from a height or container; to heap or accumulate (material); to deposit or store (material).",0.3212
tiny-aya-global,Bengali,2536,আটকামো,ADJECTIVE,যা আটকে গেছে|| দীপক গাছে আটকানো ঘুড়িটিকে নামাচ্ছে,"twisted together in a tangled mass; ""toiled through entangled growths of mesquite""",trapped,0.4012
tiny-aya-global,Bengali,5283,বসন্তরোগ,NOUN,"এমন সংক্রামক রোগ যাতে সারা শরীরে দানা বেড়িয়ে যায় || মার্চ, এপ্রিল মাসে বসন্তরোগের বেশি প্রকোপ থাকে",a highly contagious viral disease characterized by fever and weakness and skin eruption with pustules that form scabs that slough off leaving scars,"A contagious disease characterized by the appearance of nodules or bumps across the body, particularly prevalent during the spring months of March and April.",0.6802
tiny-aya-global,Bengali,11671,সাজসজ্জা,NOUN,অলংকৃত করা অথবা সাজানোর যে ক্রিয়া|| রাজকুমারের রাজ্যাভিষেকের অনুষ্ঠানে রাজমহলের সাজসজ্জা দেখার মত হয়েছিল,the act of adding extraneous decorations to something,"The act of decorating or adorning, often referring to the ornate preparations associated with a royal event, such as a state installation ceremony.",0.651
tiny-aya-global,Bengali,16166,বিহাগরা,NOUN,সম্পূর্ণ জাতির একটি রাগ||বিহাগরায় সব শুদ্ধ স্বর ব্যবহৃত হয়,any of various fixed orders of the various diatonic notes within an octave,"A group or assembly of people, often used metaphorically to represent a community or nation.",-0.0336
tiny-aya-global,Bengali,4640,খালিফা,NOUN,মহম্মদ সাহেবের উত্তরাধিকার য়াকে সমস্ত মুলনমানদের সর্বপ্রধান নেতা বলে গন্য করা হত || খালিফাকে মহম্মদ সাহেবের প্রতিনিধি হিসাবে মানা হয়,"the civil and religious leader of a Muslim state considered to be a representative of Allah on earth; ""many radical Muslims believe a Khalifah will unite all Islamic lands and people and subjugate the rest of the world""","The English definition is: **""The successor or representative of the Prophet Muhammad, revered as the supreme leader of Muslims.""**",0.7419
tiny-aya-global,Bengali,3810,আশাহীন,ADJECTIVE,যার আর আশা নেই|| মহেশ খুব সহজেই হতাশ হয়ে যে কোনো কাজেই হার মেনে নেয়,"without or almost without hope; ""despondent about his failure""; ""too heartsick to fight back""",hopeless,0.2991
tiny-aya-global,Bengali,1406,দেবকী,NOUN,বাসুদেবের পত্নী যার গর্ভে কৃষ্ণ জন্মগ্রহণ করেছিলেন|| দেবকী কংসের বোন ছিল,an imaginary being of myth or fable,"Devaki, the wife of Vasudeva, in Hindu mythology, is the mother of Krishna, who was born in her womb. She is also the sister of Kansa.",0.218
tiny-aya-global,Bengali,27598,কসরত করানো,VERB,কারওকে কসরত করায় প্রবৃত্ত করা|| ও নিজের বাচ্চাকে দিয়ে কসরত করাচ্ছে,"give a workout to; ""Some parents exercise their infants""; ""My personal trainer works me hard""; ""work one' s muscles""","To compel or force someone to perform an effort or task, often through pressure or coercion.",0.3929
tiny-aya-global,Bengali,35735,লকার,NOUN,বাক্সের মতো এক আধার যাতে দামী বস্তু রাখা হয়||সেঠজী নিজের সব পয়সা লকারে রাখে,a storage compartment for clothes and valuables; usually it has a lock,A secure container or box used to store valuable items.,0.8013
tiny-aya-global,Bengali,21677,ম্যানিলা,NOUN,ফিলিপিন্সের রাজধানী||ম্যানিলা ফিলিপিন্সের সবচেয়ে বড়ো শহর,the capital and largest city of the Philippines; located on southern Luzon,The capital and largest city of the Philippines.,0.9477
tiny-aya-global,Bengali,20497,অপরাধপ্রবণতা,ADJECTIVE,যে স্বভাবেই অপরাধী হয় বা অপরাধ করতে প্রবৃত্ত হয়|| ধ্যান অপরাধপ্রবণতা দূর করে,"involving or being or having the nature of a crime; ""a criminal offense""; ""criminal abuse""; ""felonious intent""",Tendency to commit crimes or criminal behavior.,0.6541
tiny-aya-global,Bengali,22837,হয়গ্রীব,NOUN,"তান্ত্রিক বৌদ্ধদের একজন দেবতা||তান্ত্রিক, হয়গ্রীবের উপাসনায় মেতে ছিলেন।",any supernatural being worshipped as controlling some part of the world or some aspect of life or who is the personification of a force,"A form of Shiva worshipped by Tantric Buddhists, often depicted with a disheveled appearance.",0.3498
tiny-aya-global,Bengali,20996,কেশিনী,NOUN,একজন অপ্সরা||কেশিনীর ব্রণনা পুরাণে পাওয়া যায়।,"(classical mythology) a minor nature goddess usually depicted as a beautiful maiden; ""the ancient Greeks believed that nymphs inhabited forests and bodies of water""","A celestial nymph or apsara, a figure from Hindu mythology often depicted with flowing hair, associated with the epic Purana.",0.6231
tiny-aya-global,Bengali,10871,সেবন করা,VERB,খাওয়া বা পান করা|| তিনি প্রতিদিন মাদক দ্রব্য সেবন করেন,"take or consume (regularly or habitually); ""She uses drugs rarely""","To consume or ingest something, typically through eating or drinking.",0.4794
tiny-aya-global,Bengali,20149,যোগান,NOUN,কোনো বস্তু ইত্যাদির অভাব মেটানোর জন্য তা পাঠানোর বা দেওয়ার প্রক্রিয়া|| এই শহরে বিদ্যুতের যোগান কম হয়ে গেছে,the activity of supplying or providing something,The process of sending or providing something to meet a need or requirement.,0.7831
tiny-aya-global,Bengali,16286,দুর্বোধ্য,ADJECTIVE,যা সম্পূর্ণভাবে বা সহজে বোঝা যায় না|| এই দুর্বোধ্য ধআঁধা কে সমাধান করবে,"not fully understood; ""an uncomprehended mystery""","Impenetrable or incomprehensible, referring to something that is so complex or obscure that it cannot be easily understood.",0.6518
tiny-aya-global,Bengali,28575,প্রিয়ম্বদা,NOUN,শকুন্তলার একজন সখী||ধর্মগ্রন্থে প্রিয়ম্বদার বর্ণনা পাওয়া যায়,an imaginary being of myth or fable,"A companion of Shakuntala, mentioned in a religious text.",0.4079
tiny-aya-global,Bengali,21103,তাজিকিস্তানি,NOUN,তাজিকিস্তানের মূল নিবাসী||অনেক তাজিকিস্তানিকে আমি চিনি,a native or inhabitant of Tajikistan and neighboring areas of Uzbekistan and Afghanistan and China,Tajik people,0.3944
tiny-aya-global,Bengali,19276,সুইডেন,NOUN,উত্তর পূর্ব ইউরোপের একটি দেশ||সুইডেনের রাজধানী স্টকহোম,a Scandinavian kingdom in the eastern part of the Scandinavian Peninsula,"A country in Northern Europe, known for its rich history, stunning landscapes, and high standard of living.",0.6211
tiny-aya-global,Bengali,22782,প্রাণাগ্নি-হোত্র উপনিষদ,NOUN,একটি উপনিষদ||প্রাণাগ্নি-হোত্র উপনিষদ যজুরবেদের সাথে সম্পর্কিত।,"a later sacred text of Hinduism of a mystical nature dealing with metaphysical questions; ""the Vedanta philosophy developed from the pantheistic views of the Upanishads""","The Puranagni-Hotra Upanishad is a Vedic text associated with the Yajur Veda, offering insights into ancient Indian philosophy and rituals.",0.8013
tiny-aya-global,Bengali,15453,মিষ্টি আলুর গাছ,NOUN,মাটির উপর ছড়িয়ে থাকা এক প্রকার লতা যাতে মিষ্টি আলু হয়||জমিতে কৃষক মিষ্টি আলুর গাছে কীটনাশক ওষুধ ছড়াচ্ছে,pantropical vine widely cultivated in several varieties for its large sweet tuberous root with orange flesh,"A vine plant that grows on the ground and produces sweet potatoes, often cultivated by farmers with pesticides.",0.603
tiny-aya-global,Bengali,7907,লজ্জাশীলতা,NOUN,লজ্জা পাওয়ার অবস্থা বা ভাব|| লজ্জাশীলতার ফলে সে কারও সাথে খুলে কথা বলতে পারে না,a feeling of fear of embarrassment,"The state or feeling of being ashamed, which prevents one from openly communicating with others.",0.7551
tiny-aya-global,Bengali,19391,চেক,ADJECTIVE,চেক ভাষার সঙ্গে সম্পর্কিত বা চেক ভাষার|| দূতাবাসে চেক বইএর প্রদর্শনী হচ্ছে,"of or relating to Czechoslovakia or its people or their language; ""The Czech border""; ""Czechoslovak nationalists""; ""The Czechoslovakian population""",pertaining to or connected with the Czech language or culture,0.8162
tiny-aya-global,Bengali,16886,বাহারনশাখ,NOUN,একটি রাগ||সঙ্গীতজ্ঞ বাহারনশাখ রাগ সম্পর্কে বলছিলেন,any of various fixed orders of the various diatonic notes within an octave,"A musical note or scale, referring to a specific pattern of sound in Indian classical music.",0.4862
tiny-aya-global,Bengali,26427,হাওয়াযুক্ত,NOUN,শুদ্ধবায়ু সঞ্চারিত হওয়া বা বাতাসযুক্ত হওয়ার প্রক্রিয়া || হাওয়াযুক্ত হওয়ার কারণে ভ্যাপসা গরম থেকে মুক্তি পাওয়া যায়,the act of supplying fresh air and getting rid of foul air,"The process of being filled with air or becoming airy, often referring to the release of pure or fresh air.",0.6408
tiny-aya-global,Bengali,4328,খণ্ডন করা,VERB,"কোনো মত,বিচার বা বক্তব্যকে ভুল প্রমাণ করা|| ও আমার বক্তব্যকে খণ্ডন করেছে","overthrow by argument, evidence, or proof; ""The speaker refuted his opponent' s arguments""","to disprove or refute a statement, opinion, or argument",0.7815
tiny-aya-global,Bengali,26362,মোটেল,NOUN,"একপ্রকার হোটেল যেখানে মোটরগাড়ীর যাত্রীদের জন্য বিশ্রাম নেওয়ার ব্যবস্থা থাকে || মোটেলে কার পার্কিং,রান্না ঘর ইত্যাদি থাকে",a motor hotel,"A type of hotel that provides accommodation for motor vehicle passengers, often including facilities such as parking, cooking areas, and other amenities.",0.3696
tiny-aya-global,Bengali,12199,দেওয়া,VERB,ভাড়ায় দেওয়া|| আমি নিজের বাড়ির অর্ধেক অংশ ভাড়া দিয়েছি,"grant use or occupation of under a term of contract; ""I am leasing my country estate to some foreigners""",Given,0.2645
tiny-aya-global,Bengali,27659,প্রস্তাবনা,NOUN,"প্রস্তাবনা, পরিচয় ইত্যাদির প্রারম্ভিক ভাগ|| প্রস্তাবনায় মূল বিষয়ের বর্ণনা আছে","the initial part of the introduction; ""the opening established the basic theme""","A proposal is the initial section of a document, identity, or context that introduces the main subject and provides its description.",0.5786
tiny-aya-global,Bengali,29624,পুরুমিল্ল,NOUN,একজন বৈদিক যুগের ঋষি||ঋগবেদে পুরুমিল্ল ঋষির বর্ণনা পাওয়া যায়,a mentor in spiritual and philosophical topics who is renowned for profound wisdom,A Vedic sage mentioned in the Rigveda.,0.5815
tiny-aya-global,Bengali,11068,পোটাশিয়াম,NOUN,"একটি হাল্কা, মোলায়েম ও রুপোর মতো সাদা ধাতব তত্ত্ব||পোটাশিয়াম খুব তাড়াতাড়ি অক্সিজেনযুক্তকৃত হয়ে যায়।",a light soft silver-white metallic element of the alkali metal group; oxidizes rapidly in air and reacts violently with water; is abundant in nature in combined forms occurring in sea water and in carnallite and kainite and sylvite,"Potashite is a light, soft, and silvery-white metallic ore. It rapidly oxidizes when exposed to oxygen.",0.5708
tiny-aya-global,Bengali,5502,সমাগম,NOUN,কোনও বিশেষ কাজের জন্য কিছু লোকের কোথাও একত্রিত হওয়ার ক্রিয়া || আমি সন্ত সমাগমে অংশগ্রহন করতে যাচ্ছি,"the social act of assembling; ""they demanded the right of assembly""",The gathering or assembly of people for a specific purpose.,0.5178
tiny-aya-global,Bengali,3876,জড়িয়ে পড়া,VERB,খারাপ অবস্থায় পড়া|| স্মিতা বাড়ি গিয়ে আমিও ওর পারিবারিক সমস্যায় জড়িয়ে পড়লাম,"place in a confining or embarrassing position; ""He was trapped in a difficult situation""","to become involved in or entangled in a situation, often with negative connotations of being drawn into someone else's troubles or difficulties.",0.5699
tiny-aya-global,Bengali,4407,যুবরাণী,NOUN,সেই মহিলা যে যুবরাজের পত্নী|| প্রাচীন কালে যুবরাণীরা উপযুক্ত সময়ে যুদ্ধক্ষেত্রেও ঝাঁপিয়ে পড়ত,the wife of a crown prince,"Princess of the royal family, particularly a female member of the royal lineage who is married to a prince. Historically, princesses were often active participants in warfare, leading troops in battle.",0.6865
tiny-aya-global,Bengali,2230,নিষ্কম্মা,ADJECTIVE,যে কোনও কাজ করে না|| নিষ্কম্মা ব্যক্তিকে সবাই দোষ দেয়,"lacking or characterized by lack of ambition or initiative; lazy; ""a shiftless student""; ""studied in a shiftless way""","One who does nothing, often blamed by others for their inaction.",0.5471
tiny-aya-global,Bengali,8727,শরবতি লেবু,NOUN,এক প্রকারের বড়ো লেবু||শরবতি লেবু ওষুধের রূপে প্রযুক্ত হয়,large pear-shaped fruit similar to grapefruit but with coarse dry pulp,A large lemon used in medicine.,0.5894
tiny-aya-global,Bengali,10147,সংস্কৃতি,NOUN,"কোনো ব্যক্তি, জাতি, রাষ্ট্র ইত্যাদির যা তার মন, রুচি, আচার-বিচার, কলা-কৌশল এবং সভ্যতার ক্ষেত্রে বৌদ্ধিক বিকাশের সূচক হয়|| বিদেশীরাও ভারতীয় সংস্কৃতির গুণগান করতে ক্ষান্ত হন না",all the knowledge and values shared by a society,"Culture refers to the collective customs, beliefs, values, and practices that define a society, nation, or group, reflecting their intellectual and artistic achievements and shaping their identity.",0.4747
tiny-aya-global,Bengali,33924,ইচ্ছামৃগ,NOUN,এক প্রকার রূপক নাটক যাতে চারটি অঙ্ক থাকে এবং যে নাটকে নায়িকা এবং নায়ককে দেবদেবী বলে মনে করা হয়||ইচ্ছামৃগয় প্রধান ভাবে নায়িকার বীরত্ব প্রদর্শিত হয়,"a theatrical performance of a drama; ""the play lasted two hours""","A type of Bengali drama with four acts, where the female and male characters are considered divine beings, and the female protagonist typically demonstrates bravery.",0.3878
tiny-aya-global,Bengali,733,ইশারা,NOUN,আঙ্গুল দিয়ে করা সংকেত || হরিশচন্দ্র ইশারায় আমাকে ডাকছে,the act of signaling by a movement of the hand,gesture,0.3213
tiny-aya-global,Bengali,21981,শালাবতী,NOUN,বিশ্বামিত্রের এক কন্যা||শালাবতীর ব্রণনা পুরাণে পাওয়া যায়।,an imaginary being of myth or fable,"Shalabhati is a name of a daughter of Vishnu in Hindu mythology, mentioned in the Purana.",0.2612
tiny-aya-global,Bengali,35111,মন্দা,NOUN,"গুণ, যোগ্যতা, তীব্রতা বা সামান্য অবস্থা ইত্যাদি কম হওয়ার অবস্থা||ইউরোপী বাজার থেকে আসা মন্দার খবরের কারণে ভারতীয় বাজার ও মন্দা হয়ে গেল।","the condition of being financially weak; ""the weakness of the dollar against the yen""","A decline in quality, capability, intensity, or degree; a recession or economic downturn.",0.4772
tiny-aya-global,Bengali,18115,অন্যোন্যবৃত্তি,NOUN,একের ওপর অন্যের প্রভাব||বাচ্চাদের মধ্যে অন্যোন্যবৃত্তি বেশি থাকে,"the effect of one thing (or person) on another; ""the influence of mechanical action""","Reciprocal relationship or mutual influence, often observed in children where actions and behaviors are interdependent.",0.5009
tiny-aya-global,Bengali,22827,যুদ্ধসামগ্রী,NOUN,যুদ্ধে ব্যবহৃত সামগ্রী|| যুদ্ধসামগ্রী দিয়ে ভর্তি যানবাহন ক্ষতিগ্রস্ত হয়ে গেছে,weapons considered collectively,war materials,0.4177
tiny-aya-global,Bengali,2121,কাব্যাত্মক,ADJECTIVE,যার কাব্যগুণ রয়েছে বা যা কবিত্বপূর্ণ|| তিনি কাব্যাত্মক ঢঙে নিজের বক্তব্য প্রদান করছেন,"characteristic of or befitting poetry; ""poetic diction""",Poetic in nature or style; characterized by poetic qualities or a poetic tone.,0.8227
tiny-aya-global,Bengali,499,আঞ্জনী,NOUN,চোখের পাতার ধারে হওয়া ফুস্কুরি|| আঞ্জনি হওয়ার ফলে তার চোখ ব্যাথা করছে,an infection of the sebaceous gland of the eyelid,"The English definition of the Bengali word ""আঞ্জনী"" is: **A condition where the eyes become swollen or inflamed, causing pain, often due to a rash or irritation on the eyelids.**",0.3549
tiny-aya-global,Bengali,29663,প্রতিযোগী,NOUN,যে কোনো ক্রিয়াকর্মে অংশগ্রহণ করে|| এই খেলায় অনেক প্রতিযোগী অংশগ্রহণ করে,someone who takes part in an activity,One who competes or participates in an activity or contest.,0.854
tiny-aya-global,Bengali,24127,লাসা,NOUN,তিব্বতের রাজধানী|| লাসা লামাদের পবিত্র স্হান,the sacred city of Lamaism; known as the Forbidden City for its former inaccessibility and hostility to strangers,Lhasa is the capital of Tibet and a sacred site for the Tibetan people.,0.5728
tiny-aya-global,Bengali,28836,এণ্টিবডি,NOUN,রক্তলসিকায় প্রাপ্ত একপ্রকার প্রোটিন পদার্থ||এণ্টিবডি কোনো বিশেষ এ্যাণ্টিজেনের প্রতিক্রিয়া স্বরূপ উত্পন্ন হয়,"any of a large variety of proteins normally present in the body or produced in response to an antigen which it neutralizes, thus producing an immune response","A protein produced by the immune system in response to a specific antigen, designed to neutralize or destroy it.",0.8733
tiny-aya-global,Bengali,34802,সাইবারক্রাইম,NOUN,কম্পিউটার ও ইন্টারনেটের ব্যবহার করে কোনও ব্যক্তিগত পরিচয় চুরি করা বা নিষিদ্ধ মাল বা স্টক বিক্রী বা অনিষ্টকারী প্রোগ্রাম দ্বারা কোনও কাজ নষ্ট করার জন্য করা উপরাধ||সাইবারক্রাইমে লিপ্ত ব্যক্তি ধরা পরেছে।,crime committed using a computer and the internet to steal a person' s identity or sell contraband or stalk victims or disrupt operations with malevolent programs,"Cybercrime refers to illegal activities conducted using computers and the internet, including identity theft, unauthorized stock trading, or malicious software that disrupts operations. Individuals involved in such activities are subject to legal consequences.",0.7377
tiny-aya-global,Bengali,31528,শ্রুতান্ত,NOUN,ধৃতরাষ্ট্রের এক পুত্র||ধর্মগ্রন্থে শ্রুতান্তের বর্ণনা পাওয়া যায়,an imaginary being of myth or fable,A son of Dhrishtadyumna mentioned in the religious texts.,0.3474
tiny-aya-global,Bengali,1038,তেঁতুল,NOUN,এক প্রকারের কাঁটাযুক্ত ফল যা টক বানানোর কাজে আসে|| তেঁতুলে ভিটামিন সি প্রচুর পরিমাণে পাওয়া যায়,large tropical seed pod with very tangy pulp that is eaten fresh or cooked with rice and fish or preserved for curries and chutneys,"A type of thorny fruit used in making pickles, rich in vitamin C.",0.5661
tiny-aya-global,Bengali,22196,ভস্মাসুর,NOUN,পুরাণে বর্ণিত এক দৈত্য||ভস্মাসুরকে শিব বর দিয়েছিলেন যে সে যার উপর হাত রাখবে সে ভস্ম হয়ে যাবে।,one of the evil spirits of traditional Jewish and Christian belief,"The Vamsasura, a demon from Hindu mythology, is known for his ability to turn anyone he touches into ashes.",0.3931
tiny-aya-global,Bengali,9132,দুষ্কর,ADJECTIVE,যা করা হল কঠিন|| হিমালয়ের ওপর চড়া হল বেশ দুঃসাধ্যের কাজ,"characterized by toilsome effort to the point of exhaustion; especially physical effort; ""worked their arduous way up the mining valley""; ""a grueling campaign""; ""hard labor""; ""heavy work""; ""heavy going""; ""spent many laborious hours on the project""; ""set a punishing pace""","A difficult or arduous task or feat, often requiring significant effort or overcoming substantial challenges.",0.7219
tiny-aya-global,Bengali,11152,সেন্সর বোর্ড,NOUN,সেই ব্যক্তি বা এমন ব্যক্তিদের সমূহ যা সিনেমায় দেখে বা পত্র-পত্রিকায় পড়ে তাদের অশ্লীল বা রাজনৈতিক ভাবে অস্বীকৃত অংশে নিষেধ আরোপ করে|| সেন্সর বোর্ড বহু চলচ্চিত্রের উপর নিষেধ আরোপ করেছে,a person who is authorized to read publications or correspondence or to watch theatrical performances and suppress in whole or in part anything considered obscene or politically unacceptable,"A regulatory body that censors or restricts the content of films and printed materials, particularly to remove obscene or politically sensitive material.",0.723
tiny-aya-global,Bengali,121,স্নেহ,NOUN,"নিজের থেকে ছোটো,সমবয়সী প্রভৃতিদের প্রতি হৃদয়ে থাকা প্রেম|| চাচা নেহেরু বাচ্চাদের খুব স্নেহ করতেন","a positive feeling of liking; ""he had trouble expressing the affection he felt""; ""the child won everyone' s heart""; ""the warmness of his welcome made us feel right at home""",Affection,0.1638
tiny-aya-global,Bengali,6235,দেওয়া,VERB,কারও কিছু হস্তগত করা|| অধ্যাপক ওকে পুরস্কার দিলেন,"transfer possession of something concrete or abstract to somebody; ""I gave her my money""; ""can you give me lessons?""; ""She gave the children lots of love and tender loving care""",to give,0.3808
tiny-aya-global,Bengali,3510,সমাধানযোগ্য,ADJECTIVE,যার সমাধান সম্ভব|| সমাধানযোগ্য মামলার নিষ্পত্তির জন্য আদালতে যাওয়ার দরকার নেই,"capable of being settled or resolved; ""all disputed points are potentially resolvable""; ""a resolvable quarrel""",able to be solved or settled without requiring a court case,0.5189
tiny-aya-global,Bengali,36223,বিদ্যাপতি,NOUN,কোনও রাজ দরবারের সবথেকে বড়ো বিদ্বান || রাজা বিদ্যাপতির পরামর্শ ছাড়া কোনও সিদ্ধান্ত নেন না,someone who has been admitted to membership in a scholarly field,"The term ""বিদ্যাপতি"" refers to the most learned or intelligent person in a royal court, often serving as the principal advisor to the king.",0.3537
tiny-aya-global,Bengali,23322,পঙ্কজিত্,NOUN,গরুড়ের এক পুত্র||পঙ্কজিতের বর্ণনা পুরাণে পাওয়া যায়।,an imaginary being of myth or fable,"The son of Garuda, mentioned in the Purana.",0.3419
tiny-aya-global,Bengali,35523,হোয়াইট হাউস,NOUN,মার্কিন যুক্তরাষ্ট্রের সেই সরকারি ভবন যা সেখানকার রাষ্ট্রপতির দপ্তর ও নিবাসস্থল||আজ ভারতীয় প্রধানমন্ত্রী হোয়াইট হাউসে মার্কিন রাষ্ট্রপতির সঙ্গে দেখা করবেন,the government building that serves as the residence and office of the President of the United States,"The White House is the official residence and workplace of the President of the United States, located in Washington, D.C.",0.7674
tiny-aya-global,Bengali,24610,বর্ধা জেলা,NOUN,মহারাষ্ট্রের একটি জেলা || বর্ধা জেলার কৃষকরা ঋণ শোধ করতে না পারার কারণে আত্মহত্যা করছে,a region marked off for administrative or other purposes,"The state of Maharashtra, India, is home to the district of Bardhaman, known for its agricultural significance and recent socio-economic challenges.",0.2373
tiny-aya-global,Bengali,11494,শেষ করে ফেলা,VERB,যেন-তেন-প্রকারেণ কোনো কাজকে শেষ করে ফেলা|| আমরা সন্ধ্যার মধ্যে এই কাজটা শেষ করে ফেলব,"come or bring to a finish or an end; ""He finished the dishes""; ""She completed the requirements for her Master' s Degree""; ""The fastest runner finished the race in just over 2 hours; others finished in over 4 hours""","to complete or finish something thoroughly, often with a sense of finality or urgency.",0.5014
tiny-aya-global,Bengali,36307,দূরত্ব,NOUN,দূরত্ব থাকার অবস্থা || আমাদের সম্পর্কে কোনও দূরত্ব নেই,"indifference by personal withdrawal; ""emotional distance""",The state of being apart or the distance between two points or entities.,0.5495
tiny-aya-global,Bengali,11801,মুগ্ধ,ADJECTIVE,মোহ অথবা ভ্রমে থাকা|| ভগবানের মোহিনী রুপ দেখে নারদ মোহিত হয়ে গেলেন,having your attention fixated as though by a spell,"To be captivated or enchanted, often by beauty, charm, or illusion.",0.6405
tiny-aya-global,Bengali,29244,জৈমিনী,NOUN,একজন ঋষি||জৈমিনী কিছু সুক্তও রচনা করেছিলেন,a mentor in spiritual and philosophical topics who is renowned for profound wisdom,A sage who composed certain sutras.,0.6339
tiny-aya-global,Bengali,3789,উপাদান,NOUN,এমন জিনিস যা প্রকৃতিতে উত্পাদিত হয়েছে বা মানুষ তৈরী করেছে|| আজকাল সব কোম্পানী বাজারে নিজেদের নতুন নতুন উপাদান আনছে,"an artifact that has been created by someone or some process; ""they improve their product every year""; ""they export most of their agricultural production""","The English definition of the Bengali word ""উপাদান"" is: **A substance or material, whether naturally occurring or man-made, often used in products or processes.**",0.4626
tiny-aya-global,Bengali,5583,জীবন,NOUN,জীবিত থাকার অবস্থা বা ভাব|| যতক্ষণ জীবন ততক্ষণ আশা,"the condition of living or the state of being alive; ""while there' s life there' s hope""; ""life depends on many chemical and physical processes""",The state or condition of being alive; the concept of life itself.,0.8307
tiny-aya-global,Bengali,24430,সরগুজা,NOUN,ছত্রিশগড়ের একটি শহর || সরগুজা জেলা আদিবাসী প্রধান ক্ষেত্র,a region marked off for administrative or other purposes,"The city of Sarojpura, located in the Chhota Nagpur district, is a significant area for the indigenous population.",0.2363
tiny-aya-global,Bengali,2637,অত্যল্প,ADJECTIVE,যা খুবই কম|| অত্যল্প বৃষ্টির জন্য ধান রোপন পিছিয়ে যাচ্ছে,"deficient in amount or quality or extent; ""meager resources""; ""meager fare""",extremely small; meager,0.3517
tiny-aya-global,Bengali,13521,কালি,NOUN,মা দূর্গার একটি রূপ যার শরীর আঁধার রাতের মত কালো এবং চুল এলোমেলো || নবরাত্রির সপ্তম দিন কালির পূজা করা হয়,"wife of Siva and malevolent form of Devi; ""the black""","The dark, mysterious, and fearsome form of the goddess Durga, often associated with the night and the destruction of evil.",0.5444
tiny-aya-global,Bengali,7985,সুশীলতা,NOUN,ভালো স্বভাব বা আচরণ|| সুশীলতা হল মহিলাদের অলঙ্কার,"acting in a manner that is gentle and mild and even-tempered; ""his fingers have learned gentleness""; ""suddenly her gigantic power melted into softness for the baby""; ""even in the pulpit there are moments when mildness of manner is not enough""","Civilization or refinement, often associated with moral and social conduct, particularly in the context of women as a symbol of grace and elegance.",0.3925
tiny-aya-global,Bengali,5686,ফারসি,NOUN,পারস দেশের ভাষা যা সংস্কৃত পরিবারের অন্তর্ভুক্ত || আমি ফারসি বলতে পারি,the language of Persia (Iran) in any of its ancient forms,"Persian language, a member of the Indo-Aryan language family, spoken in Iran and used in religious texts.",0.8541
tiny-aya-global,Bengali,7661,গর্ভপাত,NOUN,গর্ভের বাচ্চা পুরো সময়ের আগেই গর্ভ থেকে বের হয়ে যাওয়ার প্রক্রিয়া|| সিঁড়ি থেকে পড়ে যাওয়ার ফলে বউয়ের গর্ভপাত হয়ে গেল,"continuing forever without end; ""there are infinitely many possibilities""",The act of terminating a pregnancy before the fetus can survive outside the womb.,0.2375
tiny-aya-global,Bengali,8033,ত্রিপুরা,NOUN,ভারতের একটি ছোটো রাজ্য||ত্রিপুরার রাজধানী আগরতলা,"the territory occupied by one of the constituent administrative districts of a nation; ""his state is in the deep south""","A small Indian state, the capital of which is Agartala.",0.3828
tiny-aya-global,Bengali,32960,সম্মানদক্ষিণা,NOUN,পারির্শমিকের রুপে কাউকে সম্মানের রূপে দেওয়া ধন||পরিক্ষকদের পাঁচশো টাকা করে সম্মানদক্ষিণা দেওয়া হয়েছে।,a fee paid for a nominally free service,"A token of honor or respect, typically a small sum of money given as a gesture of acknowledgment or gratitude.",0.277
tiny-aya-global,Bengali,3706,স্বাস্থ্যকর,ADJECTIVE,স্বাস্থ্য প্রদান করে যে|| স্বাস্থ্যকর ভোজন গ্রহণ করলে যেকোনো রোগের হাত থেকে রক্ষা পাওয়া যায়,"conducive to good health of body or mind; ""a healthful climate""; ""a healthful environment""; ""healthful nutrition""; ""healthful sleep""; ""Dickens' s relatively healthful exuberance""",Promotes well-being; healthy.,0.6587
tiny-aya-global,Bengali,26722,গৌণ,ADJECTIVE,যে বাক্য রচনার দিক থেকে অসম্পূর্ণ|| যৌগিক বাক্যে এক বা অনেক গৌণ উপবাক্য হতে পারে,"(of a clause) unable to stand alone syntactically as a complete sentence; ""a subordinate (or dependent) clause functions as a noun or adjective or adverb within a sentence""","Secondary or subordinate, referring to a clause or phrase that is not the main clause in a compound sentence, often serving as a supporting element.",0.7286
tiny-aya-global,Bengali,34579,গুগল,NOUN,বিস্তারিত রূপে প্রযুক্ত একটি খোঁজ ইনজিন যা ব্যবহারকারীর খোঁজের সাথে সম্পর্কিত ও গুরুত্বপূর্ণ ওয়েব পেজ খোঁজার জন্য টেক্স্ট মেশিন প্রকরণ ব্যবহার করে||গুগল আমাদের কাজে অত্যধিক সাহায্য করে।,a widely used search engine that uses text-matching techniques to find web pages that are important and relevant to a user' s search,"Google, a widely used search engine that employs text machine processing to find relevant and important web pages based on user queries, significantly aids in various tasks.",0.785
tiny-aya-global,Bengali,13548,মনোনীত,ADJECTIVE,বেছে নেওয়া|| মনোনীত সদস্যদের পুরস্কার দেওয়া হবে,"subject to popular election; ""elective official""",chosen,0.3169
tiny-aya-global,Bengali,5451,মালা,NOUN,এক ধরনের মালা যা গলায় পরা হয় || মা নিজের মেয়ের জন্য মুক্তোর মালা কিনল,"a necklace made by a stringing objects together; ""a string of beads""; ""a strand of pearls"";","A necklace, typically worn around the neck, often made of beads or pearls.",0.7741
tiny-aya-global,Bengali,8086,বায়ুশুল,NOUN,বায়ুর প্রকোপে পেটে হওয়া এক ধরনের প্রবল পীড়া||সে বায়ুশুলে পীড়িত,acute abdominal pain (especially in infants),A severe pain in the abdomen caused by the force of the wind.,0.5751
tiny-aya-global,Bengali,32371,সুনামা,NOUN,কার্তিকেয়র এক অনুচর||সুনামার বর্ণনা পুরাণে পাওয়া যায়,an imaginary being of myth or fable,"The English definition of the Bengali word ""সুনামা"" is: **A demigod or a celestial being**, often associated with the Hindu epic *Mahabharata* and *Puranas*, known for their divine powers and roles in various mythological narratives.",0.4254
tiny-aya-global,Bengali,11722,করদ,ADJECTIVE,যার উপর কর অথবা শুল্ক লাগানো যায়|| সকলকে নিজেদের করদ সম্পত্তির বিবরণ দিতে হবে,"(of goods or funds) subject to taxation; ""taxable income""; ""nonexempt property""",one who is subject to taxation,0.6995
tiny-aya-global,Bengali,2234,মহুয়া,NOUN,একটি বৃক্ষ যার মিষ্টি ফুল থেকে মদ ও অন্য খাদ্যবস্তু তৈরী হয় || মহুয়ার কাঠি মানবের জন্য খুব উপকারি,a tall perennial woody plant having a main trunk and branches forming a distinct elevated crown; includes both gymnosperms and angiosperms,"A tree whose sweet flowers are used to produce wine and other food products, with its branches being particularly useful for humans.",0.5147
tiny-aya-global,Bengali,2154,কর্ণফুল,NOUN,কানের এক ধরনের গয়না || তার সোনার কর্ণফুল খুব সুন্দর ছিল,jewelry to ornament the ear; usually clipped to the earlobe or fastened through a hole in the lobe,"A type of ear ornament, often made of gold, worn as a decorative piece.",0.8517
tiny-aya-global,Bengali,14805,পশুচারণ করা,NOUN,পশুদের চরানোর কাজ|| মহেশ সারাদিন পশুচারণ করে,the act of grazing,to graze animals,0.395
tiny-aya-global,Bengali,31219,মণিগুণ,NOUN,একপ্রকার বর্ণবৃত্ত||মণিগুণের প্রত্যেক চরণে চার নগণ এবং একটি সগণ থাকে,(prosody) a system of versification,A type of gemstone with four minor and one major gemstones in each carat.,0.1983
tiny-aya-global,Bengali,27596,শুভকামনা দেওয়া,VERB,শুভকামনা দেওয়া|| সব বন্ধুরা তাকে জন্মদিনের শুভকামনা দিচ্ছে,"invoke upon; ""wish you a nice evening""; ""bid farewell""",to send well-wishes,0.5832
tiny-aya-global,Bengali,8297,ধ্যাণমগ্ন,ADJECTIVE,যিনি ধ্যাণে মগ্ন|| ধ্যাণমগ্ন ঋষির শরীর জর্জরিত হয়ে গেল,"deeply absorbed in thought; ""as distant and bemused as a professor listening to the prattling of his freshman class""; ""lost in thought""; ""a preoccupied frown""",deeply engrossed in meditation or absorption.,0.4715
tiny-aya-global,Bengali,6038,মাহোগনি,NOUN,এক ধরনের বড়ো গাছ যার কাঠ খুব শক্ত ও টেকশই হয় || মাহোগনির কাঠ দিয়ে সাজ-সজ্জার বস্তু বানানো হয়,any of various tropical timber trees of the family Meliaceae especially the genus Swietinia valued for their hard yellowish- to reddish-brown wood that is readily worked and takes a high polish,"Mahogany is a large tree species known for its extremely hard and durable wood, often used to craft decorative items.",0.6511
tiny-aya-global,Bengali,26721,মুখ্য,ADJECTIVE,যা বাক্য রচনার দিক থেকে সম্পূর্ণ এবং যাতে অন্তত একটা কর্ত্তা এবং একটা ক্রিয়া থাকে|| যৌগিক বাক্যে একটা মুখ্য উপবাক্য থাকে,"(of a clause) capable of standing syntactically alone as a complete sentence; ""the main (or independent) clause in a complex sentence has at least a subject and a verb""","The English definition of the Bengali word ""মুখ্য"" (adjective) is: **""Main"" or ""principal""**, referring to the primary or most important element in a sentence or context.",0.4153
tiny-aya-global,Bengali,32100,নৃগ,NOUN,মনূর এক পুত্র||নৃগের বর্ণনা পুরাণে পাওয়া যায়,an imaginary being of myth or fable,"The son of Manu, as described in the Purana.",0.3689
tiny-aya-global,Bengali,19358,সুবাহু,NOUN,রামোর ছোট ভাই শত্রুঘ্নের দুই পুত্রের মধ্যে একটি||সুবাহুর বর্ণনা ধার্মিক গ্রন্থে পাওয়া যায়।,an imaginary being of myth or fable,"The Bengali word ""সুবাহু"" (Sobah) refers to a son of Shurgan, the younger brother of Ram, as mentioned in the dharmic texts. It denotes a specific individual or a term related to a particular narrative or cultural context.",0.2662
tiny-aya-global,Bengali,9713,মেটে,ADJECTIVE,"মাটির রঙের|| ডাককর্মী,পুলিশ প্রভৃতিদের পোষাক মেটে রঙের হয়",of a yellowish brown color,earthy,0.5112
tiny-aya-global,Bengali,21402,শাল্বকিনী,NOUN,একটি পৌরাণিক নদী||শাল্বকিনীর বর্ণনা রামায়ণে পাওয়া যায়।,"a large natural stream of water (larger than a creek); ""the river was navigable for 50 miles""",A mythical river associated with the Ramayana.,0.4627
tiny-aya-global,Bengali,19613,লিথুয়ানিয়ান,ADJECTIVE,লিথুয়ানিয়ান ভাষার সঙ্গে সম্পর্কিত বা লিথুয়ানিয়ান ভাষার|| এখানে টলস্টয়ের রচনার লিথুয়ানিয়ান ভাষায় অনুবাদ পাওয়া যায়,of or relating to or characteristic of Lithuania or its people or language,pertaining to or associated with Lithuanian language,0.8702
tiny-aya-global,Bengali,3890,খুর,NOUN,নেড়া করার ছুরি || চুল কাটার সময় নাপিত খুর দিয়ে কানের পাশদুটো চেঁচে দিল,a razor with a straight cutting edge enclosed in a case that forms a handle when the razor is opened for use,razor,0.3221
tiny-aya-global,Bengali,16037,কর্ণাট,NOUN,সম্পূর্ণ জাতির একটি রাগ||কর্ণাটকে মেঘ রাগের পুত্র মনে করা হয়,any of various fixed orders of the various diatonic notes within an octave,"A complete national rag, the son of the Megh Raga",0.0283
tiny-aya-global,Bengali,23465,পুনরাবৃত্ত,ADJECTIVE,যা পুনরাবৃত্তি করা হয়েছে|| পুনরাবৃত্ত পাঠ আমার কন্ঠস্হ হয়ে গেছে,"recurring again and again; ""perennial efforts to stipulate the requirements""",repetitive,0.5484
tiny-aya-global,Bengali,36048,বিদেশ মন্ত্রক,NOUN,বিদেশ সম্পর্কিত কাজের দেখাশোনা করে যে মন্ত্রক || বিদেশ মন্ত্রকের কাজ সুচারূ রূপে চলছে,the government department in charge of foreign relations,The Ministry of Foreign Affairs oversees all matters related to international relations.,0.6004
tiny-aya-global,Bengali,4228,দুঃখদায়ী,ADJECTIVE,যা কষ্ট দেয়|| বার্ধক্য কষ্টকর হয়,"causing or marked by grief or anguish; ""a grievous loss""; ""a grievous cry""; ""her sigh was heartbreaking""; ""the heartrending words of Rabin' s granddaughter""",one who is sorrowful,0.3167
tiny-aya-global,Bengali,4897,গীত,NOUN,"সেই বাক্য,ছন্দ বা পদ যা গাওয়া হয়|| কে মধুর স্বরে এই গান শুরু করল?/এটা গানের বই","a short musical composition with words; ""a successful musical must have at least three good songs""","A song or poem intended for singing, often with a musical structure.",0.6261
tiny-aya-global,Bengali,11618,লঙ্ঘন করা,VERB,এপার থেকে ওপারে যাওয়া|| কয়েদী জেলের প্রাচীর লঙ্ঘন করল,"walk with long steps; ""He strode confidently across the hall""","To breach or violate a boundary, barrier, or rule.",0.1269
tiny-aya-global,Bengali,29897,শ্যেন ঋষি,NOUN,একজন পৌরাণিক ঋষি||ঋগবেদে শ্যেন ঋষির বর্ণনা পাওয়া যায়,a mentor in spiritual and philosophical topics who is renowned for profound wisdom,A legendary sage mentioned in the Rigveda.,0.5987
tiny-aya-global,Bengali,9454,পেষা,VERB,কোনও বস্তকে বেটে চূর্ণ করা|| সে গম পিষছে,"make into a powder by breaking up or cause to become dust; ""pulverize the grains""",To crush or grind a substance into a fine powder.,0.8056
tiny-aya-global,Bengali,8525,অস্ত্রাগার,NOUN,"অস্ত্র রাখার স্থান|| এই অস্ত্রাগার গোলা, বারুদ ইত্যাদিতে ভরা রয়েছে",a military structure where arms and ammunition and other military equipment are stored and training is given in the use of arms,"A place where weapons are stored, typically filled with ammunition, guns, or other military equipment.",0.8964
tiny-aya-global,Bengali,4581,গণ্ডার,NOUN,মোষের আকারের এক শক্ত ছালবিশেষ জংলী পশু || গণ্ডারের নাকের উপর শিং দেখা যায়,massive powerful herbivorous odd-toed ungulate of southeast Asia and Africa having very thick skin and one or two horns on the snout,"A large, herbivorous mammal native to Asia, known for its distinctive long trunk and large, curved horns on its snout.",0.7993
tiny-aya-global,Bengali,24065,চড়াই,ADJECTIVE,যার উপরে চড়া যায়|| আজ আমরা একটা চড়াই পাহাড়ে উঠব,"moving or going or growing upward; ""the ascending plane""; ""the ascending staircase""; ""the ascending stems of chickweed""","a steep or rugged ascent or climb, particularly up a mountain or hill.",0.5279
tiny-aya-global,Bengali,22226,লোহিত্যা,NOUN,এক অপ্সরা||লোহিত্যার ব্রণনা পুরাণে পাওয়া যায়।,"(classical mythology) a minor nature goddess usually depicted as a beautiful maiden; ""the ancient Greeks believed that nymphs inhabited forests and bodies of water""","The term ""লোহিত্যা"" (lohitya) refers to a type of bird or fowl, specifically a species of chicken, in Bengali folklore and mythology. It is associated with the legend of the apsara (celestial nymph) and is mentioned in ancient texts.",0.472
tiny-aya-global,Bengali,16153,প্রতীপ,NOUN,হস্তিনাপুরের একজন রাজা||প্রতীপ মহারাজ শান্তনুর পিতা ছিলেন,a prince or king in India,antagonist,0.4689
tiny-aya-global,Bengali,21331,সুন্দ,NOUN,রামের সেনার একটি বাঁদর||সুন্দের বর্ননা পুরাণে পাওয়া যায়।,an imaginary being of myth or fable,"A monkey from Ram's army, described in ancient texts.",0.3127
tiny-aya-global,Bengali,3514,শারীরিক ক্রিয়া,NOUN,সেই ক্রিয়া যা শরীর সম্পর্কিত|| চলা এক প্রকারের শারীরিক ক্রিয়া,"an organic process that takes place in the body; ""respiratory activity""","Physical activity refers to any movement or exercise that engages the body, promoting health and well-being.",0.4166
tiny-aya-global,Bengali,23054,দুর্বোধ্য,ADJECTIVE,যা বোধ করা সম্ভব নয়|| প্রকৃতিতে অনেক কিছুই দুর্বোধ্য আছে,"difficult to understand; ""the most incomprehensible thing about the universe is that it is comprehensible""- A. Einstein","Impenetrable, beyond comprehension, or ineffable.",0.6139
tiny-aya-global,Bengali,25058,বেরগড় জেলা,NOUN,উড়িষ্যার একটি জেলা || বারগড় জেলার প্রধান কার্যালয় বেরগড় জেলায় অবস্থিত,a region marked off for administrative or other purposes,"The district headquarters of Berga District, located in Odisha.",0.2398
tiny-aya-global,Bengali,27429,এম আর্ক,NOUN,বাস্তুকলার একটি উপাধি||শীলা এম আর্ক করছে,a degree granted for the successful completion of advanced study of architecture,A title given to a sculptor.,0.3382
tiny-aya-global,Bengali,9621,ভাগ করা,VERB,কোনও বস্তু ইত্যাদিকে অনেক ভাগে বিভক্ত করা|| চোররা চুরির জিনিস ভাগ করে নিল,"separate into parts or portions; ""divide the cake into three equal parts""; ""The British carved up the Ottoman Empire after World War I""",to divide into several parts or portions,0.5845
tiny-aya-global,Bengali,35726,হৃত্পিণ্ডের সমস্যা,NOUN,হৃদয়ের কাজ অতর্কিতে অনিয়মিত হওয়ার অবস্থা||ওনার ওই বছরেই দুবার হৃত্পিণ্ডের সমস্যা হয়েছে,a sudden severe instance of abnormal heart function,abnormal heart rhythm,0.5664
tiny-aya-global,Bengali,35744,অনুবর্তী সার্বজনিক নির্গম,NOUN,কোনও নিগমের দ্বারা বাজারে তার শেয়ার আগে থেকে থাকা সত্ত্বেও আবার জারি করার ক্রিয়া বা লোককে বিক্রি করার ক্রিয়া||আমাদের কম্পানির অনুবর্তী সার্বজনিক নির্গম এখনও আসেনি,a formal proposal to buy at a specified price,"The act of a company reissuing its shares after they were previously issued, or the act of selling shares to the public.",0.4321
tiny-aya-global,Bengali,2711,নীচের ঠোট,NOUN,নীচের ঠোঁট || নীচের ঠোট ও ওপরের ঠোঁটের দ্বারা প-বর্গ ধ্বনি উত্পন্ন হয়/রাজুর নীচের ঠোঁটটা কাটা,the lower lip,"The lower lip, a part of the mouth, used in speech to produce the 'p' sound.",0.4834
tiny-aya-global,Bengali,5280,টপটপ করে জল পড়া,VERB,ফোঁটা ফোঁটা করে পড়া|| ভেজা কাপড় থেকে টপটপ করে জল পড়ছিল,"fall in drops; ""Water is dripping from the faucet""","to drip or fall in drops, as water from a wet cloth",0.7129
tiny-aya-global,Bengali,21826,দৃঢ়হস্ত,NOUN,ধৃতরাষ্ট্রের একশো পুত্রের মধ্যে একজন||দৃঢ়হস্তের বর্ণনা মহাভারতে পাওয়া যায়।,an imaginary being of myth or fable,"A term used in the Mahabharata to describe a son of Yudhishthira, known for his unwavering resolve and steadfastness.",0.2806
tiny-aya-global,Bengali,23841,অমরী,NOUN,এক প্রকার গাছ||যাত্রী অমরীর ছায়ায় বিশ্রাম করছে।,a tall perennial woody plant having a main trunk and branches forming a distinct elevated crown; includes both gymnosperms and angiosperms,"Under the shade of the Amri tree, a traveler is resting.",0.2851
tiny-aya-global,Bengali,35347,হেপাটাইটিস,NOUN,যকৃতে হওয়া প্রদাহ||হেপাটাইটিস অনেক ধরনের হয়।,inflammation of the liver caused by a virus or a toxin,Inflammation of the liver.,0.8326
tiny-aya-global,Bengali,10035,স্থাপত্যশিল্প,NOUN,"বাস্তু বা অট্টালিকা,মহল প্রভৃতি বানাবার কলা কৌশল|| আগ্রার তাজমহলের স্থাপত্যশিল্প দেখবার মতো","the discipline dealing with the principles of design and construction and ornamentation of fine buildings; ""architecture and eloquence are mixed arts whose end is sometimes beauty and sometimes use""","Architecture, the art and technique of designing and constructing buildings, structures, and monuments, often reflecting cultural and historical significance.",0.7422
tiny-aya-global,Bengali,2224,আর্য বিবাহ,NOUN,আট প্রকারের বিবাহের মধ্যে তৃতীয়টি যাতে বরের থেকে কন্যার পিতা দুটো বলক পণ হিসাবে নেয় || আজকাল আর্য বিবাহের প্রচলন নেই,"the act of marrying; the nuptial ceremony; ""their marriage was conducted in the chapel""","A third type of marriage in Bengali tradition, where the groom's family pays a dowry to the bride's family, though its practice has become rare in modern times.",0.4448
tiny-aya-global,Bengali,25987,মুঙ্গের,NOUN,ভারতের বিহার রাজ্যের একটি শহর || মুঙ্গের শহরটি গঙ্গাতীরে অবস্থিত,"a large and densely populated urban area; may include several independent administrative districts; ""Ancient Troy was a great city""","A city in the Indian state of Bihar, located on the banks of the Ganges River.",0.2775
tiny-aya-global,Bengali,2365,কাট্য,ADJECTIVE,যা কাটা যায় বা যার খণ্ডন সম্ভব|| আপনার কথা খণ্ডনীয়,able to be refuted,One that can be cut or whose refutation is possible.,0.3381
tiny-aya-global,Bengali,3562,জাতি,NOUN,বংশ পরম্পরার বিচারে কৃত মানব সমাজের বিভাগ|| হিন্দুদের মধ্যে নিজেদের জাতির মদ্যে বিয়ে করার প্রচলন রয়েছে,(Hinduism) a Hindu caste or distinctive social group of which there are thousands throughout India; a special characteristic is often the exclusive occupation of its male members (such as barber or potter),"A category or group into which a person or group is classified based on lineage or heritage, often used to denote specific social or cultural identities, such as caste or ethnic groups.",0.5265
tiny-aya-global,Bengali,26710,ফাইনাল,NOUN,সেই অন্তিম ম্যাচ যাতে সেমিফাইনালে জয়ী প্রতিযোগী বা প্রতিযোগী দল অংশগ্রহণ করে|| ফাইনালে সবসময় দুটিই প্রতিযোগী বা প্রতিযোগী দল পৌঁছয়,the final match between the winners of all previous matches in an elimination tournament,"The final refers to the decisive match in a competition where the winning contender or team from the semi-finals participate, ensuring that only one team advances to the next stage.",0.7574
tiny-aya-global,Bengali,6954,শর্ত,NOUN,"কোনও সিদ্ধান্ত, বিধি ইত্যাদিতে আসা সমস্যা থেকে রক্ষা পাওয়ার জন্য বের করা রাস্তা বা নিশ্চিত করা কোনও বিধান|| সরকার এই শর্ত দিয়েছে যে অধিক মাত্রায় চিনি উত্পাদনকারী রাজ্যকেই এই সুবিধা দেওয়া হবে","(usually plural) a statement of what is required as part of an agreement; ""the contract set out the conditions of the lease""; ""the terms of the treaty were generous""","A condition or stipulation, a rule or provision, or a safeguard against potential issues or complications in a decision or agreement.",0.6441
tiny-aya-global,Bengali,35972,লঙ্কার পাউডার,NOUN,লাল লঙ্কার গুড়ো||উনি বাজার থেকে পাঁচ কিলো লঙ্কার পাউডার এনেছেন,powder made of ground chili peppers mixed with e.g. cumin and garlic and oregano,red chili powder,0.5214
tiny-aya-global,Bengali,28826,দীপকমালা,NOUN,"একপ্রকার বর্ণবৃত্ত||দীপকমালার প্রত্যেক চরণে ভগণ,মগণ,জগণ এবং গুরু থাকে",(prosody) a system of versification,"A type of poetic form where each line consists of a vowel, a consonant, a vowel, and a guru.",0.4587
tiny-aya-global,Bengali,19891,টিউব লাইট,NOUN,নলীর আকারের একটি বস্তু যার মধ্যে দিয়ে বিদ্যুত ধারা প্রবাহিত করলে প্রকাশ হয়||টিউব লাইট জালাতেই সারা ঘর আলোয় ভরে গেল।,electronic device consisting of a system of electrodes arranged in an evacuated glass or metal envelope,A cylindrical object containing an electric current that produces light when energized.,0.6174
tiny-aya-global,Bengali,654,সীমান্ত,NOUN,সেই স্থান যেখানে সীমার শেষ হয় বা সীমা সমাপ্ত হয়|| এই খালটিই আমার গ্রামের সীমান্ত,the boundary line or the area immediately inside the boundary,The border or boundary where one territory ends or meets another.,0.8268
tiny-aya-global,Bengali,20087,কাঙ্গো চা,NOUN,চীনে উত্পাদন করা হয় এমন এক কালো চা||কাঙ্গো চা-কে ইংরেজি প্রাতরাশ চাও বলা হয়।,black tea grown in China,"A black tea produced in China, also known as English breakfast tea.",0.3964
tiny-aya-global,Bengali,21945,বাগধারা যুক্ত,ADJECTIVE,"যাতে বাগধারার প্রয়োগ করা হয়|| আমার বাগধারা যুক্ত গল্প,প্রবন্ধ ইত্যাদি পড়তে ভালো লাগে","of or relating to or conforming to idiom; ""idiomatic English""",to be peppered with idioms,0.6921
tiny-aya-global,Bengali,26979,প্রত্নতাত্ত্বিক,ADJECTIVE,পুরাতত্ত্বের বা পুরাতত্ত্ব সম্বন্ধীয়|| প্রত্নতাত্ত্বিক সমীক্ষা থেকে নতুন নতুন তথ্য সম্পর্কে জানা যায়,"related to or dealing with or devoted to archaeology; ""an archaeological dig""; ""a dramatic archaeological discovery""",an archaeologist; someone who studies ancient history and artifacts.,0.7417
tiny-aya-global,Bengali,1948,স্বাক্ষরিত,ADJECTIVE,যা হস্তাক্ষরিত বা যাতে হস্তাক্ষর করা হয়েছে|| সে বিদ্যালয়ে নামাঙ্কনের জন্য যোগ্যতা প্রমাণ-পত্রের স্বাক্ষরিত প্রতিলিপি জমা দিয়েছে,"having a handwritten signature; ""a signed letter""",Signed or marked with a handwritten signature.,0.8723
tiny-aya-global,Bengali,11338,ঠিকানা,NOUN,"কোনও স্থান, ব্যক্তি ইত্যাদিকে পাওয়ার জন্য লেখা নির্দেশ বা পত্র ইত্যাদিতে লেখা কারও নাম ও থাকার স্থান ইত্যাদি||ভুল ঠিকানা লেখার জন্য ডাকপিওন অন্য অকজনের চিঠি আমাদের বাড়িতে দিয়ে গেছে।",written directions for finding some location; written on letters or packages that are to be delivered to that location,"An address is a written instruction or letter containing someone's name and place of residence, used to locate a specific place, person, or entity.",0.5945
tiny-aya-global,Bengali,3965,কাকভুষুন্ডি,NOUN,রামায়ণে বর্ণিত কাক যে পূর্বজন্মে রাম-ভক্ত ব্রাহ্মণ ছিল ও লোমশ ঋষির অভিশাপে কাক হয়ে গেছিল || গরুড়ের গর্ব দূর করার জন্য কাকভুষুন্ডি তাকে রামের কথা শোনালেন,an imaginary being of myth or fable,"The word ""কাকভুষুন্ডি"" refers to a crow in the Ramayana who was originally a devout Brahmin in a previous life, cursed by the sage Lomash to become a crow. It is said that the crow, known as Kakuvushundi, was sent by the gods to confront Garuda, the eagle, to humble him by recounting the story of Lord Rama.",0.3302
tiny-aya-global,Bengali,9364,প্রদর্শক,NOUN,যিনি বস্তু ইত্যাদি প্রদর্শন করেন|| প্রদর্শকরা নিজ-নিজ বস্তু প্রদর্শন করছেন,someone who organizes an exhibit for others to see,"One who exhibits or displays objects, or a person who presents or showcases items.",0.6946
tiny-aya-global,Bengali,26066,-কারী,ADJECTIVE,যে কাজ করে|| মঙ্গল গ্রহ আপনার হিতকারী,"producing an effect; ""poverty as a causative factor in crime""",one who performs or causes something,0.4125
tiny-aya-global,Bengali,25449,ধামন,NOUN,ফলসা জাতির একটি গাছ যার ফল মটরের মতো ছোট হয় || ধামনে হলুদ রঙের ফুল হয়,a tall perennial woody plant having a main trunk and branches forming a distinct elevated crown; includes both gymnosperms and angiosperms,"A small tree of the Falsa genus, known for its pods resembling small beans, with yellow flowers.",0.6482
tiny-aya-global,Bengali,18452,দমন এবং দিউ,NOUN,ভারতের একটি কেন্দ্রশাসিত অঞ্চল||দমন এবং দিউ এর লোকেদের খাদ্যাভ্যাস গুজরাতিদের সঙ্গে মেলে,"the territory occupied by one of the constituent administrative districts of a nation; ""his state is in the deep south""","The Union Territory of Daman and Diu, located in India, is known for its unique cultural and culinary traditions, which are closely aligned with those of Gujarat.",0.2723
tiny-aya-global,Bengali,11198,প্রোগ্রাম,NOUN,অনুদেশের অনুক্রম যা দিয়ে কম্পিউটার ব্যখ্যা করে কাজে পরিণত করতে পারে||এই প্রোগ্রাম বানানোর জন্য অনেক কোড ব্যবহার করা হয়েছে।,"(computer science) a sequence of instructions that a computer can interpret and execute; ""the program required several hundred lines of code""","A sequence of instructions that a computer can execute to perform a specific task, often written in programming languages and requiring multiple lines of code.",0.78
tiny-aya-global,Bengali,28617,স্বাস্থ্যকর,ADJECTIVE,যা স্বাস্থ্য বৃদ্ধি করে|| আমাদের সুস্থ থাকার জন্য সর্বদা স্বাস্থ্যকর খাবার খাওয়া উচিত,"conducive to good health of body or mind; ""a healthful climate""; ""a healthful environment""; ""healthful nutrition""; ""healthful sleep""; ""Dickens' s relatively healthful exuberance""","Promotes health and well-being, emphasizing the importance of consuming nutritious food to maintain good health.",0.5797
tiny-aya-global,Bengali,30349,অরুণাচলবাসী,NOUN,অরুণাচলে বসবাসকারী|| অনেক অরুণাচলবাসীর সঙ্গে আমার ভালো বন্ধুত্ব আছে,a native or inhabitant of India,A person who resides in Arunachal Pradesh.,0.7072
tiny-aya-global,Bengali,30007,ওকি,NOUN,এক রাক্ষসী||পুরাণে ওকির বর্ণনা পাওয়া যায়,one of the evil spirits of traditional Jewish and Christian belief,"A demon or rakshasa, as described in ancient Hindu mythology.",0.4793
tiny-aya-global,Bengali,20764,প্রেক্ষাগৃহ,NOUN,মানুষের তৈরী সেই জায়গা যেখানে বসে লোকজন কিছু দেখে বা শোনে||প্রেক্ষাগৃহে গুরুমহাশয়ের ব্যাখ্যান চলছে,the area of a theater or concert hall where the audience sits,The English definition is: A theater or cinema hall where people gather to watch films or listen to performances.,0.7409
tiny-aya-global,Bengali,35636,রিয়্যালিটি সেক্টর,NOUN,শেয়ারের একটি শ্রেণি||আজ রিয়্যালিটি সেক্টরে প্রগতি দেখা যাচ্ছে,"a collection of things sharing a common attribute; ""there are two classes of detergents""","A segment of the market or economy that represents real-world entities, often involving tangible or physical goods and services.",0.3146
tiny-aya-global,Bengali,7342,ঝিমানো,VERB,কাজ করতে করতে ক্লান্ত হয়ে আরাম করা|| রাহী গাছের নিচে বিশ্রাম করছে,take a short break from one' s activities in order to relax,To rest or take a nap due to fatigue from prolonged work or activity.,0.715
tiny-aya-global,Bengali,16026,সারংনট,NOUN,একটি সংকর রাগ||গায়ক সারংনট গাইছে,any of various fixed orders of the various diatonic notes within an octave,"A hybrid musical rag or a blend of ragas, often performed by a singer.",0.1424
tiny-aya-global,Bengali,32168,অশ্ববন্ধ,NOUN,চিত্রকার্য অনুসারে একটি ছন্দ||অশ্ববন্ধে ঘোড়ার চিত্র বানিয়ে এমনভাবে বর্ণনা করা হয়ে থাকে যে তার অক্ষর থেকে ঘোড়ার অঙ্গ-প্রত্যঙ্গ এবং আভরণাদিও পরিস্কারভাবে বোঝা যেত,(prosody) a system of versification,"A poetic or artistic representation of a horse, often depicted in a way that clearly shows its limbs, features, and adornments, as described in traditional Bengali art.",0.2106
tiny-aya-global,Bengali,11856,বের করা,VERB,"পাত্র, থলি ইত্যাদি থেকে কোনও বস্তুকে তাড়াতাড়ি বা ঝটকার সাথে বাইরে বের করা|| রাজা খাপ থেকে তলোরায় বের করলেন",move or pull with a sudden motion,"To remove or extract something quickly or violently from a container, pouch, or similar item.",0.4302
tiny-aya-global,Bengali,21020,লেবানন,NOUN,এশিয়ার দক্ষিণ-পশ্চিমে অবস্হিত একটি দেশ||লেবাননের ক্ষেত্রফল প্রায় সাড়ে দশ হাজার বর্গ মাইল,an Asian republic at east end of Mediterranean,"A country located in the southwestern part of Asia, with an area of approximately ten thousand square miles.",0.5292
tiny-aya-global,Bengali,27072,নিভিয়ে দেওয়া,VERB,"(প্রদীপ, বাতি ইত্যাদি)নেভানো|| শোওয়ার আগে প্রদীপ নিভিয়ে দেওয়া","put out, as of a candle or a light; ""Douse the lights""","To extinguish or turn off a light source, such as a lamp or candle, before it is fully lit.",0.7103
tiny-aya-global,Bengali,3631,বকা,NOUN,বকা দেওয়ার ক্রিয়া বা ভাব|| বাড়ির লোকেদের বকায় বিরক্ত হয়ে মোহন ঘর ছেড়ে পালিয়ে গেল,a severe scolding,"to scold or reprimand someone, often in a harsh or abusive manner; to insult or belittle, typically causing emotional distress.",0.3773
tiny-aya-global,Bengali,29366,হৃষ্টরোমা,NOUN,একজন অসুর||পুরাণে হৃষ্টরোমার বর্ণনা পাওয়া যায়,one of the evil spirits of traditional Jewish and Christian belief,"A term from Hindu mythology, referring to a demon or a malevolent being, often associated with the demon king Mahishasura.",0.4277
tiny-aya-global,Bengali,26195,সুপ্রিয়া,NOUN,একজন অপ্সরা || পুরাণে সুপ্রিয়ার বর্ণনা পাওয়া যায়,"(classical mythology) a minor nature goddess usually depicted as a beautiful maiden; ""the ancient Greeks believed that nymphs inhabited forests and bodies of water""","A celestial nymph or apsara from Hindu mythology, often depicted as a beautiful woman with multiple arms and legs, associated with divine beauty and grace.",0.6995
tiny-aya-global,Bengali,19551,বোসনিয়ান,NOUN,বোসনিয়ার নিবাসী||ক্রোয়েশিয়ার সৈনিকরা ওই বোসনিয়ান যে সীমা পার করছিল তার উপর আক্রমণ করল,a native or inhabitant of Europe,Bosnian person,0.6516
tiny-aya-global,Bengali,11014,সুষম,ADJECTIVE,যথাযথ বা উচিত|| শিক্ষক মহাশয় ছাত্রদের সুষম আহার সম্পর্কে জ্ঞান দিয়েছেন,"in an optimal state of balance or equilibrium; ""a well-balanced wheel""",Appropriate or fitting,0.1337
tiny-aya-global,Bengali,4171,আশ্বাস,NOUN,দুঃখী ব্যক্তিকে আশ্বাস দেওয়ার কাজ বা ভাব|| বাড়ীতে চুরি হওয়ার পরে সকল অভ্যাগতরা মহাজনকে সান্ত্বণা দিচ্ছিল,"the act of consoling; giving relief in affliction; ""his presence was a consolation to her""","The act of providing comfort or reassurance to someone who is distressed, or the state of being comforted.",0.6891
tiny-aya-global,Bengali,30030,বীতভীত,NOUN,এক রাক্ষস||পুরাণে বীতভীতের বর্ণনা পাওয়া যায়,one of the evil spirits of traditional Jewish and Christian belief,"a fearsome demon from Hindu mythology, known for his terrifying appearance and destructive powers.",0.4989
tiny-aya-global,Bengali,24860,আইসক্রীম,NOUN,"দুধ,ফলের রস ইত্যাদিতে সুগন্ধী বস্তু,চিনি,ক্রীম ইত্যাদি দিয়ে ঠাণ্ডা করে বানানো একটি খাদ্যবস্তু || বাচ্চাটা আইসক্রীম খাওয়ার জেদ করছে",frozen dessert containing cream and sugar and flavoring,"A frozen dessert made by chilling a mixture of milk, fruit juice, sugar, cream, and other ingredients.",0.9181
tiny-aya-global,Bengali,730,মুলো,NOUN,"এক প্রকারে গাছ যার কটু গন্ধযুক্ত, সাদা কন্দ মূল খাওয়া হয়|| কৃষক ক্ষেতে মুলোর চাষ করছে",a cruciferous plant of the genus Raphanus having a pungent edible root,"A type of plant with a bitter-smelling, white root tuber consumed as food, cultivated by farmers in their fields.",0.6935
tiny-aya-global,Bengali,30604,অযোগব,NOUN,বৈশ্য জাতির স্ত্রী এবং শূদ্রপুরুষ থেকে উত্পন্ন একটি বর্ণসংকর জাতি||পকুল অযোগব ছিল,(Hinduism) a Hindu caste or distinctive social group of which there are thousands throughout India; a special characteristic is often the exclusive occupation of its male members (such as barber or potter),"A caste group formed by the union of a Vaishya woman and a Shudra man, known as the Pokul AyoGB.",0.5548
tiny-aya-global,Bengali,10047,রেচক,ADJECTIVE,যা খেলে বা পান করলে উদরাময় হয়|| সে কোষ্ঠকাঠিন্যের রোগীকে রেচক ঔষধ দিয়েছে,strongly laxative,medicinal (especially for constipation),0.1205
tiny-aya-global,Bengali,26395,দনায়ু,NOUN,দক্ষ প্রজাপতির একজন কন্যা || দনায়ুরও কাশ্যপ মুনির সঙ্গে বিবাহ হয়েছিল,an imaginary being of myth or fable,"A female butterfly, specifically referring to a female of the species *Danaus plexippus* (monarch butterfly).",0.2002
tiny-aya-global,Bengali,26941,ছোট সাইজ,NOUN,খর্বাকার ব্যক্তির জন্য কোনো পরিধেয়র পরিমাপ||আমার ছোট মাপের সার্ট চাই,a garment size for a small person,Small size,0.6704
tiny-aya-global,Bengali,11600,পরা,VERB,চশমা ইত্যাদি পরা|| আজকাল ছোটো-ছোটো বাচ্চারা চশমা পরে,"be dressed in; ""She was wearing yellow that day""",to wear,0.419
tiny-aya-global,Bengali,2022,এলাকা,NOUN,জমির এক টুকরো|| গ্রামীণ এলাকায় এখনও বিদ্যুতের সমস্যা রয়ে গেছে,"a large indefinite location on the surface of the Earth; ""penguins inhabit the polar regions""","A piece of land or a specific area, particularly in rural regions where access to electricity remains a challenge.",0.2212
tiny-aya-global,Bengali,1374,অসময়ে,ADVERB,"সময় অনুসারে না বা ভুল সময়ে|| আমি আপনাকে এক পয়সাও দিতে পারবোনা,কারণ আপনি অসময়ে এসেছেন","at an inconvenient time; ""he arrived inopportunely just as we sat down for dinner""; ""she answered malapropos""",out of time,0.3585
tiny-aya-global,Bengali,3013,অভ্যস্ত,ADJECTIVE,"যার অভ্যাস আছে|| শ্যাম কড়া মেহনত করায় অভ্যস্ত, ও নেশায় গ্রস্ত","(often followed by `to' ) in the habit of or adapted to; ""accustomed to doing her own work""; ""I' ve grown accustomed to her face""",accustomed,0.3949
tiny-aya-global,Bengali,12144,ভবঘুরে,NOUN,"ব্যর্থ এদিক ওদিক ঘোরার ক্রিয়া, অবস্থা বা ভাব||সে কোনও কাজ না করে সারাদিন ভবঘুরে হয়ে ঘোরে।","travelling about without any clear destination; ""she followed him in his wanderings and looked after him""","Wandering aimlessly, often associated with a life of vagabondage or lack of direction.",0.5941
tiny-aya-global,Bengali,11359,শৈব,NOUN,শিবের উপাশক অথবা ভক্ত|| শিব মন্দিরে এক শিবভক্ত ধুনো জ্বালিয়েছে,worshipper of Shiva,"A devotee or follower of Shiva, often associated with Shakta traditions, who may perform rituals or worship practices linked to Shiva.",0.4926
tiny-aya-global,Bengali,19455,পর্তুগিজ,ADJECTIVE,পর্তুগিজ ভাষার বা পর্তুগিজ ভাষার সঙ্গে সম্পর্কিত|| এই পর্তুগিজ কবিতাটা খুব ভালো,of or relating to or characteristic of the region of Lusitania or its people or language,"pertaining to or characteristic of Portuguese people, language, or culture",0.6822
tiny-aya-global,Bengali,35277,যেখান থেকে হোক,NOUN,এমন জায়গা যেটির কোনও জ্ঞান নেই বা কোনও অজ্ঞাত স্থান||আপনি যেখান থেকে হোক আমাকে কাঁচা তেঁতুল অনে দিন।,"an unknown and unexplored region; ""they came like angels out the unknown""",From wherever one comes.,0.4782
tiny-aya-global,Bengali,18563,প্রদোষ ব্রত,NOUN,প্রত্যেক পক্ষের ত্রয়োদশীতে পালন করা হয় যে ব্রত||প্রদোষ ব্রততে সন্ধ্যাবেলা শিব পূজা করে ভোজন গ্রহণ করা হয়,"a solemn pledge (to oneself or to another or to a deity) to do something or to behave in a certain manner; ""they took vows of poverty""","The Pradosha Vrat is observed on the 13th day of each lunar cycle, involving evening Shiva puja followed by a meal.",0.139
tiny-aya-global,Bengali,35601,মেগাবাইট,NOUN,তথ্যের এক একক যা এক মিলিয়ন বাইটের সমান||এই কার্ড ১২৮ মেগাবাইট,"a unit of information equal to one million (1,048,576) bytes",A unit of digital information equal to one million bytes.,0.9153
tiny-aya-global,Bengali,27741,শোষিত,ADJECTIVE,"কোনও ব্যক্তি, সমাজ ইত্যাদির দ্বারা যার শোষণ হয়েছে|| শোষিত বর্গের উত্থানের জন্য সবার সচেষ্ট হওয়া উচিত","of persons; taken advantage of; ""after going out of his way to help his friend get the job he felt not appreciated but used""","The term ""শোষিত"" (shōṣita) refers to a person, society, or group that has been subjected to exploitation, often by others. It implies a state of being oppressed or marginalized, where one's rights, resources, or dignity are taken advantage of. In the context of social justice, ""শোষিত বর্গের উত্থানের জন্য সবার সচেষ্ট হওয়া উচিত"" (the upliftment of the exploited class should be the collective effort of all)",0.5064
tiny-aya-global,Bengali,18235,চিকেন,NOUN,মুর্গি বা মুর্গির মাংস||তার ওখানে প্রতি রবিবার চিকেন হয়,the flesh of a chicken used for food,"chicken (noun): the flesh of a domesticated bird, often used as food.",0.8215
tiny-aya-global,Bengali,31644,বৃন্দারক,NOUN,ধৃতরাষ্ট্রের এক পুত্র||পুরাণে বৃন্দারকের বর্ণনা পাওয়া যায়,an imaginary being of myth or fable,son of Dhrishtadyumna and a descendant of the Puranic lineage of the Pandavas,0.2758
tiny-aya-global,Bengali,15732,সত্তর,NOUN,ষাট আর দশের যোগে প্রাপ্ত সংখ্যা|| এখন সে হয়তো সত্তর হয়ে গেছে,the cardinal number that is the product of ten and seven,"The number seventy, formed by adding sixty and ten.",0.6159
tiny-aya-global,Bengali,20302,সেশোল্স,NOUN,একটি দ্বীপ সমূহ||সেশোল্স নব্বইটা দ্বীপের সমূহ যা পশ্চিম হিন্দ মহাসাগরে অবস্থিত।,a group of about 90 islands in the western Indian Ocean north of Madagascar,"The English definition is: **A group of islands, specifically the Seychelles, located in the western Indian Ocean.**",0.6058
tiny-aya-global,Bengali,3441,মহিশাসুর,NOUN,এক দৈত্য যাকে দূর্গা মেরেছিলেন || মহিশাসুর অনেক বড়ো বীর ছিলেন,one of the evil spirits of traditional Jewish and Christian belief,"A giant demon slain by Durga, renowned for his immense bravery.",0.3471
tiny-aya-global,Bengali,26150,হরিতাল,NOUN,একপ্রকার খণিজ পদার্থ যা প্রায় হলুদ রঙের হয় || হরিতাল ওষুধ হিসাবে ব্যবহার করা হয়,a very poisonous metallic element that has three allotropic forms; arsenic and arsenic compounds are used as herbicides and insecticides and various alloys; found in arsenopyrite and orpiment and realgar,"A mineral substance of almost yellow color, used as a medicine.",0.4696
tiny-aya-global,Bengali,2600,তর্কাতীত,ADJECTIVE,যা তর্কের অতীত বা যার বিষয়ে তর্ক-বিতর্ক হতে পারে না|| ঈশ্বর তর্কাতীত,against which no argument can be made,Indefensible,0.3196
tiny-aya-global,Bengali,1700,চরণধূলি,NOUN,পায়ের ধুলো|| ও মহাত্মার চরণধূলি নিজের মাথায় লাগাল,"fine powdery material such as dry earth or pollen that can be blown about in the air; ""the furniture was covered with dust""","The dust of the feet of a great person, a gesture of deep respect and devotion.",0.4079
tiny-aya-global,Bengali,566,অসম্মতি,NOUN,"কোনও কথা, কাজ ইত্যাদির সাথে একমত না হওয়ার ক্রিয়া বা ভাব || সদস্যদের অসম্মতির কারণ এই কাজটা মুখে আটকে আছে",the speech act of disagreeing or arguing or disputing,"The act or state of disagreeing with something, expressing disapproval or opposition to a statement, action, or proposal.",0.802
tiny-aya-global,Bengali,8818,ছিয়াত্তর,ADJECTIVE,সত্তর আর ছয়|| এই বাসে ছিয়াত্তরজন ব্যাক্তি বসতে পারেন,being six more than seventy,Seventy-three,0.7683
tiny-aya-global,Bengali,34300,ছেয়ে যাওয়া,VERB,কোনো জিনিস বা কথা এমনভাবে চারিদিকে ছড়িয়ে যাওয়া যাতে তা তার নিজের ক্ষেত্রে সবদিকে দেখা যায়|| বিদ্যুত চলে যাওয়ায় অন্ধকার ছেয়ে গেছে,cover the entire range of,"To spread out or extend in all directions, making something visible from every angle; to be widespread or pervasive.",0.3374
tiny-aya-global,Bengali,31519,দুর্জয়,NOUN,ধৃতরাষ্ট্রের এক পুত্র||ধর্মগ্রন্থে দুর্জয়ের বর্ণনা পাওয়া যায়,an imaginary being of myth or fable,"A son of Dhritarashtra in the Mahabharata, known for his bravery and valor.",0.3674
tiny-aya-global,Bengali,5863,ধাক্কা দেওয়া,VERB,ধাক্কা দিয়ে ঠেলে সামনের দিকে এগিয়ে দেওয়া|| বাচ্চারা নিজেদের মধ্যে খেলতে খেলতে একে অপরকে ধাক্কা দিতে শুরু করল,"move with force, ""He pushed the table into a corner""","To push or shove someone or something forward, often in a playful or competitive manner.",0.5257
tiny-aya-global,Bengali,7485,অনুশীলন,NOUN,কোনও জিনিষ বার বার অধ্যয়ণ করার প্রক্রিয়া|| রাম পাঠ অনুশীলন করছে,"systematic training by multiple repetitions; ""practice makes perfect""",The act of repeatedly studying or practicing something.,0.6774
tiny-aya-global,Bengali,6840,খড়খড়ি,NOUN,"পাতলা আড়াআড়ি পাতের মতো জিনিস যা জানলা দিয়ে আলো, ধুলো ইত্যাদি ঢোকা আটকানোর জন্য ব্যবহৃত হয়||আলো ও হাওয়া আসার জন্য খড়খড়িটা এদিক ওদিক সরানো যায়",a canopy made of canvas to shelter people or things from rain or sun,"A thin, flexible barrier used to block light, dust, or air from entering a space, often by being moved back and forth.",0.5168
tiny-aya-global,Bengali,30977,অস্ট্রিয়াবাসী,NOUN,অস্ট্রিয়ার অধিবাসী||কিছু অস্ট্রিয়াবাসী ভারত দর্শনে এসেছে,a native or inhabitant of Austria,A person from Austria.,0.6983
tiny-aya-global,Bengali,10952,কুশল,NOUN,সুখী এবং সুস্থ থাকার অবস্থা|| বাড়িতে সকলে কুশল রয়েছেন,the condition of prospering; having good fortune,A state of happiness and well-being; the condition of being healthy and content.,0.5103
tiny-aya-global,Bengali,1642,শিল্প প্রতিভা,NOUN,"কোনো কাজকে ভালোভাবে করার কৌশল,বিশেষতঃ এমন কাজ যা সম্পাদিত হওয়ার জন্য জ্ঞানের অতিরিক্ত কৌশল এবং অভ্যাসের প্রয়োজন হয়|| তার শিল্প প্রতিভার কথা সবাই স্বীকার করে","a superior skill that you can learn by study and practice and observation; ""the art of conversation""; ""it' s quite an art""","Mastery of a craft or skill, achieved through extensive practice and knowledge beyond mere ability.",0.6019
tiny-aya-global,Bengali,8029,ব্যস্ত,ADJECTIVE,যে কোনও কাজ করছে বা কাজে রয়েছে|| ব্যস্ত জীবনের পরেও সে ব্যায়ামের জন্য সময় বের করে,"actively or fully engaged or occupied; ""busy with her work""; ""a busy man""; ""too busy to eat lunch""; ""the line is busy""",busy with or occupied with something,0.8036
tiny-aya-global,Bengali,18921,ধারণ করা,NOUN,"ধারণ করার ক্রিয়া বা সামলে নেওয়া, থেমে যাওয়ার ক্রিয়া||আকার, ক্ষমতা, মজবুত হওয়া প্রভৃতি ধারণ করার সঙ্গে সম্পর্কিত",the act of retaining something,"To hold, contain, or bear; to tolerate or endure; to gain strength or capacity.",0.3503
tiny-aya-global,Bengali,21699,কেনসিঙ্গটন প্রাইড আম,NOUN,এক ধরনের আম||কেনসিঙ্গটন প্রাইড আমের রঙের জন্য আপেল বা স্ট্রবেরিও বলা হয়।,"large oval tropical fruit having smooth skin, juicy aromatic pulp, and a large hairy seed",A type of apple or strawberry named for its resemblance to the color of the Kesington Pride Apple.,0.4973
tiny-aya-global,Bengali,16177,মালশ্রী,NOUN,সম্পূর্ণ জাতির একটি রাগিনী||মালশ্রী সন্ধ্যার সময় গাওয়া হয়,any of various fixed orders of the various diatonic notes within an octave,"A national anthem or song that represents the unity and pride of a nation, often sung during formal or ceremonial occasions.",0.1139
tiny-aya-global,Bengali,21788,অপরীক্ষিত,ADJECTIVE,যা পরীক্ষা করা হয়নি|| অপরীক্ষিত বস্তুর ব্যবহার করা উচিত হবেনা,"not yet proved or subjected to testing; ""an untested drug""; ""untested theory""; ""an untried procedure""",Unverified or untested; not subject to scrutiny or validation.,0.769
tiny-aya-global,Bengali,20885,পুষ্পদন্ত,NOUN,একজন দিগ্গজ||পুষ্পদন্ত বায়ব্য কোণের দিগ্গজ।,an imaginary being of myth or fable,"A distinguished or notable figure, often associated with the pinnacle of achievement or excellence.",0.3679
tiny-aya-global,Bengali,32761,আঘী,NOUN,সুদের বদলে দেওয়া শস্য||চাষি আঘী দেওয়ার জন্য মহাজনের কাছে গেল।,"dry seedlike fruit produced by the cereal grasses: e.g. wheat, barley, Indian corn",Interest in kind.,0.0133
tiny-aya-global,Bengali,4040,বিরানব্বই,ADJECTIVE,গণনায় নব্বই এবং দুই|| আজকাল বিরানব্বই শতাংশ নম্বর পেয়েও পছন্দসই বিষয় পাওয়া যায় না,being two more than ninety,ninety-two,0.8026
tiny-aya-global,Bengali,4340,কাঁচ,NOUN,একটি স্বচ্ছ মিশ্র পদার্থ|| কাঁচের গ্লাস পড়ে গিয়ে ভেঙে গেল,a brittle transparent solid with irregular atomic structure,"A transparent mixture, often glass, that can be broken.",0.5681
tiny-aya-global,Bengali,23120,সাঁড়াশি,NOUN,ধাতুর চিমটার মতো যন্ত্র যা দিয়ে কোনও বস্তু ধরা যায়||শ্যাম কাঁটি সাঁড়াশি দিয়ে ধরে পিটছে।,any of various devices for taking hold of objects; usually have two hinged legs with handles above and pointed hooks below,"A metal device resembling a spanner, used for gripping or holding objects.",0.8122
tiny-aya-global,Bengali,25743,গুড়গাঁও শহর,NOUN,ভারতের হরিয়াণা রাজ্যের একটি শহর || গুড়গাঁও শহর দিল্লীর নিকটে অবস্থিত,"a large and densely populated urban area; may include several independent administrative districts; ""Ancient Troy was a great city""","A city in the Indian state of Haryana, located near Delhi.",0.3212
tiny-aya-global,Bengali,7930,লোভী,ADJECTIVE,যার লোভ রয়েছে যা লোভে পরিপূর্ণ|| সে হল একজন লোভী ব্যাক্তি,"immoderately desirous of acquiring e.g. wealth; ""they are avaricious and will do anything for money""; ""casting covetous eyes on his neighbor' s fields""; ""a grasping old miser""; ""grasping commercialism""; ""greedy for money and power""; ""grew richer and greedier""; ""prehensile employers stingy with raises for their employees""",Greedy,0.3215
tiny-aya-global,Bengali,28460,লয় কারী,NOUN,"একটি অভিপ্রেত পরিণাম পাওয়ার জন্য উপস্থিতি,তাল,গতি,তাল-মিল ইত্যাদির প্রয়োগ||সংগীতে তাল কারী আবশ্যক","the regulation of occurrence, pace, or coordination to achieve a desired effect (as in music, theater, athletics, mechanics)","The performance or execution of a desired outcome, involving the application of rhythm, tempo, and coordination. In music, a *tala kari* is essential for maintaining the rhythmic structure.",0.5447
tiny-aya-global,Bengali,20264,ফোলানো,VERB,"কোনো বস্তুর বিস্তারকে তার মধ্যে বায়ু,তরল পদার্থ ইত্যাদি দ্বারা চাপ দিয়ে বাড়ানো|| বাচ্চা বেলুন ফোলাচ্ছে/মা তরকারী বানানোর জন্য ছোলা ভিজিয়ে ফোলাচ্ছেন","fill with gas or air; ""inflate a balloons""","To inflate or expand by introducing air, liquid, or other substances, causing it to expand in volume or size.",0.6852
tiny-aya-global,Bengali,6953,প্রতিনিধি,NOUN,"যাকে দেখে তার বর্গ, জাতি ইত্যাদির স্বরূপ, চালচলন, আচার-বিচার ইত্যাদি অনুমান বা কল্পনা করা যএতে পারে|| সাপ হল সরীসৃপদের প্রতিনিধি","an item of information that is representative of a type; ""this patient provides a typical example of the syndrome""; ""there is an example on page 10""","A person who represents or embodies the characteristics, behavior, or customs of a particular group, race, or category, often used metaphorically to imply a typical or representative individual.",0.4296
tiny-aya-global,Bengali,10011,ওকালতি,NOUN,উকিলের কাজ অথবা পেশা||আজকাল রামের ওকালতি ভাল চলছে,active support of an idea or cause etc.; especially the act of pleading or arguing for something,"The act or profession of a lawyer, specifically the representation of a client in legal matters.",0.4002
tiny-aya-global,Bengali,19344,শিবি,NOUN,এক পৌরাণিক রাজা||শিবি খুব বড় ধর্মাত্মা ছিলেন।,a prince or king in India,"A legendary king, known for his profound piety.",0.3277
tiny-aya-global,Bengali,20366,গুলপাপড়ি,NOUN,এক ধরনের মিষ্টি||কাকিমা খুব ভালো গুলপাপড়ি তৈরি করেন।,a food rich in sugar,"A type of sweet pastry or cookie, often made with a mixture of rice flour, sugar, and water, and sometimes flavored with cardamom or other spices.",0.6021
tiny-aya-global,Bengali,8775,চুম্বন করা,VERB,ঠোঁট দিয়ে কোনও অঙ্গকে স্পর্শ করা|| মা ভালবাসা বোঝানোর জন্য বার-বার নিজের বাচ্চাকে চুম্বন করছে,"touch with the lips or press the lips (against someone' s mouth or other body part) as an expression of love, greeting, etc.; ""The newly married couple kissed""; ""She kissed her grandfather on the forehead when she entered the room""","To kiss someone, typically with the lips, as an expression of affection or love.",0.7799
tiny-aya-global,Bengali,793,অস্ত্র,NOUN,সেই হাতিয়ার যা শত্রুকে ছুঁড়ে মারা হয়|| বাণ একপ্রকার অস্ত্র,a weapon that is forcibly thrown or projected at a targets but is not self-propelled,"A weapon or arm used to strike or attack, particularly a type of projectile weapon.",0.7897
tiny-aya-global,Bengali,311,গজ দাঁত,NOUN,সেই দাঁত যা অন্য দাঁতের উপর ওঠে || হাসার সময় তার গজ দাঁত স্পষ্ট দেখা যায়,hard bonelike structures in the jaws of vertebrates; used for biting and chewing or for attack and defense,"The word ""গজ দাঁত"" refers to the teeth that protrude above the other teeth, particularly visible when smiling.",0.3432
tiny-aya-global,Bengali,8484,অগ্নিবাণ,NOUN,প্রাচীন কালে প্রযুক্ত একপ্রকার বাণ যেটি চালালে আগুনের বর্ষা হত||পৌরাণিক কালে যোদ্ধা অগ্নিবাণ দিয়ে যুদ্ধ করত,a projectile with a straight thin shaft and an arrowhead on one end and stabilizing vanes on the other; intended to be shot from a bow,"an ancient weapon that, when fired, caused a shower of fire; in mythological times, warriors fought using Agni-baan.",0.4671
tiny-aya-global,Bengali,938,সসীম,ADJECTIVE,যার সীমা বেঁধে দেওয়া হয়েছে|| ভারতের প্রত্যেকটি প্রান্তই সসীম,"having the limits or boundaries established; ""a delimited frontier through the disputed region""",Limited or bound in extent.,0.5196
tiny-aya-global,Bengali,14678,অক্ষর,NOUN,শব্দের সেই অংশ যা এক নিশ্বাসে উচ্চারণ করা যায়|| রাম শব্দে দুটো অক্ষর আছে,"a unit of spoken language larger than a phoneme; ""the word `pocket'  has two syllables""","The word ""অক্ষর"" refers to the smallest unit of sound in a language that can be pronounced in a single breath. It is the fundamental building block of words and is used to form syllables.",0.548
tiny-aya-global,Bengali,35936,বডি বিল্ডিং,NOUN,এক বিশেষ উপায়ে শরীরকে পুষ্ট করার ক্রিয়া||আজকাল যুবকেরা বডি বিল্ডিং-এর জন্য জিমে যাচ্ছেন,exercise that builds muscles through tension,"The practice of systematically training the body to enhance physical strength, muscle mass, and overall physique, often through structured exercise routines and nutrition.",0.7509
tiny-aya-global,Bengali,22805,সাদাকালো,ADJECTIVE,সাদা তথা কালো অথবা সাদা তথা লাল রঙের|| কৃষক সাদাকালো / লালসাদা বলদটিকে গাড়ির সঙ্গে লাগাচ্ছে,"having spots or patches (small areas of contrasting color or texture); ""a field patched with ice and snow""; ""the wall had a spotty speckled effect""; ""a black-and-white spotted cow""",white and black or white and red,0.4135
tiny-aya-global,Bengali,12031,ঘেসোড়ি,NOUN,যে মহিলা ঘাস কাটে বা ঘাস ছাঁটে||ঘেসোড়ি ক্ষেতে ঘাস কাটছে।,a person who belongs to the sex that can have babies,A female who cuts or shears grass; a woman who works in a field cutting grass.,0.2402
tiny-aya-global,Bengali,3980,কার্যালয়,NOUN,সেই স্হান যেখানে কোনো বিশেষ ব্যবসা বা কাজের কর্মচারীরা বসে নিয়মিত কাজ করে|| সে প্রতিদিন যথাসময়ে কার্যালয়ে আসে,"place of business where professional or clerical duties are performed; ""he rented an office in the new building""",The office or workplace where employees of a particular business or profession work regularly.,0.6512
tiny-aya-global,Bengali,3224,দৈব্য বিবাহ,NOUN,হিন্দু ধর্মশাস্ত্র অনুসারে আট প্রকারের বিবাহের মধ্যে একটি যাতে যজ্ঞ করায় যে সেই পুরোহিতকে তাঁর মেয়ে দেয় || আজকাল দৈব্য বিবাহের প্রচলন নেই,"the act of marrying; the nuptial ceremony; ""their marriage was conducted in the chapel""","A type of marriage in Hindu tradition, involving the marriage of a girl to a priest during a yajna (sacrifice), though this practice is now rare.",0.4912
tiny-aya-global,Bengali,11426,সেলাই করা,VERB,কিছু বস্তু বা কোনো বস্তুর কোনো কোনো অংশে ছিদ্র করে দড়ি বা সুতো পড়ানো|| তিনি এদিক-ওদিক ছড়িয়ে থাকা কাগজগুলিকে সেলাই করলো,become joined or linked together,"To join or mend by sewing, typically by inserting thread through holes or edges.",0.5242
tiny-aya-global,Bengali,13133,ঠিক-ঠাক,ADVERB,ভালোভাবে বা কুশলভাবে|| তিনি যাত্রার থেকে ঠিক-ঠাক ফিরে এসেছে,"with safety; in a safe manner; ""we are safely out of there""",perfectly or skillfully,0.4385
tiny-aya-global,Bengali,4514,কৈকেয়ী,NOUN,রাজা দশরথের যে রাণী ভরতের মা ছিলেন|| কৈকেয়ী রামকে বনবাসে পাঠিয়েছিলেন,an imaginary being of myth or fable,"The Bengali word ""কৈকেয়ী"" (Kaiqee) refers to the mother of Bhartri, the wife of King Dasaratha, and is known for sending Rama into exile.",0.2271
tiny-aya-global,Bengali,10439,সংখ্যাতত্তবিদ,NOUN,সেই গণিতজ্ঞ যিনি সংখ্যাতত্ত্বে নিপুণ|| মনোহরবাবু একজন প্রসিদ্ধ সংখ্যাতত্তবিদ,a mathematician who specializes in statistics,A mathematician who is skilled in number theory.,0.8648
tiny-aya-global,Bengali,2424,ভোঁতা,ADJECTIVE,যা প্রবল নয়|| ভোঁতা বুদ্ধিও অধ্যাবসায় তীক্ষ্ণ হয়ে উঠতে পারে / আমার বুদ্ধি ভোঁতা,"slow and apathetic; ""she was fat and inert""; ""a sluggish worker""; ""a mind grown torpid in old age""","A dull or uninspired mind, often implying a lack of mental sharpness or enthusiasm.",0.609
tiny-aya-global,Bengali,31874,প্রভারক,NOUN,এক নাগ||পুরাণে প্রভারকের বর্ণনা পাওয়া যায়,an imaginary being of myth or fable,"A divine being or deity, often associated with cosmic order and creation in Hindu mythology.",0.5743
tiny-aya-global,Bengali,1895,ধূপ,NOUN,ধূপ হল সুগন্ধী উপকরণ দিয়ে তৈরী সেই কাঠি যা জ্বালানো হয় সুগন্ধী ধোঁয়া নির্গত হয়|| ও মন্দিরে ধূপ জালাল,a substance that produces a fragrant odor when burned,"Incense sticks made from fragrant materials, lit to produce a sweet-smelling smoke, often used in religious ceremonies.",0.7189
tiny-aya-global,Bengali,30144,পদ্মনাভ,NOUN,ধৃতরাষ্ট্রের এক পুত্রের নাম||মহাভারতে পদ্মনাভের বর্ণনা পাওয়া যায়,an imaginary being of myth or fable,"The son of Yudhishthira in the Mahabharata, known for his name meaning ""lotus navel,"" symbolizing purity and divine birth.",0.2874
tiny-aya-global,Bengali,11660,অক্টোপাস,NOUN,আট হাতবিশিষ্ট এক সামুদ্রিক প্রাণী যা ডিম পারে||অক্টোপাসের শুঁড়ে অনেক ছোটো ছোটো ছিদ্র থাকে।,bottom-living cephalopod having a soft oval body with eight long tentacles,"An eight-legged marine invertebrate with a soft body, capable of changing color and texture, known for its ability to camouflage and escape predators.",0.5964
tiny-aya-global,Bengali,24983,ধর্মপুরি জেলা,NOUN,তামিলনাডুর একটি জেলা || ধর্মপুরি জেলার প্রধান কার্যালয় ধর্মপুরি শহরে অবস্থিত,a region marked off for administrative or other purposes,The district headquarters of Dharmapuri is located in the city of Dharmapuri.,0.1146
tiny-aya-global,Bengali,27128,মুখ,NOUN,যে ব্যক্তি খাদ্য গ্রহণ করে|| আমাকে সাতটা মুখে খাবার তুলে দিতে হয়,"a person conceived as a consumer of food; ""he has four mouths to feed""","The English definition is: **""a mouth""**",0.4974
tiny-aya-global,Bengali,12686,শ্বসন,NOUN,"সেই ক্রিয়া যার দ্বারা খাদ্য পদার্থ শরীরের কলায় এবং শরীরের বৃদ্ধি, ক্ষয়পূরণ তথা তার সামান্য কাজের জন্য জ্বালানি বা শক্তিতে রূপান্তরিত হয় || কখনও কখনও শ্বসন ঠিকভাবে না হওয়ায় শরীরের দুর্বলতাার কারণ হয়","the synthesis in living organisms of more complex substances (e.g., living tissue) from simpler ones together with the storage of energy","The process by which the body takes in oxygen and expels carbon dioxide, essential for energy production, growth, and maintenance of bodily functions.",0.4899
tiny-aya-global,Bengali,11150,সাবধান করা,VERB,সাবধান বা হুঁশিয়ার করা|| মা-বাবা বাচ্চাদের ভুল না করার জন্য সর্বদা সাবধান করতেই থাকেন,"notify of danger, potential harm, or risk; ""The director warned him that he might be fired""; ""The doctor warned me about the dangers of smoking""","To warn or caution someone, often to prevent them from making mistakes or engaging in harmful actions.",0.6447
tiny-aya-global,Bengali,3186,অশ্লীল,ADJECTIVE,যার শ্লীলতা নেই|| অশ্লীল বই বিক্রির অপরাধে সোহনের দুবছরের শাস্তি হয়ে গেল,"suggestive of sexual impropriety; ""a blue movie""; ""blue jokes""; ""he skips asterisks and gives you the gamy details""; ""a juicy scandal""; ""a naughty wink""; ""naughty words""; ""racy anecdotes""; ""a risque story""; ""spicy gossip""",indecent,0.281
tiny-aya-global,Bengali,24824,রায়চুর,NOUN,কর্ণাটকের একটি শহর || আমার গ্রাম গুলবর্গা এবং রায়চুরের মধ্যবর্তী স্থানে অবস্থিত,"a large and densely populated urban area; may include several independent administrative districts; ""Ancient Troy was a great city""","A city in Karnataka, located between my hometown Gulbarga and Raychur.",0.2435
tiny-aya-global,Bengali,17028,মধন,NOUN,একটি রাগিনী||শ্রোতা সঙ্গীতজ্ঞের কাছ থেকে মধন শোনার অনুরোধ জানালেন,any of various fixed orders of the various diatonic notes within an octave,a request to hear a ragini,0.1517
tiny-aya-global,Bengali,27697,ক্লাস,NOUN,বিদ্যার্থীদের সেই বর্গ যা একসাথে স্নাতক করেছে|| শ্যামা বিশ্ববিদ্যালয়ে আমার ক্লাসে ছিল,"a body of students who graduate together; ""the class of ' 97""; ""she was in my year at Hoehandle High""",The class refers to a group of students who have graduated together or are currently enrolled in a class at a university.,0.607
tiny-aya-global,Bengali,23484,ঢিলা,ADJECTIVE,যা কষা হয় না|| দড়িটা ঢিলে হয়ে গেছে,"(of textures) full of small openings or gaps; ""an open texture""; ""a loose weave""","loose, slack, not tight",0.5251
tiny-aya-global,Bengali,13812,উনপঞ্চাশতম,ADJECTIVE,গণনায় উনপঞ্চাশতম স্হানে যা আসে|| ম দিয়ে শুরু হওয়া এটা উনপঞ্চাশতম নাম,the ordinal number of forty-nine in counting order,"The fiftieth in a sequence, representing the 50th position in a count or ranking.",0.5287
tiny-aya-global,Bengali,12619,কামায়নী,NOUN,বৈবস্বত মনুর স্ত্রী || পুরাণে কামায়নীর বর্ণনা পাওয়া যায়,an imaginary being of myth or fable,"A name of the goddess Kamayani, wife of the sage Vayusena, mentioned in ancient Hindu texts.",0.2818
tiny-aya-global,Bengali,13113,আতিথ্যকর্তা,NOUN,আতিথ্যা করে যে বা যার এখানে অতিথিরা আসে || আতিথ্যকর্তার আতিথ্যে সবাই খুশি হয়েছিলেন,a person who invites guests to a social event (such as a party in his or her own home) and who is responsible for them while they are there,"The host who welcomes guests with hospitality, ensuring everyone feels welcomed and content.",0.6063
tiny-aya-global,Bengali,16776,ছাইদান,NOUN,সেই পাত্র যাতে সিগারেটের ছাই ঝাড়া হয়||সুবর্ণিকের টেবিলে রাখা ছাইদানটি ছাই এবং সিগারেটের ছোটো ছোটো টুকরোতে ভরে গেছে,a receptacle for the ash from smokers'  cigars or cigarettes,The English definition is: **A container used to collect and store cigarette ash**.,0.7434
tiny-aya-global,Bengali,26438,পরিষেবা,NOUN,সর্বজনীন বা রাজকীয় কাজ যা কোনো বিশেষ বিভাগের ক্ষমতাধীন  থাকে || আজকাল রেল এবং বিমান পরিষেবা অত্যন্ত সুগম হয়ে গেছে,"work done by one person or group that benefits another; ""budget separately for goods and services""",public or royal service that falls under the jurisdiction of a specific department,0.523
tiny-aya-global,Bengali,8966,তন্দুরী,ADJECTIVE,যাকে তন্দুরে স্যাঁকা বা রান্না করা হয়েছে|| শহরে তন্দুরী মুরগী খুব প্রচলিত খাবার,(meat) cooked by dry heat in an oven,"Grilled or roasted in a tandoor, a traditional clay oven used in South Asian cuisine, particularly for dishes like tandoori chicken.",0.6027
tiny-aya-global,Bengali,2976,নিঃশুল্ক,ADJECTIVE,যার ওপর শুল্ক লাগে না|| এই হাসপাতালে সমস্ত সুবিধাই নিঃশুল্ক পাওয়া যায়,"costing nothing; ""complimentary tickets""; ""free admission""",free of charge,0.4559
tiny-aya-global,Bengali,226,শুক্র,NOUN,সৌর জগতের একটি গ্রহ যা পৃথিবী অপেক্ষা সূর্যের অনেক কাছে|| বৈজ্ঞানিকেরা শুক্র গ্রহের সম্পর্কে তথ্য সংগ্রহ করতে ব্যস্ত,"the second nearest planet to the sun; visible from Earth as an early `morning star'  or an `evening star' ; ""before it was known that they were the same object the evening star was called Venus and the morning star was called Lucifer""","A planet in the solar system located closer to the Sun than Earth, known for its extreme heat and dense atmosphere.",0.5729
tiny-aya-global,Bengali,2265,নির্ধন,ADJECTIVE,যার কাছে ধন নেই বা ধনের অভাব নেই|| নির্ধন ব্যক্তি কঠিন পরিশ্রম করে ধনী হতে পারেন,"having little money or few possessions; ""deplored the gap between rich and poor countries""; ""the proverbial poor artist living in a garret""",poor,0.5333
tiny-aya-global,Bengali,24598,সিন্ধুদুর্গ জেলা,NOUN,মহারাষ্ট্রের একটি জেলা || সিন্ধুদুর্গ জেলার প্রধান কার্যালয় ঔরসে অবস্থিত,a region marked off for administrative or other purposes,"Maharashtra's Sindhudurg district, with its administrative headquarters in Aurangabad.",0.2483
tiny-aya-global,Bengali,33770,তাম্রপক্ষা,NOUN,শ্রীকৃষ্ণের এক কন্যা||পুরাণে তাম্রপক্ষার বর্ণনা পাওয়া যায়,an imaginary being of myth or fable,"The son of the river god Varuna and the goddess of the ocean, Tamraapaksa is a figure from Hindu mythology, particularly associated with the Puranas.",0.3669
tiny-aya-global,Bengali,20015,আফ্রিকার,ADJECTIVE,আফ্রিকার সঙ্গে সম্পর্কিত বা আফ্রিকার|| আফ্রিকার দেশগুলি স্বাধীনতার জন্য অনেক বেশী সংঘর্ষরত ছিল,"of or relating to the nations of Africa or their peoples; ""African languages""",African,0.584
tiny-aya-global,Bengali,7821,অনুদান,NOUN,রাজ্য শাসন ইত্যাদি থেকে বিশেষ কাজের জন্য সহায়তা হিসেবে পাওয়া ধন|| বন্যাগ্রস্থ এলাকার জন্য কেন্দ্র সরকার এক কোটি টাকার অনুদান দিয়েছেন,any monetary aid,aid granted from a government or other source to support a specific project or cause,0.4805
tiny-aya-global,Bengali,16154,পাহাড়ী,NOUN,একটি রাগিনী||পাহাড়ী মধ্যরাতে গাওয়া হয়,any of various fixed orders of the various diatonic notes within an octave,"A mountain or hill, often associated with a ragini or folk song tradition.",0.0905
tiny-aya-global,Bengali,22014,শতানীক,NOUN,এক অসুর||শতানীকের বর্ণনা পুরাণে পাওয়া যায়।,one of the evil spirits of traditional Jewish and Christian belief,"A demon or evil spirit, often associated with the ancient Bengali mythology.",0.5937
tiny-aya-global,Bengali,28618,অস্বাস্থ্যকর,ADJECTIVE,যা স্বাস্থ্যের পক্ষে ক্ষতিকারক হয়|| অস্বাস্থ্যকর ভোজন তথা থাকা-খাওয়া অনেক রোগের জন্ম দেয়,"not sanitary or healthful; ""unsanitary open sewers""; ""grim and unsanitary conditions""",Unhealthy,0.3806
tiny-aya-global,Bengali,17451,স্বরাষ্টক,NOUN,একটি সংকর রাগ||সঙ্গীতজ্ঞ স্বরাষ্টক গাইছেন,any of various fixed orders of the various diatonic notes within an octave,A composite musical piece or a conductor of a composite musical piece.,0.2545
tiny-aya-global,Bengali,7244,রাধুনি,NOUN,অন্যদের বাড়িতে যিনি খাবার বানান||আমাদের রাধুনি খুব সুস্বাদু খাবার বানায়,someone who cooks food,"A cook who prepares food for others, often in a household or community setting.",0.5221
tiny-aya-global,Bengali,33793,সম্মতি প্রদত্ত,ADJECTIVE,সম্মতির বা সম্মতি সম্পর্কিত|| ও সম্মতি প্রদত্ত জমি দিতে অস্বীকার করে দিল,"relating to or having the character of a promise; ""promissory note""",Given consent,0.4989
tiny-aya-global,Bengali,16111,গান্ধার,NOUN,একটি সংকর রাগ||গান্ধার বহু রাগ এবং রাগিনীর মিশ্রণে সৃষ্ট,any of various fixed orders of the various diatonic notes within an octave,A composite raga formed by the blending of multiple ragas and raginis.,0.0141
tiny-aya-global,Bengali,7677,নিয়ে আসা,VERB,নিজের পক্ষে নেওয়া|| উকিল বিরোধী পক্ষের সাক্ষীকে নিজের পক্ষে নিয়ে এসেছে,"bring together in a common cause or emotion; ""The death of their child had drawn them together""",brought,0.4485
tiny-aya-global,Bengali,827,সুপুত্র,NOUN,সেই পুত্র যে সুপথগামী বা যার চাল-চলন ভালো || পুত্র একটাই হক কিন্তু যেন সুপুত্র হয়,"a male human offspring; ""their son became a famous judge""; ""his boy is taller than he is""","A son who is virtuous, well-behaved, and follows the right path; a virtuous son.",0.61
tiny-aya-global,Bengali,4678,বিকশিত হওয়া,VERB,বিকশিত হওয়া|| আমার ব্যবসা ধীরে ধীরে বিকশিত হচ্ছে,"become larger, greater, or bigger; expand or gain; ""The problem grew too large for me""; ""Her business grew fast""","to develop or grow, especially gradually",0.3945
tiny-aya-global,Bengali,34545,আলোর খুঁটি,NOUN,বাইরে থাকে এমন একটি স্তম্ভ যেটিতে কোনও বাল্ব বা আলো লাগানো থাকে||তারা দুজন রাস্তার ধারে আলোর খুঁটির নিচে দাঁড়িয়ে কথা বলছে।,a metal post supporting an outdoor lamp (such as a streetlight),"A streetlight pole, typically a vertical structure equipped with a bulb or light source, often found along roads.",0.8343
tiny-aya-global,Bengali,23127,কালসিরী,NOUN,এক প্রকারের বুলবুল||কালসিরীর মাথা কালো হয়।,European songbird noted for its melodious nocturnal song,A type of bulbul whose head turns black.,0.2176
tiny-aya-global,Bengali,22027,সতানন্দ,NOUN,গৌতম ঋষির এক পুত্র||সতানন্দের বর্ণনা পুরাণে পাওয়া যায়।,an imaginary being of myth or fable,"Satyanda, a son of Gautama Rishi, whose description can be found in the Puranas.",0.3358
tiny-aya-global,Bengali,15599,ঠোঁট এবং থুতনির মধ্যবর্তী অংশ,NOUN,ঠোঁট এবং থুতনির মধ্যবর্তী অংশ||তার ঠোঁট এবং থুতনির মধ্যবর্তী অংশে একটা তিল আছে,a farmer who works land owned by someone else,"The area between the lips and the chin, often where a mole or other mark may be found.",0.0226
tiny-aya-global,Bengali,28280,থিয়োডোলাইট,NOUN,অনুভূমিক এবং উল্লম্ব কোণ মাপার একটি উপকরণ||থিয়োডোলাইটে একটা ছোট দূরবীন লাগানো থাকে,"a surveying instrument for measuring horizontal and vertical angles, consisting of a small telescope mounted on a tripod","A device used to measure horizontal and vertical angles, typically equipped with a small telescope.",0.9063
tiny-aya-global,Bengali,22622,বিদ্যুত্-কেশ,NOUN,একটি রাক্ষস||বিদ্যুত্-কেশ হেতি নামক রাক্ষসের পুত্র ছিলেন।,one of the evil spirits of traditional Jewish and Christian belief,a demon with lightning hair,0.2414
tiny-aya-global,Bengali,25581,আশাবাদী,ADJECTIVE,আশাবাদের বা আশাবাদ সম্পর্কিত|| আশাবাদী মনোভাবে শরীরে কিছু মহত্বপূর্ণ রাসায়নিক পরিবর্তন হয়,"expecting the best in this best of all possible worlds; ""in an optimistic mood""; ""optimistic plans""; ""took an optimistic view""",Optimistic,0.3668
tiny-aya-global,Bengali,24766,সিহোর,NOUN,মধ্যপ্রদেশের একটি শহর || আমি বাস্কেট বল প্রতিযোগিতায় অংশগ্রহণ করতে সিহোরে গিয়েছিলাম,"a large and densely populated urban area; may include several independent administrative districts; ""Ancient Troy was a great city""","A city in Madhya Pradesh, India, known for its basketball competition.",0.3503
tiny-aya-global,Bengali,29424,হার্প,NOUN,একপ্রকার তন্তুবাদ্য||হার্প বীণার মতো হয়,a chordophone that has a triangular frame consisting of a sounding board and a pillar and a curved neck; the strings stretched between the neck and the soundbox are plucked with the fingers,"A stringed instrument with a single plucked string, typically played by drawing a bow across it.",0.6832
tiny-aya-global,Bengali,1699,নিয়োগ,NOUN,নিযুক্ত করা বা হওয়ার ক্রিয়া বা ভাব|| নৌ সেনায় নাবিক পদে শ্যামের নিয়োগ হয়েছে,"the act of putting a person into a non-elective position; ""the appointment had to be approved by the whole committee""","Employment or the act of being hired; appointment to a position, especially in the naval service.",0.5174
tiny-aya-global,Bengali,2002,সাকার,ADJECTIVE,যার আকার রয়েছে|| রাম গোঁসাই তুলসীদাসের সাকার ঈশ্বর,having or given a form or shape,has the form of,0.5886
tiny-aya-global,Bengali,24179,বামাকো,NOUN,মালীর রাজধানী|| বামাকো নাইজার নদীর তীরে অবস্হিত,the capital of Mali; located in the south on the Niger,"The capital of Mali, located on the banks of the Niger River.",0.911
tiny-aya-global,Bengali,22143,রুক্মমাহু,NOUN,ভীষ্মকের এক পুত্র||রুক্মমালী ও রুক্মমাহু ভাই ছিলেন।,an imaginary being of myth or fable,"The sons of Bhishma, including Rukmhayu, were brothers to Rukmalie.",0.0926
tiny-aya-global,Bengali,35219,রেল মন্ত্রালয়,NOUN,রেল মন্ত্রীর কার্যালয় বা বিভাগ||আজকাল রেল মন্ত্রালয়ের লোকসান হচ্ছে।,building where the business of a government department is transacted,Ministry of Railways,0.474
tiny-aya-global,Bengali,28600,পরিচালনা করা,VERB,সঞ্চালিত করা|| তিনি এই সম্মেলনটি সফল ভাবে পরিচালনা করেছেন,"plan, organize, and carry out (an event); ""the neighboring tribe staged an invasion""","To conduct or manage something effectively, often referring to overseeing an event, meeting, or process.",0.4254
tiny-aya-global,Bengali,27533,অ্যান্টেনা,NOUN,"একের বেশী তারযুক্ত একটি বৈদ্যুতিক উপকরণ যা রেডিও,দূরদর্শন ইত্যাদিকে সংকেত প্রেরণ করে বা তা থেকে সংকেত গ্রহণ করে||অ্যান্টেনার তার টিভির সঙ্গে জুড়ে দিন",an electrical device that sends or receives radio or television signals,"A device with multiple wires, used to transmit or receive signals in radio, television, or other communication systems.",0.8913
tiny-aya-global,Bengali,2126,অন্তর্যামী,ADJECTIVE,সবার মনে থাকে যে এবং সবার মনের কথা জানে যে|| ঈশ্বর অন্তর্যামী,infinitely wise,Omniscient,0.3403
tiny-aya-global,Bengali,14819,চন্দ্রপুলি,NOUN,খোয়া ভরা এক প্রকার মিষ্টি||মিষ্টির দোকান থেকে তিনি এক কিলো চন্দ্রপুলি কিনলেন,a food rich in sugar,"A type of sweet filled with khoya, commonly sold in sweet shops.",0.5406
tiny-aya-global,Bengali,30303,পূজ্যতা,NOUN,"পূজনীয় হওয়ার অবস্হা বা ভাব|| তুলসী,অশ্বথ্থ ইত্যাদির পূজ্যতা পূরাণে বণিত আছে",the quality of deserving veneration,"The state or quality of being revered or honored, often associated with sacred objects or practices in Hindu traditions.",0.6332
tiny-aya-global,Bengali,4705,কীটনাশক,NOUN,কীটপতঙ্গ মারার জন্য ব্যবহৃত রসায়ন|| ফসলকে রোগ থেকে বাঁচানোর জন্য কীটনাশক প্রয়োগ করা হয়,a chemical used to kill pests (as rodents or insects),"A chemical agent used to kill insects or pests, primarily applied to crops to protect them from diseases and damage.",0.8617
tiny-aya-global,Bengali,27679,নাম দেওয়া,VERB,তথ্য বা সম্বোধনের জন্য কারও কোনও নাম দেওয়া বা তাকে সংজ্ঞা প্রদান করা|| ও নিজের উপন্যাসের নাম দিল দেশভক্ত,"assign a specified (usually proper) proper name to; ""They named their son David""; ""The new school was named after the famous Civil Rights leader""","To identify or address someone, provide a name or identify them; to define or specify someone or something.",0.4411
tiny-aya-global,Bengali,35725,বীঈদা,NOUN,লিবিয়ার তৃতীয় বৃহত্তম শহর||বীঈদাকে মুসলমান বিদ্রোহীরা ইসলামী রাষ্ট্র ঘোষণা করেছে,"a large and densely populated urban area; may include several independent administrative districts; ""Ancient Troy was a great city""","The third largest city in Libya, where Muslim rebels declared an Islamic state.",0.2662
tiny-aya-global,Bengali,32443,মাল্যবান,NOUN,একজন গন্ধর্ব যিনি ইন্দ্রের অভিশাপে পিশাচ হয়ে গিয়েছিলেন||মাল্যবান দ্বারা অজান্তে জয়া একাদশীর ব্রত পূর্ণ হবার ফলে তার উদ্ধার হয়ে গেছে,an imaginary being of myth or fable,"A demigod transformed into a demon by Indra's curse, later redeemed through the accidental fulfillment of a Jaiya Eleventh Day vow.",0.4102
tiny-aya-global,Bengali,16541,জয়েত্,NOUN,ষাড়ব জাতির একটি রাগ||জয়েত্ পুরিয়া এবং কল্যাণের মিশ্রণে সৃষ্ট,any of various fixed orders of the various diatonic notes within an octave,"A victory dance or ritual performed by the Shadhar caste, involving a harmonious blend of joy and prosperity.",0.0398
tiny-aya-global,Bengali,16566,মহাসান্তপন,NOUN,একটি ব্রত বিশেষ||মহাসান্তপনে পাঁচ দিন পর্যন্ত পঞ্চগব্য তারপর ষষ্ঠ দিন কুশ জল পান করা হয় এবং সপ্তম দিন উপবাস করা হয়,"a solemn pledge (to oneself or to another or to a deity) to do something or to behave in a certain manner; ""they took vows of poverty""","A religious fast observed by Hindus, involving a five-day period of fasting and meditation, followed by six days of water intake from a sacred source, and a seventh day of complete fasting.",0.3232
tiny-aya-global,Bengali,373,পাশে,ADVERB,"সময়, স্থান প্রভৃতির বিচারে একটু দূরে কম দূরত্বে অবস্থিত|| তার কার্যালয় পাশেই","not far away in relative terms; ""she works nearby""; ""the planets orbiting nearby are Venus and Mars""","adjacent to, near, close to",0.6481
tiny-aya-global,Bengali,8946,আশ্বস্ত,ADJECTIVE,যিনি আশ্বস্ত|| আপনার এতটুকু বলাতেই আমি এখন আশ্বস্ত হয়ে গেছি,"having confidence restored; freed from anxiety; ""reassured by her praise he pressed on""",assured,0.3855
tiny-aya-global,Bengali,19877,পানামা,NOUN,মধ্য আমেরিকার একটি দেশ||পানামার উত্তরে ক্যারিবিয়ান সাগর এবং দক্ষিণে প্রশান্ত মহাসাগর,a republic on the Isthmus of Panama; achieved independence from Colombia in 1903,"A country in Central America, bordered by the Caribbean Sea to the north and the Pacific Ocean to the south.",0.6022
tiny-aya-global,Bengali,13258,আশি,ADJECTIVE,সত্তর এবং দশ|| বাসে আশি জন লোক ছিল,being ten more than seventy,80,0.4612
tiny-aya-global,Bengali,18240,মরকোটী,NOUN,এক ধরণের মিষ্টি||রঘুনন্দন মরকোটী খাচ্ছে,a food rich in sugar,a type of sweet,0.692
tiny-aya-global,Bengali,4413,ম্লান হওয়া,VERB,ঔজ্জ্বল্য কমে যাওয়া|| খারাপ খবর শুনে ওর মুখ শুকিয়ে গেল,"lose freshness, vigor, or vitality; ""Her bloom was fading""",to become dim or faded,0.3806
tiny-aya-global,Bengali,21350,হেমধন্না,NOUN,একাদশতম মনুর পুত্র||হেমধন্নার বর্ণনা পুরাণে পাওয়া যায়।,an imaginary being of myth or fable,"Hemadahaṇa refers to the son of Manu in the Eleventh Manusmriti, as described in Hindu mythology.",0.3558
tiny-aya-global,Bengali,6193,দুধ,NOUN,গাছ পালার পাতা ও ডালের সাদা রস|| ছেঁড়া পাতা থেকে দুধ নির্গত হচ্ছে,a milky exudate from certain plants that coagulates on exposure to air,"The Bengali word ""দুধ"" (dhuḍh) refers to the milky sap or juice produced by the sapwood of trees, particularly from the bark of certain plants. It is also used metaphorically to describe a milky substance, such as the milk of animals or humans.",0.2535
tiny-aya-global,Bengali,20801,সিঙ্গাপুরি ডলার,NOUN,সিঙ্গাপুরে যে মুদ্রা চলে||এক সিঙ্গাপুরি ডলার আঠাশ টাকার সমান হয়,the basic unit of money in Singapore,"The Singapore dollar is the official currency of Singapore, used for transactions within the country and internationally. It is represented by the symbol SGD and is subdivided into 100 cents. The exchange rate is approximately 1 SGD = 1.3050 USD (as of June 2024).",0.8326
tiny-aya-global,Bengali,22835,হয়গ্রীব,NOUN,বিষ্ণুর চব্বিশটা অবতারের মধ্যে একটি||হয়গ্রীবের শরীর মানুষের মতো ও মাথা ঘোড়ার মতো ছিল।,"the manifestation of a Hindu deity (especially Vishnu) in human or superhuman or animal form; ""the Buddha is considered an avatar of the god Vishnu""","A form of Vishnu with a horse's head and a human body, one of the 24 avatars of Vishnu.",0.7859
tiny-aya-global,Bengali,20771,আনন্দভৈরবী,NOUN,একটি রাগিনী||আনন্দভৈরবী ভৈরব রাগের একটি রাগিনী বলে মনে করা হয়।,any of various fixed orders of the various diatonic notes within an octave,"A raga named Anandbhairavi, considered a raga within the Vairavi raga family.",0.0486
tiny-aya-global,Bengali,28747,পাহারিদারি ভাতা,NOUN,পাহারাদারি করে প্রাপ্ত পারিশ্রমিক||ও ছয় হাজার টাকা পাহারিদারি ভাতা পায়,"something that remunerates; ""wages were paid by check""; ""he wasted his pay on drink""; ""they saved a quarter of all their earnings""","The English definition is: **""The salary or allowance received for guarding or security duties.""**",0.4292
tiny-aya-global,Bengali,8578,উপসর্গ,NOUN,সেই উপশব্দ যা কোনও শব্দের আগে বসিয়ে কোনও অর্থ বিশেষভাবো বোঝানো হয়|| মূল শব্দে উপসর্গ লাগানোর ফলে তার অর্থ বদলে যায়,an affix that is added in front of the word,"A prefix that is added to the beginning of a word to modify or alter its meaning, often to convey a specific nuance or additional information.",0.5652
tiny-aya-global,Bengali,8636,সিন্দুরি আম,NOUN,একটা ছোট মিষ্টি সুগন্ধযুক্ত আম||সে ফলের দোকান থেকে দু কিলো সিন্দুরি আম কিনেছে,"large oval tropical fruit having smooth skin, juicy aromatic pulp, and a large hairy seed",a small sweet-scented fruit,0.7678
tiny-aya-global,Bengali,27421,জর্জ,NOUN,গ্রেট ব্রিটেনের একজন রাজা||ষোলোশো ষাঠ সালের আঠাশে মে তারিখে প্রথম জর্জ জন্মগ্রহণ করেছিলেন,Elector of Hanover and the first Hanoverian King of Great Britain and Ireland from 1714 to 1727 (1660-1727),"George, a male given name of Greek origin meaning ""earthbound"" or ""earth-giver,"" historically associated with royalty, particularly in the context of Great Britain, where George I was the first George to reign in 1727.",0.3827
tiny-aya-global,Bengali,4638,গোলাবাড়ি,NOUN,যে স্থানে ফসল কেটে রাখা হয় ও ফসল থেকে আনাজ আলাদা করা হয় || রবি ফসল রাখার জন্য চাষি তাঁর গোলাবাড়ি পরিষ্কার করছে,an outlying farm building for storing grain or animal feed and housing farm animals,A place where crops are harvested and grain is separated from the produce.,0.6208
tiny-aya-global,Bengali,5933,তখন,ADVERB,ওই সময়|| যখন রাম এখানে এল তখন তুমি কোথায় ছিলে,"at that time; ""I was young then""; ""prices were lower back then""; ""science as it was then taught""",at that time,0.4286
tiny-aya-global,Bengali,36445,নারকেলের জল,NOUN,নারকেলের ফলের ভেতরের জল || নারকেলের জল অত্যন্ত উপকারী যা যে কোনও মরশুমে খাওয়া যায়,clear to whitish fluid from within a fresh coconut,"The water from the coconut, obtained by extracting the liquid inside the coconut fruit.",0.847
tiny-aya-global,Bengali,25270,মুজফ্ফরনগর জেলা,NOUN,উত্তর প্রদেশের একটি জেলা || মুজফ্ফরনগর জেলার প্রধান কার্যালয় মুজফ্ফরনগরে অবস্থিত,a region marked off for administrative or other purposes,The district headquarters of Muzaffarnagar is located in Muzaffarnagar.,0.1717
tiny-aya-global,Bengali,471,লেজ,NOUN,"পশু,পাখি প্রভৃতিদের শরীরের পেছনের দিকের লম্বা অংশ|| গরু,মহিষ প্রভৃতি প্রাণীরা লেজ দিয়ে পোকা-মাকড় তাড়ায়",the posterior part of the body of a vertebrate especially when elongated and extending beyond the trunk or main part of the body,"A long, slender appendage attached to the rear of an animal's body, used for balance, communication, or hunting.",0.6059
tiny-aya-global,Bengali,6776,পট,NOUN,পাথরের চৌকাকার বা লম্বাকার সমতল কাটা টুকরো||চিত্রকার পটের উপর কিছু লিখছে,(formerly) a writing tablet made of slate,"A flat, rectangular piece of stone or wood, often carved or cut, used for various purposes such as writing, drawing, or as a base for other objects.",0.6447
tiny-aya-global,Bengali,3996,জলঘড়ি,NOUN,একটি প্রাচীন যন্ত্র যাতে কাঠের গামলায় জলে একটা ফুটো করা একটা ছোটো বাটি থাকে ও এই বাটির জলের পরিমাণ থেকে সময়ের জানা যায় || বর্তমানকালে জলঘড়ির প্রচলন নেই,clock that measures time by the escape of water,"A water clock is an ancient timekeeping device consisting of a wooden bowl filled with water, through which a small cup is pierced, allowing water to flow out. The amount of water that flows out over a set period indicates the passage of time.",0.819
tiny-aya-global,Bengali,14830,চান্দ্রায়ণ,NOUN,মাসের একটি ব্রত যাতে চাঁদের হ্রাস-বৃদ্ধি অনুসারে ভোজনের পরিমাণ বাড়াতে-কমাতে হয়||রবিশঙ্কর মহাশয় চান্দ্রায়ণ ব্রত করতেন,"a solemn pledge (to oneself or to another or to a deity) to do something or to behave in a certain manner; ""they took vows of poverty""","A lunar fast observed during a month, where the amount of food is adjusted according to the waxing and waning phases of the moon.",0.1259
tiny-aya-global,Bengali,24565,জ্যোতিবা ফুলে নগর জেলা,NOUN,উত্তর প্রদেশের একটা জেলা || জ্যোতিবা ফুলে নগর জেলার প্রধান কার্যালয় জ্যোতিবা ফুলে নগরে অবস্থিত,a region marked off for administrative or other purposes,"The administrative headquarters of Jyotiba Phule Nagar District, located in Uttar Pradesh, serves as the central office for the district's governance.",0.2256
tiny-aya-global,Bengali,21454,চৌবাইন,NOUN,চৌবের স্ত্রী||চৌবাইন খুব কঞ্জুস।,a married woman; a man' s partner in marriage,"A woman who is stingy or frugal, particularly in the context of a chouber's wife.",0.4896
tiny-aya-global,Bengali,2858,অপ্রাসঙ্গিক,ADJECTIVE,যা প্রসঙ্গ-সম্পর্কিত নয়|| অপ্রাসঙ্গিক কথায় প্রচুর সমস্যার সৃষ্টি হয়,not appropriate to the purpose,Irrelevant,0.3838
tiny-aya-global,Bengali,24524,নাপিতালয়,NOUN,"যে স্হানে চুল,দাড়ি ইত্যাদি কামানো|| আমি বেশীরভাগ সময় এই সেলুন থেকে চুল কাটাই",a shop where men can get their hair cut,"a place where hair, beard, etc. are cut",0.7805
tiny-aya-global,Bengali,26042,ইম্ফল পূর্ব জেলা,NOUN,ভারতের মণিপুর রাজ্যের একটি জেলা || ইম্ফল পূর্ব জেলার প্রধান কার্যালয় পোরামপেট শহরে অবস্থিত,a region marked off for administrative or other purposes,"The Imphal East District is one of the districts in the state of Manipur, India. Its administrative headquarters are located in the town of Porompet.",0.2492
tiny-aya-global,Bengali,26069,গিরিডি জেলা,NOUN,ভারতের ঝাড়খণ্ড রাজ্যের একটি জেলা || গিরিডি জেলার প্রধান কার্যালয় গিরিডি শহরে অবস্থিত,a region marked off for administrative or other purposes,"The Giridi Dham is a sacred site in the state of Jharkhand, India, known for its religious significance and historical importance. It is a place of pilgrimage and spiritual practice, attracting devotees and tourists alike.",0.1571
tiny-aya-global,Bengali,3047,পূজা করা,VERB,"দেবী-দেবতাদের প্রসন্ন করার জন্য শ্রদ্ধা, সম্মান,বিনয় প্রভৃতি প্রকট করা|| সাধুরা সর্বদা ভগবানের পূজা করেন","show devotion to (a deity); ""Many Hindus worship Shiva""","to worship, to honor, to pay respect, to venerate",0.6481
tiny-aya-global,Bengali,21314,খজরী,NOUN,খজরি আমের গাছ||গায়ত্রী আম ভর্তি খজরী গাছটা হাঁ করে দেখছে।,large evergreen tropical tree cultivated for its large oval fruit,"A type of tree with large, round fruits, often associated with the Gauri Am.",0.7446
tiny-aya-global,Bengali,18553,সওয়াসন,NOUN,একটি গাছ||এই জঙ্গলে সওয়াসন গাছের আধিক্য রয়েছে,any of various plants of the genus Sesbania having pinnate leaves and large showy pea-like flowers,A tree species abundant in this jungle.,0.4415
tiny-aya-global,Bengali,25947,বেগুসরায় জেলা,NOUN,ভারতের বিহার রাজ্যের একটি জেলা || বেগুসরায় জেলার প্রধান কার্যালয় বেগুসরায় শহরে অবস্থিত,a region marked off for administrative or other purposes,"The English definition is: **Barguna District**, a district in the Indian state of Bangladesh, with its administrative headquarters in the town of Barguna.",0.3104
tiny-aya-global,Bengali,10312,হত্যাকারী,NOUN,সেই ব্যক্তি যিনি কাউকে খুন করেছেন অথবা করেন|| হত্যাকারীকে ফাঁসীর শাস্তি শোনানো হয়েছে,a criminal who commits homicide (who performs the unlawful premeditated killing of another human being),one who has committed or is about to commit murder,0.8121
tiny-aya-global,Bengali,1694,প্রদান,NOUN,কাউকে কিছু দেওয়ার ক্রিয়া|| মূখ্য অতিথি বাচ্চাদের পুরস্কার প্রদান করলেন/ঈশ্বর মানুষকে বহু মূল্যবান উপহার প্রদান করেছেন,the act of giving,The act of giving or bestowing something upon someone.,0.5272
tiny-aya-global,Bengali,12861,মাতাল,NOUN,মদ খেয়েছে এমন ব্যক্তি|| মাতাল টলতে টলতে চলছে,someone who is intoxicated,drunk,0.5751
tiny-aya-global,Bengali,2041,অসংগতিপূর্ণ,ADJECTIVE,যা অসংগত কথায় পূর্ণ|| অসংগতিপূর্ণ কথা বোলোনা,"having no intelligible meaning; ""nonsense syllables""; ""a nonsensical jumble of words""",incoherent,0.2157
tiny-aya-global,Bengali,7841,ল্যাঙোট,NOUN,কোমরে বাঁধার কাপড় যা পুংচিহ্ন ও পশ্চাত্ ঢেকে রাখে||ব্যায়ামাগারে লোকজন ল্যাঙোট পরে ব্যায়াম করে,a garment that provides covering for the loins,"A loincloth, a piece of cloth worn around the waist to cover the lower body, often used in traditional or cultural contexts.",0.7705
tiny-aya-global,Bengali,11966,ঘষা,VERB,যা ঘষে ঘষে টানা হয়|| সে মেজোর বই আমার দিকে ঠেলে দিল/ মামা আমাকে সতরঞ্চির ওপর ঘষে আনলো,"pull, as against a resistance; ""He dragged the big suitcase behind him""; ""These worries were dragging at him""","To push or shove something or someone with force, often by rubbing or striking repeatedly.",0.2717
tiny-aya-global,Bengali,2503,তাজা,ADJECTIVE,যা ম্লান বা মলিন নয়|| সীতা মন্দিরে তাজা ফুল অর্পণ করছে,"recently made, produced, or harvested; ""fresh bread""; ""a fresh scent""","fresh, not faded or dull",0.6072
tiny-aya-global,Bengali,25785,চাম্বা জেলা,NOUN,ভারতের হিমাচল প্রদেশ রাজ্যের একটি জেলা || চাম্বা জেলার প্রধান কার্যালয় চম্বা শহরে অবস্থিত,a region marked off for administrative or other purposes,"A district in the Indian state of Himachal Pradesh, with its administrative headquarters in the town of Chamba.",0.22
tiny-aya-global,Bengali,5277,লুকোনো,VERB,কোনও কথা ইত্যাদি প্রকট না করা|| তুমি এই কথা সকলের থেকে লুকোলে কেন,"hide from view or knowledge; ""The President covered the fact that he bugged the offices in the White House""",to conceal or hide something from others,0.5518
tiny-aya-global,Bengali,17141,ছিট্,NOUN,ছোটো দাগ||প্রজাপতির পাখায় রঙ-বেরঙের ছিট্ থাকে,"a patch of bright color; ""her red hat gave her outfit a splash of color""","A small spot or mark, often referring to the colorful patterns on butterfly wings.",0.4331
tiny-aya-global,Bengali,25301,সিদ্ধার্থনগর,NOUN,উত্তর প্রদেশের একটি জেলা || সিদ্ধার্থনগর জেলার প্রধান কার্যালয় নবগড়ে অবস্থিত,a region marked off for administrative or other purposes,"The district headquarters of Uttar Pradesh, located in the town of Navagaon.",0.2008
tiny-aya-global,Bengali,1848,শ্রুত,ADJECTIVE,যা শোনা হয়েছে|| আমার নিরক্ষর দিদিমা আমাদের শ্রুত গল্পকথা শুনাতেন,"detected or perceived by the sense of hearing; ""a conversation heard through the wall""",heard,0.6733
tiny-aya-global,Bengali,24406,তালিন,NOUN,এস্টোনিয়ার রাজধানী || তালিন এস্টোনিয়ার প্রধান শহর,a port city on the Gulf of Finland that is the capital and largest city of Estonia,The capital city of Estonia.,0.5928
tiny-aya-global,Bengali,32496,অহি,NOUN,একুশটি বর্ণের একটি ছন্দ||অহিতে প্রথমে ছয়টি ভগণ এবং শেষে মগণ থাকে,(prosody) a system of versification,"A poetic meter in Bengali poetry, characterized by six vowel sounds (vagan) at the beginning and six consonant sounds (magan) at the end.",0.3306
tiny-aya-global,Bengali,20456,অপরাতঙ্ক,NOUN,পশ্চিম দিশায় অবস্থিত একটি পর্বত||যোগীরাজ অপরাতঙ্ক পর্বতে তপস্যা করছে।,a land mass that projects well above its surroundings; higher than a hill,"an unyielding mountain in the west, where the yogi raj performs his penance.",0.3771
tiny-aya-global,Bengali,4326,কম করা,VERB,"মূল্য,অর্থ ইত্যাদি কমানো|| সরকার এই বছর সরকারী ঋণে কম করছে","cut down on; make a reduction in; ""reduce your daily fat intake""; ""The employer wants to cut back health benefits""","to reduce or decrease something, such as cost, value, or amount",0.4886
tiny-aya-global,Bengali,26892,দুই,NOUN,কোন ইংরাজী মাসের সেই তারিখ যা দ্বিতীয় স্হানে আসে|| আমাদের স্কুল এই মাসের দুই তারিখ খুলবে,"the specified day of the month; ""what is the date today?""",The second day of the month.,0.6803
tiny-aya-global,Bengali,32142,অশ্বতর,NOUN,এক গন্ধর্ব||অশ্বতর এর বর্ণনা গিন্দু ধর্মগ্রন্থে পাওয়া যায়,an imaginary being of myth or fable,"A celestial being or a demigod, often associated with the divine realm in Hindu mythology.",0.6479
tiny-aya-global,Bengali,138,অনুসন্ধান,NOUN,কোনো বিষয়কে ভালোভাবে অনুশীলন করে সে সম্পর্কে নতুন তথ্য খুঁজে বার করার ক্রিয়া|| রোবোট বৈজ্ঞানিক অনুসন্ধানের একটি ফল,systematic investigation to establish facts,"The process of systematically investigating or exploring to uncover new information or discover something, often involving research or inquiry.",0.3885
tiny-aya-global,Bengali,16387,বরারী,NOUN,সম্পূর্ণ জাতির একটি রাগিনী||বরারী দুপুর বেলা গাওয়া হয়,any of various fixed orders of the various diatonic notes within an octave,"A traditional Bengali folk song or tune, often performed during the afternoon, representing a communal or cultural expression.",0.0788
tiny-aya-global,Bengali,9068,দণ্ডাদেশ,NOUN,দণ্ডের আজ্ঞা বা আদেশ||দণ্ডাদেশ শুনেই অপরাধি অজ্ঞান হয়ে গেল,the act of punishing,"A sentence of punishment or order issued by a court, which, upon being read aloud, caused the offender to lose consciousness.",0.3525
tiny-aya-global,Bengali,21462,বুরহানপুর,NOUN,মধ্য প্রদেশের একটি শহর||বুরহানপুর থেকে সতপুড়ার পাহাড়ের দূরত্ব মাত্র কুড়ি কিলোমিটার।,"a large and densely populated urban area; may include several independent administrative districts; ""Ancient Troy was a great city""","A town in the middle province of Bangladesh, located about twenty kilometers from the hills of Satpura.",0.2224
tiny-aya-global,Bengali,31312,হরি,NOUN,"কাশ্যপের ক্রোধবশা নামক পত্নীর গর্ভজাত দশটি কন্যার মধ্যে একটি||হরি থএকে সিংহ,বাঁদর ইত্যাদিদের উত্পত্তি হয়েছিল বলে মনে করা হয়",an imaginary being of myth or fable,"The Bengali word ""হরি"" (Hari) refers to the first of ten daughters born to Kashyapa, a celestial being, and is considered the source from which various animals like lions and bears are believed to have originated.",0.2983
tiny-aya-global,Bengali,5364,কাগুজে,ADJECTIVE,কাগজে লেখা|| তিনি ন্যায়াধ্যক্ষের সামনে কাগুজে প্রমাণ পেশ করলেন,"set down in writing in any of various ways; ""written evidence""",written on paper,0.6904
tiny-aya-global,Bengali,25470,অষ্টকোণ,NOUN,আটটি কোণযুক্ত বা আটটি বাহুযুক্ত কোনো বস্তু বা আকৃতি|| এই অষ্টকোণের সকল বাহুর দৈর্ঘ্য এবং সকল কোণের মাপ বল,an eight-sided polygon,"An octagon is a two-dimensional shape with eight straight sides and eight vertices, forming a closed figure with equal angles.",0.6803
tiny-aya-global,Bengali,27213,ভিটামিন পি,NOUN,একপ্রকার ভিটামিন||ভিটামিন পি কোষের প্রতিরোধ ক্ষমতা বজায় রাখে,a vitamin that maintains the resistance of cell and capillary walls to permeation,Vitamin P is a type of vitamin that helps maintain the body's immune system.,0.5246
tiny-aya-global,Bengali,2922,ফোটো,NOUN,"কোনও বস্তু, ব্যক্তি ইত্যাদির হুবহুভআবে বানানো প্রতিকৃতি|| উনি নিজের ঘরে মহাপুরুষদের ছবি লাগিয়ে রেখেছেন","a visual representation (of an object or scene or person or abstraction) produced on a surface; ""they showed us the pictures of their wedding""; ""a movie is a series of images projected so rapidly that the eye integrates them""","A photograph or picture that accurately represents a person, object, or scene.",0.6266
tiny-aya-global,Bengali,19759,আরব সাগর,NOUN,ভারত এবং আরব সাগরের মধ্যবর্তী সমুদ্র|| সিন্ধু নদ আরব সাগরে পতিত হয়,a northwestern arm of the Indian Ocean between India and Arabia,"The Arabian Sea is a marginal sea of the Indian Ocean, lying between the Indian subcontinent and the Arabian Peninsula. It is connected to the Arabian Sea by the Gulf of Oman and the Gulf of Aden.",0.7388
tiny-aya-global,Bengali,2492,অপরিমাপিত,ADJECTIVE,যা মাপা হয়নি|| অপরিমাপিত ক্ষেত্রটির বাঁটোয়ারার সময় প্রচুর বিবাদ হয়েছে,not measured,"Unquantifiable or unmeasurable, referring to a concept or situation that cannot be defined or measured in a standard way.",0.2599
tiny-aya-global,Bengali,354,মকর রাশি,NOUN,"বারোটি রাশির মধ্যে দশমতম রাশি যাতে উত্তরাষাঢ়া নক্ষত্রের অন্তিম তিনটি পাদ,সম্পূর্ণ শ্রবণ এবং ধনিষ্ঠার শুরুর দুটি পাদ থাকে|| আমি মকর রাশির বার্ষিক ভাগ্যফল জানতে চাই",the tenth sign of the zodiac; the sun is in this sign from about December 22 to January 19,"The tenth sign of the zodiac, represented by the constellation Makar, which includes the final three phases of the star Ursa Minor, the beginning of the phase of Shravan, and the two phases of Dhani.",0.7003
tiny-aya-global,Bengali,25859,ডোডা জেলা,NOUN,ভারতের জম্মু কাশ্মীর রাজ্যের একটি জেলা || ডোডা জেলার প্রধান কার্যালয় ডোডা শহরে অবস্থিত,a region marked off for administrative or other purposes,Dodra District is a district in the Indian state of Jammu and Kashmir. Its administrative headquarters are located in the city of Dodra.,0.2398
tiny-aya-global,Bengali,12102,যা উড়তে পারে না,ADJECTIVE,উড়তে অসমর্থ যে|| মোরগ হল এমন এক পাখি যা উড়তে পারে না,incapable of flying,one that cannot fly,0.6554
tiny-aya-global,Bengali,31077,দশ লাখ,NOUN,দশ লাখের সংখ্যা|| দশ লাখের সঙ্গে পঞ্চাশ হাজার যোগ করলে কি সংখ্যা পাওয়া যাবে?,the number that is represented as a one followed by 6 zeros,ten lakh,0.3623
tiny-aya-global,Bengali,20489,আর্যাছন্দ,NOUN,একটি অর্ধ মাত্রিক ছন্দ||আর্যাছন্দে প্রথমে ও তৃতীয় চরণে বারোটা করে ও দ্বিতীয় ও চতুর্থ চরণে পনেরো পনেরোটা করে মাত্রা থাকে।,(prosody) a system of versification,"A half-metrical meter where the first and third lines contain twelve syllables, and the second and fourth lines contain fifteen syllables.",0.3953
tiny-aya-global,Bengali,35388,টেলিভিজন,NOUN,দূরসঞ্চার ব্যবস্থা যা চল ও অচল বস্তুগুলির ছবি দূরস্থ স্থানে প্রসারিত করে||টেলিভিজন অনুসারে এই খবরটা ভুল।,a telecommunication system that transmits images of objects (stationary or moving) between distant points,A remote communication system that transmits images of objects in motion or stillness to distant locations.,0.9044
tiny-aya-global,Bengali,28689,সংস্থার,ADJECTIVE,সংস্থার বা সংস্থার সঙ্গে সম্পর্কিত|| এটা অনেক আমেরিকান সংস্থার বিনিয়োগকারীদের পক্ষে লাভজনক,"relating to or constituting or involving an institution; ""institutional policy""","A term used to describe a group or organization, often referring to a company or institution.",0.5901
tiny-aya-global,Bengali,455,দেবীমন্দির,NOUN,সেই মন্দির যেখানে কোনও দেবীর মূর্তী স্থাপিত করে তাঁর আরাধনা করা হয় || এই দেবীমন্দির শ্রদ্ধালুদের আকর্ষণের কেন্দ্র,place of worship consisting of an edifice for the worship of a deity,"A temple dedicated to the worship of a goddess, where her statue is enshrined, serving as a focal point of reverence for devotees.",0.7816
tiny-aya-global,Bengali,16287,অনুপ্ত,ADJECTIVE,যা বপন করা হয়নি|| হলষষ্ঠীর দিন আমাদের এখানে অনুপ্ত ধানের চাল খাওয়া হয়,"(of a piece of ground) not have a crop sown on it; ""farmland still unsown""",unplanted,0.4627
tiny-aya-global,Bengali,8513,আত্মবলি,NOUN,কোনও কাজের জন্য নিজেকে বলিদান দেওয়ার ক্রিয়া|| ভারতকে স্বাধীণ করার জন্য অনেক নেতাদেরই আত্মবলি দিতে হয়েছে,acting with less concern for yourself than for the success of the joint activity,The act of sacrificing oneself for a cause.,0.4295
tiny-aya-global,Bengali,29129,মাখা,ADJECTIVE,হাত দিয়ে মাখা|| মা বাচ্চাকে মাখা খাবার খাওয়াচ্ছে,"consisting of fine particles; ""powdered cellulose""; ""powdery snow""; ""pulverized sugar is prepared from granulated sugar by grinding""","To mix, blend, or apply something by hand, often in a gentle or intimate manner.",0.4134
tiny-aya-global,Bengali,3366,আতঙ্ক,NOUN,"বহু কঠোর ব্যবহার, অত্যাচার, প্রকোপ ইত্যাদির কারণে লোকের মনে উত্পন্ন হওয়া ভয়|| কাশ্মীরে উগ্রপন্থীদের আতঙ্ক ব্যাপ্ত হচ্ছে",an overwhelming feeling of fear and anxiety,fear,0.7821
tiny-aya-global,Bengali,28153,তৃণমণি,NOUN,একপ্রকার বৃক্ষ||তৃণমণি থেকে প্রাপ্ত আঠা ওষুধ হিসাবে ব্যবহার হয়,a tall perennial woody plant having a main trunk and branches forming a distinct elevated crown; includes both gymnosperms and angiosperms,A type of tree or plant whose sap is used to make a medicine.,0.598
tiny-aya-global,Bengali,27643,পাত্র,NOUN,সেই পাত্র যাতে যজ্ঞের হবিষ্য রান্না করা হয়||পুরোহিত মহাশয় পাত্রে যজ্ঞের হবিষ্য রান্না করছেন,cooking utensil consisting of a wide metal vessel,"a vessel used for cooking or holding food, particularly in rituals or ceremonies, such as a pot or cauldron.",0.743
tiny-aya-global,Bengali,3714,উজ্জ্বল,ADJECTIVE,যা দীপ্তিমান|| তার জামা-কাপড় উজ্জ্বল ছিল এবং তাকে সম্ভ্রান্ত পরিবারের বলেই মনে হচ্ছিল,"(of sound or color) free from anything that dulls or dims; ""efforts to obtain a clean bass in orchestral recordings""; ""clear laughter like a waterfall""; ""clear reds and blues""; ""a light lilting voice like a silver bell""","Shining or bright, referring to a person or thing that exudes a radiant or vivid appearance, often implying a sense of prestige or distinction.",0.4
tiny-aya-global,Bengali,1127,জলবাহিত,ADJECTIVE,জল দ্বারা বাহিত হয়ে আসা (মাটি)|| এই অঞ্চলটি জলবাহিত মাটি দিয়ে তৈরী,of or relating to alluvium,"carried by water, derived from or containing water",0.4047
tiny-aya-global,Bengali,6346,রাইফেল,NOUN,এক ধরনের বন্দুক যা বিশেষত পায়ে হাঁটা সৈনিকদের হাতে থাকে||সিপাই-এর রাইফেল থেকে বেরনো গুলি চোরটার জীবন সমাপ্ত করে দিল,"a shoulder firearm with a long barrel and a rifled bore; ""he lifted the rifle to his shoulder and fired""","rifle (noun): a type of gun typically carried by infantry soldiers, distinguished by its design for ease of use while walking.",0.6177
tiny-aya-global,Bengali,32105,আল,NOUN,বিষাক্ত পোকামাকড় অথবা জানোয়ারের শরীর থেকে বের হওয়া কোন বিষাক্ত তরল পদার্থ||আল দিয়ে খুবই ছোট কিছু জীব মারা যেতে পারে,a toxin resembling bacterial toxins in its antigenic properties that is found in the fluids of certain animals,"A toxic substance or liquid produced by venomous insects or animals, capable of causing harm or death to small organisms.",0.6909
tiny-aya-global,Bengali,24990,নীলগিরি পর্বত,NOUN,দক্ষিণ ভারতের একটি পর্বত || আমরা নীলগিরি পর্বতে বেড়াতে গিয়েছিলাম,hills in southern India,A mountain range in southern India.,0.48
tiny-aya-global,Bengali,2650,সমুদ্র,NOUN,নোনা জলের সেই বিশাল ভাণ্ডার যা চারদিক থেকে পৃথিবীর স্থলভাগকে ঘিরে রয়েছে|| সমুদ্র রত্নের খনি / রাম বানর সেনার সাহায্যে সমুদ্রের উপর সেতু নির্মাণ করেছিলেন,a division of an ocean or a large body of salt water partially enclosed by land,"The vast body of saltwater that surrounds the Earth's landmass on all sides, often metaphorically referred to as a treasure trove or a source of inspiration.",0.5919
tiny-aya-global,Bengali,28477,পকেট,NOUN,ছোটখাট মানবসমষ্টি বা বসতি||ওনার শহরের অভ্যন্তরের পকেটে মনোযোগ ছিল,"a small isolated group of people; ""they were concentrated in pockets inside the city""; ""the battle was won except for cleaning up pockets of resistance""",A small group of people or a settlement; a pocket of attention in one's inner city.,0.5593
tiny-aya-global,Bengali,276,সঠিক চিহ্ন. স্বীকৃতি চিহ্ন,NOUN,সঠিক চিহ্ন|| যে বাক্য সঠিক তার আগে সঠিক চিহ্ন দাও,"a mark indicating that something has been noted or completed etc.; ""as he called the role he put a check mark by each student' s name""","Correct punctuation marks the sentence, ensuring clarity and grammatical correctness.",0.4316
tiny-aya-global,Bengali,10624,ফাউনটেন পেন,NOUN,এক প্রকারের কলম যাতে কালি ভরে লেখা হয়ে থাকে||আজকাল ফাউনটেন পেনের তুলনায় ডট্ পেনের ব্যবহার বেশী করা হয়ে থাকে,a pen that is supplied with ink from a reservoir in its barrel,"A type of pen that contains ink for writing, commonly used today in preference to fountain pens.",0.8116
tiny-aya-global,Bengali,20400,গাঢ় করা,VERB,গাঢ় করা|| দুধটা আরো গাঢ় করো,"cook until very little liquid is left; ""The cook reduced the sauce by boiling it for a long time""",To thicken or make something denser.,0.271
tiny-aya-global,Bengali,26621,মহানদী,NOUN,ছত্রিশগড় এবং উড়িষ্যায় প্রবাহিত সবচেয়ে বড় নদী||মহানদী দক্ষিণ থেকে উত্তর দিকে প্রবাহিত হয়,"a large natural stream of water (larger than a creek); ""the river was navigable for 50 miles""","The largest river flowing through Odisha and the Chota Nagpur Plateau, the Ganges flows southward before turning northward.",0.4532
tiny-aya-global,Bengali,2679,অদূরদর্শী,ADJECTIVE,যে ভবিষ্যতে বহুদূর পর্যন্ত দেখতে পায় না|| অদূরদর্শী ব্যক্তি নানা ঝামেলায় জড়িয়ে পড়েন,"lacking foresight or scope; ""a short view of the problem""; ""shortsighted policies""; ""shortsighted critics derided the plan""; ""myopic thinking""","One who lacks foresight or long-term vision, often leading to poor decisions and potential harm.",0.6278
tiny-aya-global,Bengali,34074,অস্থায়ী,ADJECTIVE,যা সহজে একস্থান থেকে অন্যস্থানে রাখা যায় বা নিয়ে যাওয়া যায়|| মেলায় অস্থায়ী শৌচাগারের ব্যবস্থা করা হয়েছিল,"easily or conveniently transported; ""a portable television set""","Temporary or portable, referring to something that can be easily moved from one place to another.",0.7178
tiny-aya-global,Bengali,29055,সাবমারসিবল,NOUN,সেই উপকরণ যা জলের ভিতরে ব্যবহার করার জন্য তৈরী করা হয়||নিমজ্জনযোগ্য উপকরণ অনেক ধরণের হয়,an apparatus intended for use under water,"A submerged vehicle designed to operate underwater, capable of being immersed in water.",0.7825
tiny-aya-global,Bengali,3377,ভাঁড়ার,NOUN,এমন স্থান যেখানে নানা বস্তু সংগ্রহ করা হয়|| এই ভাঁড়ার খাদ্যসামগ্রী রাখার জন্য উপযুক্ত,"a depository for goods; ""storehouses were built close to the docks""","A container or storage space where various items are collected, often used for storing food supplies.",0.4729
tiny-aya-global,Bengali,12841,অনুষ্ঠান,NOUN,কার্যের শুরু|| এই কাজের উদ্ধোধন কে করবেন?,"the act of starting something; ""he was responsible for the beginning of negotiations""","The English definition is: **""The beginning or start of an event or activity.""**",0.5686
tiny-aya-global,Bengali,10793,বৃহত্তম,ADJECTIVE,সর্বাপেক্ষা বিশাল|| বেজিং এ পৃথিবীর বৃহত্তম বিমান বন্দর রয়েছে,"large and impressive in physical size or extent; ""the bridge is a grand structure""",The largest,0.6423
tiny-aya-global,Bengali,30178,স্হিতিস্হাপক,ADJECTIVE,যা পেটালে বা চাপ দিলে না ভেঙ্গে সহজে অন্য আকারে আনা যায়|| কিছু ধাতু স্হিতিস্হাপক হয়,"capable of being shaped or bent or drawn out; ""ductile copper""; ""malleable metals such as gold""; ""they soaked the leather to made it pliable""; ""pliant molten glass""; ""made of highly tensile steel alloy""","A material that can be easily reshaped or reformed when deformed or compressed without breaking, often referred to as malleable.",0.6316
tiny-aya-global,Bengali,26916,বাধা,NOUN,সেই গঠন বা উপকরণ যা গতিকে বা কারোকে সামনে অগ্রসর হতে বাধা দেয়||চেকপোস্টে রেলিং লাগানো আছে/চোর বাধা ভেঙে পালিয়ে গেল,a structure or object that impedes free movement,"An obstacle or barrier that impedes motion or progress, such as a physical barrier or a hindrance.",0.7565
tiny-aya-global,Bengali,18968,ফেটে যাওয়া,VERB,শুকিয়ে যাওয়ার কারণে ফেটে যাওয়া|| দুর্ভিক্ষ হওয়ার কারণে জমি ফেটে গেছে,"crack due to dehydration; ""My lips chap in this dry weather""","To burst or rupture due to pressure or strain, often caused by drying or extreme conditions.",0.5069
tiny-aya-global,Bengali,20405,অস্ট্রেলিয়ান,NOUN,অস্ট্রেলিয়ার নিবাসী||অস্ট্রেলিয়ানরা সবচেয়ে ভালো ক্রিকেট খেলে,a native or inhabitant of Australia,Australian,0.6514
tiny-aya-global,Bengali,5367,চলা,VERB,এক জায়গা থেকে অন্য জায়গায় যাওয়া|| বাচ্চা টলমল করতে করতে চলছে,"use one' s feet to advance; advance by steps; ""Walk, don' t run!""; ""We walked instead of driving""; ""She walks with a slight limp""; ""The patient cannot walk yet""; ""Walk over to the cabinet""",To walk or move from one place to another.,0.5423
tiny-aya-global,Bengali,66,বোঝাপড়া,NOUN,উপযুক্ত এবং সঠিক সংযোগ বা বোঝাপড়া|| ''নিজেদের মধ্যে বোঝাপড়ার দ্বারা অনেক কঠিন কাজ করা সম্ভব হয়,the quality of agreeing; being suitable and appropriate,"Understanding or mutual comprehension, often achieved through shared experiences or mutual respect, enabling the successful completion of challenging tasks.",0.5486
tiny-aya-global,Bengali,13930,শ্বাস,NOUN,নাক বা মুখ দিয়ে প্রাণীদের বায়ু সেবন করার প্রক্রিয়া|| নিশ্বাস এবং প্রশ্বাস শ্বসন ক্রিয়ার অংশ,the act of inhaling; the drawing in of air (or other gases) as in breathing,"The act of taking in air through the nose or mouth, or the process of breathing in air.",0.8622
tiny-aya-global,Bengali,10830,সম্মেলন,NOUN,কোনো বিশেষ উদ্দেশ্যে বা কোনো বিশেষ বিষয়ে বিচার বিবেচনা করার জন্য অনেক মানুষের এক জায়গায় একত্রিত হওয়া|| সম্মেলনে বহু বিদ্বান ব্যক্তি উপস্থিত ছিলেন,a prearranged meeting for consultation or exchange of information or discussion (especially one with a formal agenda),"A meeting or conference where a large number of people gather to discuss a specific purpose or topic, often involving experts or participants.",0.7642
tiny-aya-global,Bengali,28404,সাম্রাজ্য,NOUN,সেই শাসনতন্ত্র যার প্রধান একজন শাসক||শাসক সাম্রাজ্যে কিছু নতুন মন্ত্রীকে স্থান দিয়েছেন,a monarchy with an emperor as head of state,"A kingdom or empire ruled by a monarch, characterized by centralized authority and hierarchical governance.",0.7424
tiny-aya-global,Bengali,31556,পাশী,NOUN,ধৃতরাষ্ট্রের এক পুত্র||ধর্মগ্রন্থে পাশীর বর্ণনা পাওয়া যায়,an imaginary being of myth or fable,"A person who is not a direct descendant of the royal family, often referring to a stepdaughter or a child of a union other than marriage.",0.3285
tiny-aya-global,Bengali,29546,তিতির পাখি,NOUN,তিতির পাখির মাংস যা খাওয়া হয়||মোহন ঝলসানো তিতির খাচ্ছে,flesh of quail; suitable for roasting or broiling if young; otherwise must be braised,"The English definition is: **A type of bird** (specifically a small, colorful bird) whose meat is consumed.",0.4722
tiny-aya-global,Bengali,17406,ছিরোটা,NOUN,এক প্রকার লতা||ছিরোটার রস জলে ফেললে জমে যায়,"a plant with a weak stem that derives support from climbing, twining, or creeping along a surface","A type of creeper; when the sap of the creeper is mixed with water, it solidifies.",0.388
tiny-aya-global,Bengali,1585,উক্তি,NOUN,বলা কথা|| নিজের গুরুর বিষয়ে তার উক্তি শুনে আমরা সকলে অবাক হয়ে গেলাম/আমাদের কথা শুনুন,"something spoken; ""he could hear them uttering merry speeches""","A statement or remark made by someone, often reflecting their thoughts, opinions, or experiences.",0.5334
tiny-aya-global,Bengali,26861,সুইট,NOUN,হোটেল ইত্যাদিতে থাকার জন্য বানানো পরস্পর সংযুক্ত ঘরবিশিষ্ট আবাসস্থল||ও দোতলার সম্পূর্ণ সুইট কার্যালয়ের জন্য বরাদ্দ করে দিয়েছে,apartment consisting of a series of connected rooms used as a living unit (as in a hotel),"A suite, typically a luxurious room in a hotel or residential building, consisting of interconnected rooms or a fully equipped office space.",0.7293
tiny-aya-global,Bengali,30214,নৌকাবিহার,NOUN,নৌকায় করে যাওয়া বিশেষ করে মনোরঞ্জনের বা প্রতিযোগীতার জন্য|| সে ঝিলে নৌকাবিহারের আনন্দ উপভোগ করছে,water travel for pleasure,"A journey or trip by boat, often for entertainment or competition.",0.5084
tiny-aya-global,Bengali,24217,লিসবন,NOUN,পর্তুগালের রাজধানী || আবু সালেমকে লিসবনে গ্রেফতার করা হয়েছিল,capital and largest city and economic and cultural center of Portugal; a major port in western Portugal on Tagus River where it broadens and empties into the Atlantic,The English definition is: **The capital city of Portugal**.,0.7063
tiny-aya-global,Bengali,7158,বর্ষাকালীন,ADJECTIVE,বর্ষা কাল বা বৃষ্টির সময়ে হয় বা বৃষ্টি-সংক্রান্ত|| বর্ষাকালীন আবহাওয়া ভালো হয়,"(of weather) wet by periods of rain; ""showery weather""; ""rainy days""","The English definition is: **""The season of rain or the time of rain, or the rainy season.""**",0.839
tiny-aya-global,Bengali,34849,নিগম সংক্রান্ত,ADJECTIVE,কোনো নিগমের বা তার সঙ্গে সম্পর্কিত|| একটা খুব বড়ো কর্পোরেট ঘরানার সঙ্গে সম্পর্ক রাখে,"of or belonging to a corporation; ""corporate rates""; ""corporate structure""",related to or connected with a corporation or company.,0.7561
tiny-aya-global,Bengali,8038,পরশুরাম,NOUN,ঋষি জামদগ্নির এক পুত্র যা ঈশ্বরের ষষ্ঠ অবতার বলে মনে করা হয়||পরশুরাম এক্কুশ বার ক্ষত্রীয়দের নাশ করেছিলেন,an incarnation of Vishnu who rid the earth of Kshatriyas,"Parshurama, a son of the sage Jamdagni, is revered as the sixth avatar of the god Vishnu. He is known for slaying a hundred kings (ashvamedha) and is often depicted wielding a ten-handed axe.",0.6893
tiny-aya-global,Bengali,8440,প্রতিবর্তী ক্রিয়া,NOUN,"কোনও ক্রিয়ার ফলস্বরুপ ততক্ষণাত উতপন্ন শারীরিক প্রতিক্রিয়া||গরম তাওয়ায় হাত ছুঁয়ে যাওয়ার ফলে হাত সরিয়ে নেওয়া, ধুল ইত্যাদির কণা নাকে চলে যাওয়ার ফলে হাঁচি হওয়া ইত্যাদি হল প্রতিবর্তী ক্রিয়া",an automatic instinctive unlearned reaction to a stimulus,"A reflex action is an involuntary, automatic response to a stimulus, resulting in a physical reaction.",0.7734
tiny-aya-global,Bengali,8121,সংক্রমণ,NOUN,জীবাণু শরীরে প্রবেশ করার ক্রিয়া|| বর্ষার সময়ে সংক্রমণ বেশি করে হয়,(medicine) the invasion of the body by pathogenic microorganisms and their multiplication which can lead to tissue damage and disease,"The process by which pathogens enter the body, often more prevalent during the rainy season.",0.5653
tiny-aya-global,Bengali,22178,কট্টর,ADJECTIVE,স্বীয় বিশ্বাসে অটল ব্যক্তি|| সে কট্টর ব্রাহ্মণ,"firm and uncompromising; ""a hard-line policy""",A person who is steadfast and unyielding in their own beliefs or identity.,0.4809
tiny-aya-global,Bengali,2768,সংস্থা,NOUN,রাজনৈতিক বা সামাজিক জীবনের সাথে সম্পর্কিত নিয়ম বা বিধান || হিন্দু সংস্কৃতিতে বিবাহ হল একটি সামাজিক সংস্থা,"a custom that for a long time has been an important feature of some group or society; ""the institution of marriage""; ""the institution of slavery""; ""he had become an institution in the theater""","an organization or institution, especially one concerned with political or social matters",0.451
tiny-aya-global,Bengali,35470,বাইরে বার করে রাখা,ADJECTIVE,যা বাইরে বার করে রাখা হয়েছে|| খনন কার্যের ফলে উদ্ধার হওয়া বস্তু থেকে কোনো তথ্য পাওয়া সম্ভব নয়,"come upon unexpectedly or after searching; ""found art""; ""the lost-and-found department""",left outside to be exposed,0.3666
tiny-aya-global,Bengali,24611,লাতুর জেলা,NOUN,মহারাষ্ট্রের একটি জেলা || লাতুর জেলায় ন'টি তালুক আছে,a region marked off for administrative or other purposes,"Latner District, a district in Maharashtra, India, with nine taluks.",0.2471
tiny-aya-global,Bengali,12888,থলে,NOUN,"ঘোড়া,বলদ প্রভৃতির উপর জিনিষ বোঝাই করার থলে || ব্যবসায়ী ঘোড়ার উপর থলে বোঝাই করল",a large bag (or pair of bags) hung over a saddle,"A bag or sack used for carrying goods or items, often attached to a horse or ox.",0.7697
tiny-aya-global,Bengali,12022,নেওয়া,VERB,কাজ ইত্যাদি করার দায়িত্ব নেওয়া|| আমি বিয়ের সমস্ত দায়িত্ব নিয়েছি,"accept as a challenge; ""I' ll tackle this difficult task""",to undertake or assume responsibility for something,0.5665
tiny-aya-global,Bengali,1943,বিঘা,NOUN,"জমি, ক্ষেত ইত্যাদির কুড়ি কুড়ি করে মাপ যা 1296 বর্গ গজের হয় || তিনি তাঁর দু বিঘা জমি বেচে দিয়েছেন",how much there is of something that you can quantify,"A unit of measurement for land area, equivalent to approximately 1296 square feet, used in the context of land size or measurement.",0.4612
tiny-aya-global,Bengali,7925,উপনাহ,NOUN,"ফোঁড়া ইত্যাদি পাকানোর জন্য সেটির উপরে দেওয়া তিসি, রেড় ইত্যাদির মোটা প্রলেপ||সে ফোঁড়া পাকানোর জন্য তার উপরে উপনাহ বেঁধেছে",a medical dressing consisting of a soft heated mass of meal or clay that is spread on a cloth and applied to the skin to treat inflamed areas or improve circulation etc.,To apply a thick layer of moistened leaves or twigs (such as tisi or red) over a wound or sore to help heal it.,0.6472
tiny-aya-global,Bengali,32651,স্বাস্থ্যবিজ্ঞান,NOUN,রোগ হওয়া আটকানো ও স্বাস্থ্য সুরক্ষা সম্বন্ধীয় বিজ্ঞান||মিতালী স্বাস্থ্যবিজ্ঞানের অধ্যাপিকা।,the science concerned with the prevention of illness and maintenance of health,"Science of health and hygiene, focusing on disease prevention and health protection.",0.8181
tiny-aya-global,Bengali,27376,রিফ,NOUN,জলের নিকটবর্তী পাথর বা প্রবালের জলমগ্ন টিলা||সাঁতারু শৈলপ্রাচীরের উপর দাঁড়িয়ে আছে,a submerged ridge of rock or coral near the surface of the water,A submerged rock or coral reef near water; a barrier or structure used by swimmers.,0.7696
tiny-aya-global,Bengali,12319,আটকে যাওয়া,VERB,কোনো বস্তুর কোনো বস্তুর জায়গা ইত্যাদিতে এমন ভাবে আটকে বা ফেঁসে যাওয়া যে তা সহজে বেরোতে পারেনা|| ওড়না কাঁটায় আটকে গেছে/কামিজ পাথরের ভাজে আটকে গেছে,"twist together or entwine into a confusing mass; ""The child entangled the cord""","to get stuck or caught in a place, object, or situation in such a way that it is difficult to remove or escape.",0.4079
tiny-aya-global,Bengali,10568,চিকিত্সা শাস্ত্র,NOUN,চিকিত্সা সংক্রান্ত জ্ঞান-বিজ্ঞান|| রমেশ চিকিত্সা শাস্ত্রের অধ্যয়ন করছে,branch of medicine concerned with the treatment of disease,The study of medical science or the principles and practices of medicine.,0.7293
tiny-aya-global,Bengali,4749,ঢুকিয়ে দেওয়া,VERB,কোনো বস্তু ইত্যাদি কোনো অংশে জোর করে ঢোকানো|| মোহন সোহনের পেটে ছুরি ঢুকিয়ে দিল,"poke or thrust abruptly; ""he jabbed his finger into her ribs""",inserted,0.3498
tiny-aya-global,Bengali,14666,মালগাড়ি,NOUN,এক প্রকার রেলগাড়ি যাতে কেবল জিনিস এক স্থান থেকে অপর স্থানে পৌঁছানো হয়||মালগাড়ির সব বগিতে কয়লা ভরা রয়েছে,a railroad train consisting of freight cars,"A type of railway car used to transport goods from one place to another, typically equipped with coal in its compartments.",0.6846
tiny-aya-global,Bengali,23957,পানামা সিটি,NOUN,পানামার রাজধানী||পানামা সিটি পানামার সব থেকে বড় শহর।,the capital and largest city of Panama,"The capital and largest city of Panama, Panama City serves as the political, economic, and cultural hub of Panama.",0.9263
tiny-aya-global,Bengali,31228,সত্যকেতু,NOUN,কৈকয় দেশের এক রাজা||সত্যকেতুর প্রতাপভানু এবং অরিমর্দন নামের দুজন ধার্মিক পুত্র ছিলেন,an imaginary being of myth or fable,"The name ""Satyaketu"" refers to a historical figure, specifically a king in ancient India, known for his wisdom and virtue. It is associated with the legendary duo of Satyaketu and Arimardana, both of whom were pious and virtuous sons.",0.2567
tiny-aya-global,Bengali,33298,কীলাল,NOUN,দেবতাদের এক প্রকার পেয় পদার্থ যার বর্ণনা পুরাণে পাওয়া যায়||কীলালকে অমৃত সমান মনে করা হয়,"any liquid suitable for drinking; ""may I take your beverage order?""","The English definition of the Bengali word ""কীলাল"" is: **Amrita-like substance**, referring to a divine material mentioned in Hindu mythology, often associated with the gods and considered equivalent to nectar.",0.215
tiny-aya-global,Bengali,19284,লাতভিয়া,NOUN,উত্তর পূর্ব ইউরোপের একটি দেশ||লাতভিয়ার রাজধানী রিগা,a republic in northeastern Europe on the eastern coast of the Baltic Sea,The Latvian capital city.,0.48
tiny-aya-global,Bengali,32691,আক্রমিতা,NOUN,সাহিত্যের সেই বয়স্ক নায়িকা যিনি নিজের প্রিয়তমকে সব প্রকারে বশ করার চেষ্টা করে||কেশবের রচনায় আক্রমিতার উল্লেখ পাওয়া যায়।,the main good female character in a work of fiction,"A woman in literature who attempts to subdue her beloved through various means, as noted in Keshav's compositions.",0.5692
tiny-aya-global,Bengali,28409,সর্বোত্কৃষ্ট,NOUN,কোনো গোষ্ঠীর সবথেকে ভালো লোক বা বস্তু|| এই যুদ্ধে আমাদের সেনার কিছু সর্বোত্কৃষ্ট জওয়ান শহীদ হয়ে গেছে,"the best people or things in a group; ""the cream of England' s young men were killed in the Great War""",the best of the best,0.4971
tiny-aya-global,Bengali,1350,বিচার্য,ADJECTIVE,যা বিচারের যোগ্য|| এটি একটি বিচার্য বিষয়,"worthy of notice; ""a noteworthy fact is that her students rarely complain""; ""a remarkable achievement""",subject to be judged,0.2884
tiny-aya-global,Bengali,9948,প্রস্রাব,NOUN,মূত্র ত্যাগ|| ছাত্র শিক্ষকের কাছ থেকে প্রস্রাবে যাওয়ার অনুমতি চাইল,the discharge of urine,The act of urinating or the emission of urine.,0.4749
tiny-aya-global,Bengali,26083,পালামু জেলা,NOUN,ভারতের ঝাড়খণ্ড রাজ্যের একটি জেলা || পালামু জেলার প্রধান কার্যালয় পালামু শহরে অবস্থিত,a region marked off for administrative or other purposes,Palamu District is a district in the Indian state of Jharkhand.,0.0891
tiny-aya-global,Bengali,25786,হমিরপুর জেলা,NOUN,ভারতের হিমাচল প্রদেশ রাজ্যের একটি জেলা || হমিরপুর জেলার প্রধান কার্যালয় হমিরপুর শহরে অবস্থিত,a region marked off for administrative or other purposes,"Himachal Pradesh's Himiarpur district, with its administrative center in Himiarpur town, is located in the Indian state of Himachal Pradesh.",0.0835
tiny-aya-global,Bengali,6357,হিমাচল প্রদেশ,NOUN,ভারতের এক উত্তরীয় রাজ্য||হিমাচল প্রদেশের রাজধানী হল শিমলা,"the territory occupied by one of the constituent administrative districts of a nation; ""his state is in the deep south""","A northern Indian state known for its mountainous terrain, known for its scenic landscapes and cultural heritage.",0.3987
tiny-aya-global,Bengali,4076,জনগণ,NOUN,কোনো দেশ বা রাজ্যের সকল নিবাসী যাদের একত্রে ধরা হয়|| ইংরেজরা ভারতীয় জনগণের উপর অত্যাচার করেছে,"the body of citizens of a state or country; ""the Spanish people""","The people of a country or state, collectively referred to as the populace.",0.7162
tiny-aya-global,Bengali,24688,কটনি,NOUN,মধ্যপ্রদেশের একটি শহর || কটনিতে আমি পাঁচ বছর চাকরী করেছিলাম,"a large and densely populated urban area; may include several independent administrative districts; ""Ancient Troy was a great city""","A city in Madhya Pradesh, India, where the speaker spent five years working.",0.2788
tiny-aya-global,Bengali,76,রক্তদান,NOUN,রক্তদানের প্রক্রিয়া|| শ্যাম হাসপাতাল গিয়ে রক্তদান করল,act of giving in common with others for a common purpose especially to a charity,Blood donation,0.2913
tiny-aya-global,Bengali,6963,প্রথম,ADJECTIVE,গণনাতে সবথেকে আগে আসা|| জওহারলাল নেহেরু ভারতের প্রথম প্রধাণমন্ত্রী ছিলেন,indicating the beginning unit in a series,The first in a series or sequence.,0.6644
tiny-aya-global,Bengali,34935,ভর্তি করানো,VERB,রোগ নির্ণয়ের জন্য কোনো অসুস্থকে হাসপাতালে রাখা|| রমেশকে একটা সরকারী হসপাতালে ভর্তি করানো হয়েছে,"admit into a hospital; ""Mother had to be hospitalized because her blood pressure was too high""","To admit someone, especially a patient, into a hospital for treatment or care.",0.5769
tiny-aya-global,Bengali,14314,শ্যাম্পেন,NOUN,এক প্রকার বিলিতি সুরা || জন এক বোতল শ্যাম্পেন খেয়ে ফেলল,a white sparkling wine either produced in Champagne or resembling that produced there,"A type of expensive, bubbly wine typically served at celebrations.",0.7589
tiny-aya-global,Bengali,29607,জেত ঋষি,NOUN,একজন বৈদিক যুগের ঋষি||ঋগবেদে জেত ঋষির বর্ণনা পাওয়া যায়,a mentor in spiritual and philosophical topics who is renowned for profound wisdom,"A Vedic sage from ancient India, mentioned in the Rigveda.",0.5601
tiny-aya-global,Bengali,25207,বদ্ধ,ADJECTIVE,যার ভেতর হাওয়া যেতে পারে না বা ভেতরের হাওয়া বাইরে আসতে পারেনা|| কিছু খাদ্য পদার্থকে খারাপ হওয়া থেকে বাঁচাবার জন্য বায়ুনিরোধী ডিব্বায় রাখা হয়,not allowing air or gas to pass in or out,"Impregnated or sealed to prevent air or moisture from entering, often used for preserving food in airtight containers.",0.51
tiny-aya-global,Bengali,21058,মঙ্গোলীয়া,NOUN,মধ্য এশিয়ার একটি দেশ||রুশ এবং চীন মঙ্গোলীয়ার প্রতিবেশী দেশ,a landlocked socialist republic in central Asia,"A landlocked country in Central Asia, bordered by Russia and China.",0.7817
tiny-aya-global,Bengali,10842,এপ্রিল,NOUN,ইংরাজী বছরের চতুর্থ মাস|| গোপালের জন্ম এপ্রিলে হয়েছিল,the month following March and preceding May,"April, the fourth month of the year in the Bengali calendar, is also associated with the birth of the Hindu god Ganesha.",0.4242
tiny-aya-global,Bengali,21308,রুমানি আম,NOUN,রুমানী আমের গাছ||চাষি বাগানে রুমানি আমের গাছ লাগাচ্ছে।,large evergreen tropical tree cultivated for its large oval fruit,"A room tree, a type of fruit tree commonly cultivated in gardens.",0.7459
tiny-aya-global,Bengali,13863,প্রামাণ্য,NOUN,প্রামাণ্য হওয়ার অবস্থা বা ভাব|| আপনাকে এই উইলের প্রামাণ্য সিদ্ধ করতে হবে,"something (such as a fact or circumstance) that shows an action to be reasonable or necessary; ""he considered misrule a justification for revolution""","The state or quality of being authentic or genuine, requiring verification or proof.",0.2591
tiny-aya-global,Bengali,5851,শামিয়ানা,NOUN,একটি বড়ো তাঁবু|| বরযাত্রী শামিয়ানার নীচে বসে আছে,large and often sumptuous tent,"A large tent or marquee, often used for temporary shelter or as a stage for performances.",0.8316
tiny-aya-global,Bengali,5303,বাজার,NOUN,সেই স্থান যেখানে নানারকম জিনিস পাওয়া যায়|| ও কিছু জিনিস কেনার জন্য বাজারে গেছে,a street of small shops (especially in Orient),a market or bazaar where goods and services are bought and sold,0.6712
tiny-aya-global,Bengali,35268,উদ্বৃত্ত,NOUN,যতটা হওয়ার কথা তার থেকেও বেশি||উদ্বৃত্ত আনাজ রপ্তানি করা হয়।,a quantity much larger than is needed,"Excess or surplus, referring to more than what is necessary or expected, often used in contexts like surplus grain exports.",0.4201
tiny-aya-global,Bengali,24783,গডগ জেলা,NOUN,কর্ণাটকের একটা জেলা || গডগ জেলার প্রধান কার্যালয় গডগে অবস্থিত,a region marked off for administrative or other purposes,The district headquarters of Godavari is located in Guntur.,0.214
tiny-aya-global,Bengali,25878,শ্রীনগর জেলা,NOUN,ভারতের জম্মু কাশ্মীর রাজ্যের একটি জেলা || শ্রীনগর জেলার প্রধান কার্যালয় শ্রীনগর শহরে অবস্থিত,a region marked off for administrative or other purposes,"The English definition is: **""The capital city of Jammu and Kashmir, India, and a district in the state.""**",0.315
tiny-aya-global,Bengali,34229,নিতবর,NOUN,বিয়ের সময় যে বালক বরের সাথে পালকি বা ঘোড়ায় বসে যায়||মুন্না নিজের মামার বিয়েতে নিতবর হয়ে এসেছিল।,a male attendant of the bridegroom at a wedding,"The term ""নিতবর"" refers to a young boy who rides in a palanquin or on a horse alongside the bride during a wedding ceremony. It also denotes the role of a young male who accompanies the bride in a palanquin or on horseback, symbolizing his involvement in the wedding processions.",0.4795
tiny-aya-global,Bengali,29085,গোভিল,NOUN,একজন খুব জ্ঞানী ঋষি||গোভিল কিছু সামবেদীয় সূত্রও রচনা করেছিলেন,a mentor in spiritual and philosophical topics who is renowned for profound wisdom,A highly learned sage who contributed to Vedic scriptures and composed sacred texts.,0.7383
tiny-aya-global,Bengali,25078,সোনপুর,NOUN,উড়িষ্যার একটি শহর || সোনপুর থেকে ট্যাক্সি নিয়ে আমি বলাঙ্গির পৌঁছেছিলাম,"a large and densely populated urban area; may include several independent administrative districts; ""Ancient Troy was a great city""","A city in Odisha, India, known for its historical and cultural significance.",0.3961
tiny-aya-global,Bengali,28511,অতিপ্রবাহ,NOUN,অত্যধিক তরল পদার্থ (জল ইত্যাদি)র উপস্থিতি বা প্রবাহ যা ধারণশক্তি বা ক্ষমতার অতিরিক্ত||জলের অতিপ্রবাহের কারণে বাঁধ ভেঙে গেছে,the occurrence of surplus liquid (as water) exceeding the limit or capacity,"Excess or overflow of a liquid substance (such as water) beyond its capacity or limit, often leading to overflow or damage.",0.7591
tiny-aya-global,Bengali,21640,হেডন আমের গাছে,NOUN,হেডন আমের গাছ||হেডন আমের গাছে এবারে কম ফল হয়েছে।,large evergreen tropical tree cultivated for its large oval fruit,"The headnut tree, a species of the genus Pterocarpus, is known for its small, hard seeds called headnuts, which are used in traditional medicine and as a source of food in some cultures.",0.4475
tiny-aya-global,Bengali,1680,উঁচু,ADJECTIVE,খুব বড় বা বিশেষ উচ্চতার বা যে উপরের দিকে অধিক বিস্তৃত|| এভারেস্ট হিমালয়ের সবথেকে উঁচু শিখর / তার কপাল উঁচু / ময়ঙ্ক হাঁটু পর্যন্ত লম্বা প্যান্ট পরে,"(literal meaning) being at or having a relatively great or specific elevation or upward extension (sometimes used in combinations like `knee-high' ); ""a high mountain""; ""high ceilings""; ""high buildings""; ""a high forehead""; ""a high incline""; ""a foot high""","High or tall, referring to a great height or extent, often used to describe physical stature or elevated positions.",0.8012
tiny-aya-global,Bengali,10643,রেফারি,NOUN,সেই ব্যক্তি যাকে প্রতিযোগীতায় নিরপেক্ষ নির্ণয় প্রদান করার জন্য নিযুক্ত করা হয়|| রেফারির বাঁশি বাজার সঙ্গে সঙ্গেই খেলা শুরু হয়ে গেল,(sports) the chief official (as in boxing or American football) who is expected to ensure fair play,"The person appointed to provide impartial judgment in a competition, whose whistle signals the start of the game.",0.6514
tiny-aya-global,Bengali,965,আইন,NOUN,"স্থির করা সেই নিয়ম বা বিধান,যা সকলের জন্যই অবশ্য পালনীয় এবং অনিবার্য হয় এবং যা উল্লঙ্ঘন করলে ব্যক্তি দণ্ডপ্রাপ্ত হয়|| আইনবিরুদ্ধ যেকোনো কাজই আপনাকেে বিপদে ফেলতে পারে","legal document setting forth rules governing a particular kind of activity; ""there is a law against kidnapping""","A rule or set of regulations that is mandatory and enforceable for everyone, and violation of which results in punishment. Engaging in illegal activities can lead to significant consequences.",0.661
tiny-aya-global,Bengali,16298,সম্মতি,ADJECTIVE,রায় বা মতের অনুরূপ|| আপনার সর্বসম্মত কাজ করতে কোনও অসুবিধে হবে না,"intentional or planned; ""your intended trip abroad""; ""an intended insult""",unanimous agreement or consent,0.4346
tiny-aya-global,Bengali,14793,বাহুমূল,NOUN,মানুষের শরীরের কাঁধের কাছের সেই অংশ যেখানে হাত জোড়া থাকে||ক্রমাগত বোলিং করার কারণে আমার বাহুমূল ব্যথা করছে,the part of the body between the neck and the upper arm,The English definition is: **the part of the body near the shoulder where the arms are attached**.,0.677
tiny-aya-global,Bengali,30196,কোপেশ্বর,NOUN,মহারাষ্ট্রের খিদ্রাপুরে অবস্থিত একটি শিবের মন্দির||কোপেশ্বরের গণনা প্রাচীন মন্দিরের মধ্যে হয়,place of worship consisting of an edifice for the worship of a deity,"The temple of COPeshwar, located in Khidrapur, Maharashtra, is a ancient shrine dedicated to Lord Shiva.",0.5301
tiny-aya-global,Bengali,26640,পুরু,NOUN,যযাতির সর্বকনিষ্ঠ পুত্র যে শর্মিষ্ঠার গর্ভ থেকে উত্পন্ন হয়েছে|| পুরু নিজের পিতার ইচ্ছাপূরণের জন্য নিজের যৌবন তাঁকে দিয়ে দিয়েছিলেন,an imaginary being of myth or fable,"The son of Yayati, born of Sharmishtha, who gave up his youth to fulfill his father's wishes.",0.201
tiny-aya-global,Bengali,27923,উত্তরজীবীতা,NOUN,উত্তরজীবী হওয়ার অবস্থা বা ভাব||প্রকৃতির প্রতি আনুকূল্যও উত্তরজীবীতার কারণ হয়/ভয় একটি স্বাভাবিক গুণ যা আমাদের উত্তরজীবীতার জন্য প্রয়োজন,a state of surviving; remaining alive,"The state or quality of being resilient, characterized by adaptability, endurance, and the ability to thrive in challenging conditions.",0.5932
tiny-aya-global,Bengali,29776,দুগাসরা,NOUN,সেই গ্রাম যা কোনো কেল্লার কাছে অবস্থিত বা কেল্লার গায়ে লেগে অবস্থান করছে||আগেকার দিনে রাজারাও দুগাসরা পত্তন করতেন,a settlement smaller than a town,"A village located near or attached to a fort, historically associated with royal presence.",0.5518
tiny-aya-global,Bengali,5012,রাখাল,NOUN,"গরু, মোষ ইত্যাদি চড়ায় যে ব্যক্তি || রাখাল দৌড়ে দৌড়ে পশুদের ডাক দিচ্ছিল",someone who drives a herd,"A shepherd or herder who tends to and herds cattle, goats, or sheep.",0.7524
tiny-aya-global,Bengali,24572,চন্দৌলি জেলা,NOUN,উত্তর প্রদেশের একটা জেলা || চন্দৌলি জেলার প্রধান কার্যালয় চন্দৌলিতে অবস্থিত,a region marked off for administrative or other purposes,"Chandauli District is a district located in Uttar Pradesh, India.",0.1209
tiny-aya-global,Bengali,35994,বেচা-কেনা করা,VERB,কোনো বস্তু কেনা এবং বিক্রী করা|| লাভের জন্যই তো সকলে কেনা-বেচা করে,"engage in the trade of; ""he is merchandising telephone sets""","The act of buying and selling goods, often driven by profit.",0.5778
tiny-aya-global,Bengali,5118,দ্রুত,ADJECTIVE,দ্রুত চলে এমন বা যার গতি আছে|| ও দ্রুতগতিতে নিজের গন্তব্যের দিকে এগিয়ে যাচ্ছিল,"characterized by speed; moving with or capable of moving with high speed; ""a rapid movement""; ""a speedy car""; ""a speedy errand boy""",Fast or quick in movement or action.,0.756
tiny-aya-global,Bengali,14283,বশিষ্ঠ,NOUN,একজন পৌরাণিক ঝষি যিনি সূর্যবংশীয় রাজাদের পুরোহিত ছিলেন || ঝষি বশিষ্ঠ রাজা দশরথের গুরু ছিলেন,a mentor in spiritual and philosophical topics who is renowned for profound wisdom,"The term ""বশিষ্ঠ"" refers to a legendary sage in Hindu mythology, known as the guru of King Dasaratha (Rama's father) and a revered figure in the Solar dynasty.",0.4972
tiny-aya-global,Bengali,19592,স্লাইড,NOUN,বাচ্চাদের খেলার একটি সাধন যেটির উপর চড়ে পিছলে নামা হয়||বাচ্চা খেলার মাঠে গিয়ে স্লাইডে চড়ে খেলছে।,plaything consisting of a sloping chute down which children can slide,"A device used in children's play where one slides down by riding on it, often found in playgrounds.",0.8458
tiny-aya-global,Bengali,8080,মুলতানি মাটি,NOUN,এক ধরনের মসৃণ মাটি||সে রোজ মুলতানি মাটি দিয়ে চুল ধোয়ে,an absorbent soil resembling clay; used in fulling (shrinking and thickening) woolen cloth and as an adsorbent,a type of smooth soil,0.2232
tiny-aya-global,Bengali,25690,তর্পণ,NOUN,সেই তর্পণ যা কারোর মৃত্যুর দিন থেকে শ্রাদ্ধের দিন পর্যন্ত সময়ে করা হয় || বলা হয় যে তর্পণ করলে মৃত ব্যক্তির আত্মা তৃপ্তি লাভ করে,the act of pouring a liquid offering (especially wine) as a religious ceremony,"The English definition is: **Funeral rites or offerings performed from the death date to the day of the funeral, believed to satisfy the spirit of the deceased.**",0.4619
tiny-aya-global,Bengali,28388,বিধি সংকলন,NOUN,শাসকগোষ্ঠী বা আধিকারিকদের দ্বারা আরোপিত বিধি বা নিয়মের সংকলন||নাগরিকদের বিধি সংকলনের প্রতি সম্মান থাকা উচিত,"the collection of rules imposed by authority; ""civilization presupposes respect for the law""; ""the great problem for jurisprudence to allow freedom while enforcing order""","The compilation or codification of rules or regulations imposed by the ruling class or authorities, emphasizing the importance of citizens' respect for such compilations.",0.7147
tiny-aya-global,Bengali,16040,সামন্ততান্ত্রিক,ADJECTIVE,সামন্তসম্বন্ধীয় বা সামন্তের|| লোকে সামন্ততান্ত্রিক আদর্শ বর্জন করল,of or relating to or characteristic of feudalism,feudal,0.4053
tiny-aya-global,Bengali,27745,অসুরক্ষিত,ADJECTIVE,যা সুরক্ষিত নয়|| এই নগরটি অসুরক্ষিত,"lacking protection or a guard; ""an unguarded gate""; ""his unguarded queen was open to attack""",unsafe,0.3425
tiny-aya-global,Bengali,5796,ধন্বন্তরী,NOUN,আয়ুর্বেদের জন্মদাতা যে আয়ুর্বেদের সব থেকে বড়ো আচার্য ও দেবতাদের বৈদ্য বলে মান্য করা হয় || ধন্বন্তরী সমুদ্র মন্থনের সময় বেরিয়েছিলেন / ধনতরসের দিন ধন্বন্তরীর পূজো হয়,a deity worshipped by the Hindus,"The English definition is: **""The name of an important herbalist in Ayurvedic medicine, revered as the founder of Ayurveda and a great sage, who is believed to have obtained the herbs during the churning of the ocean.""**",0.3973
tiny-aya-global,Bengali,7867,আমেরিকা,NOUN,উত্তর আমেরিকা মহাদ্বীপের একটি দেশ|| অনেক ভারতীয়রা আমেরিকায় গিয়ে বসবাস করছে,North American republic containing 50 states - 48 conterminous states in North America plus Alaska in northwest North America and the Hawaiian Islands in the Pacific Ocean; achieved independence in 1776,"A country located in North America, known for its diverse culture, advanced technology, and global influence.",0.4589
tiny-aya-global,Bengali,19974,জোয়ালী,NOUN,"জোয়ার মেশানো গম, ছোলা ইত্যাদি||মা জোয়ালী ভাজছে।","dry seedlike fruit produced by the cereal grasses: e.g. wheat, barley, Indian corn",Jointly or together.,0.0275
tiny-aya-global,Bengali,7712,মুদ্রা,NOUN,"দাঁড়িয়ে থাকা, বসা ইত্যাদিতে শরীরের অঙ্গের কোনও স্থিতি|| এই ফোটোতে আপনার মুদ্রা বলছে যে আপনি ঘুমাচ্ছে","the arrangement of the body and its limbs; ""he assumed an attitude of surrender""","The position or posture of the body, particularly in terms of how the body is arranged or held in a particular position.",0.4574
tiny-aya-global,Bengali,24612,রায়গড় জেলা,NOUN,মহারাষ্ট্রের একটি জেলা || রায়গড় জেলার প্রধান কার্যালয় আলিবাগে অবস্থিত/রায়গড় জেলায় চোদ্দটি তালুক আছে,a region marked off for administrative or other purposes,"Maharashtra's Rautabad district, with its administrative headquarters in Alibag, comprises fourteen talukas.",0.1937
tiny-aya-global,Bengali,10255,সুরুচি,NOUN,ধ্রুবর বিমাতা||সুরুচি ধ্রুবকে তার বাবার কোলে বসায় বাধা দিয়ে ছিল,an imaginary being of myth or fable,a sense of taste or refinement; elegance or taste in behavior or appearance,0.238
tiny-aya-global,Bengali,2519,সমাজ,NOUN,অবাস্তব কল্পনা করে যা বা মূর্খতাপূর্ণ অর্থ বার করে যে || আজ-কাল সমাজ অবুঝে ভরে গেছে,"a human being; ""there was too much for one person to do""",an organized group of people sharing common interests or values; a community,0.2757
tiny-aya-global,Bengali,19328,ধৃষ্টদ্যুম্ন,NOUN,রাজা দ্রুপদের পুত্র||পাণ্ডবরা ধৃষ্টদ্যুম্নকে সেনাপতি বানিয়েছিল।,a prince or king in India,"A bold and arrogant individual, often used to describe someone who acts with reckless confidence or disregard for others.",0.2076
tiny-aya-global,Bengali,24843,অনন্তপুর,NOUN,অন্ধ্র প্রদেশের একটি শহর || সরকার অনন্তপুরে কার্ফু জারি করেছে,"a large and densely populated urban area; may include several independent administrative districts; ""Ancient Troy was a great city""","An infinite city, a town in Andhra Pradesh.",0.4558
tiny-aya-global,Bengali,3113,অস্পষ্টতা,NOUN,অস্পষ্ট হওয়ার ভাব|| কুয়াশার কারণে এখানে অস্পষ্টতা আছে,incomprehensibility as a result of not being clear,Uncertainty or ambiguity resulting from unclear or hazy conditions.,0.5687
tiny-aya-global,Bengali,7524,হাসিখুশি,ADJECTIVE,সদা প্রসন্ন থাকে যে বা হাসে-হাসায় এবং সক্রিয়|| হাসিখুশি মানুষের জীবন খুশিতে ভরা থাকে,"full of spirit; ""a dynamic full of life woman""; ""a vital and charismatic leader""; ""this whole lively world""","cheerful, joyful, or lively, often exuding a perpetual sense of happiness and activity.",0.5671
tiny-aya-global,Bengali,32882,আত্রেয়,NOUN,আত্রেয়ী নদীর আশে পাশের প্রদেশ||আত্রেয় আজ দিনাজপুরের নামে পরিচিত।,"a large indefinite location on the surface of the Earth; ""penguins inhabit the polar regions""","Along the banks of the Artray River, the region is now known as Dinapur.",0.1362
tiny-aya-global,Bengali,12785,আলখাল্লা,NOUN,সাধু-ফকির প্রভৃতিদের ঢিলে-ঢালা এবং লম্বা পোষাক || আলখাল্লা প্রায়শই সাদা বা গেরুয়া রঙের হয়,"clothing of a distinctive style or for a particular occasion; ""formal attire""; ""battle dress""","A loose-fitting, long robe worn by spiritual leaders such as saints and mystics, often in white or gray colors.",0.4703
tiny-aya-global,Bengali,2233,স্ফূর্তিহীন,ADJECTIVE,যার উত্সাহ বা স্ফূর্তি নেই|| অনুত্সাহী ফেলোয়াড়দের দল থেকে বার করে দেওয়া হল,"feeling or showing little interest or enthusiasm; ""a halfhearted effort""; ""gave only lukewarm support to the candidate""",lacking enthusiasm or spirit,0.5691
tiny-aya-global,Bengali,18559,রাও,NOUN,ছোটো আকারের একটি গাছ||রাওয়ের কাঠ কিছুটা লাল রঙের হয়,a tall perennial woody plant having a main trunk and branches forming a distinct elevated crown; includes both gymnosperms and angiosperms,"A small tree or shrub, often with leaves that turn a reddish-brown color when dried.",0.617
tiny-aya-global,Bengali,29610,সব্য ঋষি,NOUN,একজন বৈদিক যুগের ঋষি||ঋগবেদে সব্য ঋষির বর্ণনা পাওয়া যায়,a mentor in spiritual and philosophical topics who is renowned for profound wisdom,"A Vedic sage from ancient India, mentioned in the Rigveda.",0.5601
tiny-aya-global,Bengali,16460,পিত্তজ্বর,NOUN,এক প্রকার জ্বর||পিত্তজ্বর পিত্তের প্রকোপে হয়,yellowing of the skin and the whites of the eyes caused by an accumulation of bile pigment (bilirubin) in the blood; can be a symptom of gallstones or liver infection or anemia,Jaundice,0.1948
tiny-aya-global,Bengali,27662,পরিকল্পনা থাকা,VERB,কোনও কাজ করারইচ্ছা বা বিচার থাকা|| সামনের বছর বিদেশ যাওয়ার পরিকল্পনা আছে,"have the will and intention to carry out some action; ""He plans to be in graduate school next year""; ""The rebels had planned turmoil and confusion""",Having a plan or intention to do something,0.606
tiny-aya-global,Bengali,8986,তরমুজ,NOUN,এক প্রকার গাছ যেটির বড়ো গোল ফল খাওয়া হয়||নদীর ধারে তরমুজের গাছ হয়ে আছে,an African melon,"A large, sweet fruit produced by a plant, often found near rivers, with a juicy, watermelon-like flesh.",0.1874
tiny-aya-global,Bengali,22959,মিশন,NOUN,যে সংস্হা কোনো ধর্ম বা পথ প্রচার করে|| স্বামী বিবেকানন্দ রামকৃষ্ণ মিশন প্রতিষ্ঠা করেছিলেন/এই মিশনটা একজন যোগ্য গুরু দ্বারা পরিচালনা করা হয়,an organization of missionaries in a foreign land sent to carry on religious work,"A religious or philosophical organization dedicated to propagating a specific faith, doctrine, or way of life, often led by a spiritual leader or guru.",0.5701
tiny-aya-global,Bengali,5545,ঢোলা,VERB,চোখের পলক ফেলা|| সে বসে বসে ঢুলছিল,sleep lightly or for a short period of time,"to drool or slumber, often due to fatigue or boredom",0.7022
tiny-aya-global,Bengali,25874,পুলবামা জেলা,NOUN,ভারতের জম্মু কাশ্মীর রাজ্যের একটি জেলা || পুলবামা জেলার প্রধান কার্যালয় পুলবামা শহরে অবস্থিত,a region marked off for administrative or other purposes,"A district in the Indian state of Jammu and Kashmir, with its administrative headquarters in the town of Pülbāma.",0.2627
tiny-aya-global,Bengali,24513,তাস,NOUN,খেলার জন্য মোটা কাগজ দিয়ে তৈরী বাহান্নটা চৌকাকৃতির ছাপা টুকরোর প্রত্যেকটি যার উপর বিভিন্ন রঙের বুটি বা ছবি আঁকা থাকে || এই বাণ্ডিল থেকে দুটো তাস হারিয়ে গেছে,"a playing card with a specified number of pips on it to indicate its value; ""an eight spot""","A deck of playing cards, typically consisting of 52 cards, each featuring a unique pattern of symbols and numbers, used in various card games.",0.6914
tiny-aya-global,Bengali,19508,ক্রোয়েশীয়,NOUN,ক্রোয়েশিয়ার নিবাসী||সম্মেলনে উপস্হিত ক্রোয়েশীয়বাসীরা আমাকে নিজের দেশে ডেকে পাঠিয়েছেন,a member of the Slavic people living in Croatia,A person from Croatia.,0.6243
tiny-aya-global,Bengali,31249,বাহ্যকর্ণ,NOUN,একজন নাগ||মহাভারতে বাহ্যকর্ণের বর্ণনা পাওয়া যায়,an imaginary being of myth or fable,"The external ear, a part of the human body responsible for collecting sound waves and transmitting them to the inner ear for processing.",0.1253
tiny-aya-global,Bengali,35085,শ্রম বিভাগ,NOUN,শ্রমের সাথে সম্পর্কিত একটি সরকারি বিভাগ||শ্রম বিভাগ সকলকে কাজ দেওয়ার প্রতিশ্রুতি দিয়েছে।,an administrative unit in government or business,Department of Labour,0.4789
tiny-aya-global,Bengali,6629,ফুটপাত,NOUN,রাস্তার ধারের অংশ যেটির উপরে লোকজন পায়ে হেঁটে চলে||রাস্তায় দুর্ঘটনা থেকে বাঁচার জন্য ফুটপাত দিয়ে চলা উচিত,"a path set aside for walking; ""after the blizzard he shoveled the front walk""","The footpath is the designated area on the side of the road where pedestrians walk, providing a safe passage to avoid accidents.",0.4859
tiny-aya-global,Bengali,20314,হংসমঙ্গলা,NOUN,একটি শঙ্কর রাগিনী||গায়ক হংসমঙ্গলা গাইছে।,any of various fixed orders of the various diatonic notes within an octave,"A Shankara raga, a type of Indian classical music.",0.1963
tiny-aya-global,Bengali,28989,বেরৈ,NOUN,ছোলা এবং যবের মিশ্রিত একপ্রকার আটা||মা আজ বেরৈয়ের রুটি করছে,fine powdery foodstuff obtained by grinding and sifting the meal of a cereal grain,A type of flour made from a mixture of chickpeas and millet.,0.6879
tiny-aya-global,Bengali,25293,বিভাজ্য,ADJECTIVE,যার বিভাজন করা যায় বা যাকে ভাগ করা যায়|| চার দুই দ্বারা বিভাজ্য,"capable of being or liable to be divided or separated; ""even numbers are divisible by two""; ""the Americans fought a bloody war to prove that their nation is not divisible""",divisible,0.282
tiny-aya-global,Bengali,2081,প্রযুক্তি,ADJECTIVE,টেকনিকেরর বা টেকনিক সম্পর্কিত|| শিক্ষা মন্ত্রী (রাজ্য) আমাদের শহরে একটি প্রযুক্তি সংস্থার উদ্বোধন করলেন,"of or relating to technique; ""technical innovation in recent novels""; ""technical details""",Technology,0.5898
tiny-aya-global,Bengali,23619,ঋজুকোণ,NOUN,সেই কোণ যেটি ঠিক একশো আশি ডিগ্রির সমান||মাষ্টারমশাই ব্যাল্কবোর্ডে ঋজুকোণ বানানো শেখাচ্ছেন।,an angle of 180 degrees,"A right angle, specifically an angle measuring exactly 180 degrees.",0.5177
tiny-aya-global,Bengali,14206,মেমসাহেব,NOUN,ইংরেজের স্ত্রী || পাশে যে মেমসাহেব থাকেন তাকে কদিন ধরে দেখা যাচ্ছে না,a married woman; a man' s partner in marriage,The husband's wife.,0.6432
tiny-aya-global,Bengali,6928,অনন্পূর্ণা,NOUN,অন্নের অধিষ্ঠাত্রী দেবী|| সীতা প্রতিদিন অন্নপূর্ণার পূজা করে,wife of Siva and a benevolent aspect of Devi: goddess of plenty,"The goddess of food, worshipped by Sita every day.",0.5016
tiny-aya-global,Bengali,3662,অসামান্য,ADJECTIVE,যা সামান্য নয়|| মোহন অসামান্য রোগে পীড়িত/ কোনো অসাধারণ কথা থাকলে তা আমাকেও বলো,"not common or ordinarily encountered; unusually great in amount or remarkable in character or kind; ""uncommon birds""; ""frost and floods are uncommon during these months""; ""doing an uncommon amount of business""; ""an uncommon liking for money""; ""he owed his greatest debt to his mother' s uncommon character and ability""",Uncommon,0.2469
tiny-aya-global,Bengali,4341,মিস্ত্রী,NOUN,সে বাড়ি বা কাঠ ধাতু ইত্যাদির জিনিস বানায় || এই মূর্তি ভালো কারিগর দিয়ে তৈরী করানো হয়েছে,"a creator of great skill in the manual arts; ""the jewelry was made by internationally famous craftsmen""","A skilled craftsman or artisan who creates or constructs items, particularly in wood, metal, or other materials.",0.6785
tiny-aya-global,Bengali,24450,আমাজন নদী,NOUN,বিশ্বের প্রধান নদীগুলির মধ্যে একটি || নীলনদের পরে আমাজন বিশ্বের সবচেয়ে বড় নদী,a major South American river; arises in the Andes and flows eastward into the South Atlantic; the world' s 2nd longest river (4000 miles),"The Amazon River is one of the world's major rivers, second only to the Nile River, and is the largest river in the world.",0.6633
tiny-aya-global,Bengali,8836,জাঙ্গিয়া,NOUN,উরু থেকে হাঁটু অবধি পরার এক পোশাক||শ্যাম বাইরে যাওয়ার সময় জাঙ্গিয়ার উপর লুঙ্গী জড়িয়ে নিল,underpants worn by men,"A garment worn from the knee to the ankle, typically consisting of a loose, flowing fabric.",0.5351
tiny-aya-global,Bengali,11742,লুটে নেওয়া,VERB,অনুচিত উপায়ে নেওয়া|| আজকাল বাচ্চাদের ভর্তি করার জন্য অনুদানের নামে শিক্ষা সংস্থাগুলি লুটে নিচ্ছে,"take illegally; of intellectual property; ""This writer plundered from famous authors""",To take something by improper or unfair means.,0.4412
tiny-aya-global,Bengali,7541,কেকী,NOUN,এক অতন্ত্য সুন্দর বড়ো পাখি যার পেখমযুক্ত লেজ লম্বা হয়||ময়ূর ভারতের রাষ্ট্রীয় পাখি,male peafowl; having a crested head and very large fanlike tail marked with iridescent eyes or spots,"A large, beautiful bird with a long, fan-shaped tail, considered the national bird of Myanmar.",0.5691
tiny-aya-global,Bengali,29864,সুমেরু,NOUN,এক মাত্রিক ছন্দ||সুমেরুর প্রত্যেক চরণে সতেরোটি মাত্রা থাকে,(prosody) a system of versification,"A musical measure or meter, consisting of seventeen notes in each line, with a specific rhythmic structure.",0.3085
tiny-aya-global,Bengali,30338,থিম্পু,NOUN,ভূটানের রাজধানী|| থিম্পু একটি দর্শনীয় শহর,the capital city of a nation,Thimphu is the capital city of Bhutan.,0.2065
tiny-aya-global,Bengali,29392,যুবনাশ্ব,NOUN,ইক্ষ্বাকু বংশের একজন রাজা যিনি রামের পূর্বপুরুষ ছিলেন||যুবনাশ্ব ত্রিশঙ্কুর পৌত্র ছিলেন,an imaginary being of myth or fable,"Son of Shrikeshu, king of the Ikshvaku dynasty, and the great-grandfather of Rama.",0.1727
tiny-aya-global,Bengali,6201,কাঙালপনা,NOUN,অধিক দারিদ্র|| ও কাঙালপনার সময়ে আছে,the state of having little or no money and few or no material possessions,Poverty,0.2382
tiny-aya-global,Bengali,12665,মন্দা,NOUN,বাজারে বিক্রী কম হওয়ার ক্রিয়া বা অবস্থা || শেয়ার বাজারে হঠাত্ মন্দা আসার কারণে তার খুব ক্ষতি হয়েছে,a long-term economic state characterized by unemployment and low prices and low levels of trade and investment,"A decline in sales or business activity, often caused by external factors such as economic conditions or market shifts.",0.5152
tiny-aya-global,Bengali,25863,কারগিল,NOUN,ভারতের জম্মু কাশ্মীর রাজ্যের একটি শহর || কারগিল শহরের এই কোম্পানীর খুব ক্ষতি হয়েছে,"a large and densely populated urban area; may include several independent administrative districts; ""Ancient Troy was a great city""","A city in Jammu and Kashmir, India, known for its historical and cultural significance.",0.4497
tiny-aya-global,Bengali,32357,ভতৃহরি রাজা,NOUN,সংস্কৃতের একজন সুপ্রসিদ্ধ কবি||ভতৃহরি উজ্জয়িনীর রাজা এবং দ্বিতীয় বিক্রমাদিত্যের বড় ভাই ছিল,a writer of poems (the term is usually reserved for writers of good poetry),"The son of King Ujjayini and the elder brother of King Vikramaditya, a renowned Sanskrit poet.",0.3556
tiny-aya-global,Bengali,21610,ফাস্সেল আম গাছ,NOUN,ফাস্সেল আমের গাছ||জনি ফাস্সেল আম গাছের ডালে দোলনা বেঁধে দিল।,large evergreen tropical tree cultivated for its large oval fruit,The tree from which the Faszel Am fruit grows.,0.6841
tiny-aya-global,Bengali,2700,কামুক,ADJECTIVE,যার মধ্যে প্রচুর কামনা বাসনা আছে|| উনি একজন কামুক ব্যক্তি,"having strong sexual appeal; ""juicy barmaids""; ""a red-hot mama""; ""a voluptuous woman""; ""a toothsome blonde in a tight dress""",One who is deeply inclined to desire or lust.,0.472
tiny-aya-global,Bengali,308,দুধ দাঁত,NOUN,শিশুর নতুন দাঁত বা ছোটো দাঁত || পরে গিয়ে ছোটো ছেলেটার দুধ দাঁত ভেঙ্গে গেছে,one of the first temporary teeth of a young mammal (one of 20 in children),primary teeth,0.2863
tiny-aya-global,Bengali,32024,ব্যুত্পত্তিহীন,ADJECTIVE,যার কোনো কিছু থেকে ব্যুত্পত্তি হয়নি|| ও নিজের গবেষণার জন্য ব্যুত্পত্তিহীন শব্দের তালিকা তৈরী করছে,"not derived or copied or translated from something else; ""the play is original; not an adaptation""; ""he kept the original copy and gave her only a xerox""; ""the translation misses much of the subtlety of the original French""",underived,0.2541
tiny-aya-global,Bengali,7068,বাঁশিবাদক,NOUN,বাঁশি বাজায় যে ব্যাক্তি|| পন্ডিত হরিপ্রসাদ চৌরৈশিয়া হলেন একজন বিখ্যাত বাঁশিবাদক,someone who plays the bagpipe,"A musician who plays the bamboo flute, such as the rabinia or shehnai, a traditional instrument in Indian classical music.",0.6384
tiny-aya-global,Bengali,21529,শুকানো,VERB,আর্দ্রতা দূর করা|| আমচুর বানানোর জন্য কাঁচা আম শুকানো হয়,"remove the moisture from and make dry; ""dry clothes""; ""dry hair""","To dry or dehydrate something, often by removing moisture, typically for preservation or preparation, such as drying raw mangoes for making amchur.",0.6541
tiny-aya-global,Bengali,29203,সুমেধা ঋষি,NOUN,একজন পৌরাণিক যুগের ঋষি||মার্কণ্ডেয় পুরাণে সুমেধার বর্ণনা পাওয়া যায়,a mentor in spiritual and philosophical topics who is renowned for profound wisdom,"A sage from the ancient era, described in the Markandeya Purana.",0.5473
tiny-aya-global,Bengali,25652,(অন্যকে দিয়ে) ভেঙে দেওয়া,VERB,"দেওয়াল, বাড়ি ইত্যাদি অন্য কারওকে দিয়ে ভাঙা বা ধ্বস্ত করা|| ঠিকাদার বড়ো বাড়ি বানানোর জন্য গরীবদের বাড়িঘর ভেঙে দিল","destroy completely; ""the wrecking ball demolished the building""; ""demolish your enemies""; ""pulverize the rebellion before it gets out of hand""","To destroy or demolish something, often by force or by causing it to collapse.",0.5367
tiny-aya-global,Bengali,26457,পাইকারী ব্যবসা,NOUN,পাইকারির কাজ বা পাইকারিতে বিক্রয় করার কাজ || রহমান পাইকারী ব্যবসা করে ভালো পয়সা রোজগার করে,the selling of goods to merchants; usually in large quantities for resale to consumers,Wholesale trade,0.5349
tiny-aya-global,Bengali,685,পিসতুতো ভাই বা দাদা,NOUN,পিসেমশাই-এর ছেলে || আমার এক পিসতুতো ভাই অভিযাত্রী,the child of your aunt or uncle,half-brother or uncle,0.7583
tiny-aya-global,Bengali,12450,ছাড়া পাওয়া,VERB,"অভিযোগ, দোষ ইত্যাদি থেকে ছাড়া পাওয়া অথবা রেহাই পাওয়া|| এই এলাকার কুখ্যাত গুন্ডা কালই জেল থেকে ছাড়া পেয়েছে",grant freedom to; free from confinement,"to be absolved of blame, fault, or punishment; to be released from confinement or penalty",0.7262
tiny-aya-global,Bengali,29543,হাঁস,NOUN,হাঁসের মাংস যা খাওয়া হয়||ঠাকুর গিন্নী আজ হাঁসের মাংস রান্না করছে,flesh of a goose (domestic or wild),duck meat,0.3155
tiny-aya-global,Bengali,3869,বাণ,NOUN,অত্যধিক বর্ষণের ফলে নদী বা পুকুরের জল সাধারণ সীমার চেয়ে বেশী বেড়ে গিয়ে এদিক ওদিক ছড়িয়ে পড়া|| অত্যধিক বৃষ্টির ফলে অধিকাংশ নদীতে বাণ এসে গেছে,"the rising of a body of water and its overflowing onto normally dry land; ""plains fertilized by annual inundations""","A flood, typically caused by excessive rainfall, where water from rivers or ponds overflows beyond its usual boundaries, often spreading in various directions.",0.654
tiny-aya-global,Bengali,26186,দৃঢ় সংকল্প,NOUN,দৃঢ় সংকল্প || ভীষ্ম পিতামহের দৃঢ় প্রতিজ্ঞাই ওনার পরাজয়ের কারণে পরিণত হয়েছিল,persistent determination,Unshakable determination,0.6277
tiny-aya-global,Bengali,8812,ছিয়ানব্বই,ADJECTIVE,নব্বই আর ছয়|| এই ঘরে ছিয়ানব্বইজন বিদ্যার্থী আছে,being six more than ninety,ninety-one,0.7175
tiny-aya-global,Bengali,20798,সিঙ্গাপুর,NOUN,সিঙ্গাপুরের রাজধানী||সিঙ্গাপুর বিশ্বের সবচেয়ে বড়ো বন্দরগুলির মধ্যে একটি,the capital of Singapore; one of the world' s biggest ports,"Singapore's capital city, known for its bustling port, is a global financial hub and a major center for trade and commerce.",0.8796
tiny-aya-global,Bengali,27418,জর্জ,NOUN,গ্রেট ব্রিটেনের একজন রাজা যিনি তৃতীয় জর্জের পুত্র ছিলেন||সতেরোশো বাষট্টি সালের বারোই আগষ্ট জর্জের জন্ম হয়েছিল,King of Great Britain and Ireland and Hanover from 1820 to 1830; his attempt to divorce his estranged wife undermined the prestige of the crown (1762-1830),"George (George I), King of Great Britain, son of King George III, born August 12, 1660.",0.4131
tiny-aya-global,Bengali,28518,অন্ত,NOUN,কোন ঘটনা ইত্যাদির পরিশিষ্ট বা অন্তিম ভাগ|| এই বইটির অন্তিম ভাগ পড়ার পরেই আপনি কোন সিদ্ধান্তে পৌঁছবেন,"the concluding parts of an event or occurrence; ""the end was exciting""; ""I had to miss the last of the movie""","The final or concluding part of an event, situation, or process.",0.6563
tiny-aya-global,Bengali,4987,বন্ধ্যা,ADJECTIVE,যার অণ্ডকোষ বের করে নেওয়া হয়েছে|| বন্ধ্যা পশু হাল চালানোর কাজে ব্যবহৃত হয়,deprived of sexual capacity or sexual attributes,sterile,0.2243
tiny-aya-global,Bengali,20051,বোত্সবানাবাসী,NOUN,বোত্সবানার নিবাসী||বোত্সবানাবাসীর প্রার্থনা পত্র অস্বীকার করা হয়েছে,a member of a Bantu people living chiefly in Botswana and western South Africa,"Resident of Bhotshaban, someone who has been excluded from the Bhotshaban community.",0.5649
tiny-aya-global,Bengali,7514,মত্স অবতার,NOUN,বিষ্ণুর প্রথম অবতার||বিষ্ণু পৃথিবীকে ডুবে যাওয়া থেকে বাঁচানোর জন্য মত্স অবতার নিয়েছিলেন,"the manifestation of a Hindu deity (especially Vishnu) in human or superhuman or animal form; ""the Buddha is considered an avatar of the god Vishnu""","The Matsya Avatar is the first incarnation of Vishnu in Hinduism, where he took the form of a fish to save the world from a great flood.",0.669
tiny-aya-global,Bengali,13715,সপ্তম,ADJECTIVE,গণনায় সপ্তম স্থানে যা আসে|| শিক্ষক শিক্ষার্থীদের সপ্তম শ্লোক মনে করতে বললেন/একটু বাড়াবাড়ি করা হয়েছে কি হয়নি ও সপ্তম স্বর্গে বাস করতে শুরু করেছে,coming next after the sixth and just before the eighth in position,The seventh in a sequence or order.,0.5889
tiny-aya-global,Bengali,9039,তেতাল্লিশ,ADJECTIVE,চল্লিশ আর তিন|| নৌকা ডুবে যাওয়ার ফলে তেতাল্লিশজন লোকের মৃত্যু হয়েছে,being three more than forty,Forty-three,0.5238
tiny-aya-global,Bengali,10079,একশ,ADJECTIVE,নব্বই এবং দশ|| এই সম্মেলনে প্রায় একশ দন বিদ্বান ব্যক্তি অংশগ্রহণ করছেন,being ten more than ninety,approximately one hundred,0.7337
tiny-aya-global,Bengali,12451,মৃত্যুহার,NOUN,"কোনো ক্ষেত্রের লোকেদের জনসংখ্যার তুলনায় সেখানের লোকেদের মৃত্যুর হার যা প্রতি হাজারে প্রতি বছর বলা হয়|| ভারতে মৃত্যুহার, জন্মহার অপেক্ষা কম",the ratio of deaths in an area to the population of that area; expressed per 1000 per year,"The death rate is the number of deaths per 1,000 people in a given area per year, often used to compare mortality rates across different regions or populations. In the context of India, it is typically lower than the birth rate.",0.7
tiny-aya-global,Bengali,28062,খুব হওয়া,VERB,অধিক মাত্রায় হওয়া|| এই জমিতে খুব আলু হয় / এই খাবার দু'জন লোকের পক্ষে প্রচুর,be abundant or plentiful; exist in large quantities,To become more than usual or in greater quantity.,0.5412
tiny-aya-global,Bengali,30879,বৈবস্বত,NOUN,একজন রুদ্র||পুরাণে বৈবস্বতের বর্ণনা পাওয়া যায়,an imaginary being of myth or fable,"A name of the god Rudra in Hindu mythology, associated with the Purana texts.",0.3367
tiny-aya-global,Bengali,10680,কুড়ুল,NOUN,ছোট কুড়ুল||চিখুরী কাকা কুড়ুল দিয়ে কাঠ কাটছে,an edge tool with a heavy bladed head mounted across a handle,A small axe used for cutting wood.,0.6542
tiny-aya-global,Bengali,3443,এড়ানো,NOUN,কাজ না করার বাহানা || সে সবসময় কাজ এড়ানোর চেষ্টা করে,deliberately avoiding; keeping away from or preventing from happening,Avoiding or dodging an action or responsibility.,0.8083
tiny-aya-global,Bengali,460,গুজিয়া,NOUN,"এক প্রকারের খাবার যা ময়দা, সুজি, মেওয়া ইত্যাদি ভরে বানানো হয় || হোলির সময় আমাদের বাড়িতে গুজিয়া হয়","a particular item of prepared food; ""she prepared a special dish for dinner""","A type of traditional Indian snack or sweet made by stuffing a dough of rice flour, sugar, and ghee, often served during festivals like Holi.",0.3766
tiny-aya-global,Bengali,35280,অপ্রসার,NOUN,"কোনও জিনিস ছড়িয়ে না পড়ার ক্রিয়া, অবস্থা বা ভাব||পরমাণু অপ্রসার বিশ্ব শান্তি আনার জন্য সাহায্য করবে।","the prevention of something increasing or spreading (especially the prevention of an increase in the number of countries possessing nuclear weapons); ""they protested that the nonproliferation treaty was just a plot to maintain the hegemony of those who already had nuclear weapons""; ""nuclear disarmament and nonproliferation are closely related goals""","The act, state, or quality of not spreading or extending; the absence of expansion or proliferation.",0.4786
tiny-aya-global,Bengali,5170,চরিত্র,NOUN,জীবনে কৃত আচরণ বা কার্য|| সবাই ওর চরিত্রের প্রশংসা করে,manner of acting or controlling yourself,"The English definition is: **""A person's character or moral qualities, reflecting their behavior and actions.""**",0.347
tiny-aya-global,Bengali,19299,সুইডিশ,NOUN,সুইডেনের মানুষদের ভাষা||সুইডিশ ফিনল্যান্ডেরও রাজভাষা,a Scandinavian language that is the official language of Sweden and one of two official languages of Finland,"The Swedish language, spoken by the people of Sweden, is also the official language of Finland.",0.9306
tiny-aya-global,Bengali,13645,জীর্ণ,ADJECTIVE,ভেঙ্গে-চুড়ে গেছে যা|| এই জীর্ণ ঐতিহাসিক ইমারতের মেরামতী প্রয়োজন,"in deplorable condition; ""a street of bedraggled tenements""; ""a broken-down fence""; ""a ramshackle old pier""; ""a tumble-down shack""","Decayed or worn out, often referring to something structurally weakened or in need of repair.",0.5957
tiny-aya-global,Bengali,212,মাতা-পিতা,NOUN,কারোর সঙ্গে সম্পর্কের সাপেক্ষে সেই পুরুষ এবং নারী যাদের সংসর্গের ফলে তার উত্পত্তি হয়েছে|| মাতা-পিতার সেবা করা প্রত্যেক ব্যক্তির কর্তব্য,a father or mother; one who begets or one who gives birth to or nurtures and raises a child; a relative who plays the role of guardian,The English definition is: **Parents** (the male and female who are the parents of a child).,0.7686
tiny-aya-global,Bengali,20842,শালকরাগ,NOUN,একটি রাগ||সঙ্গীত বিশারদ শালকরাগ আলাপ করছে।,any of various fixed orders of the various diatonic notes within an octave,"A musical composition or piece, often associated with a specific melody or tune.",0.3115
tiny-aya-global,Bengali,26576,কামেঙ্গ নদী,NOUN,অরুণাচল প্রদেশের একটি নদী||কামেঙ্গ নদী ব্রহ্মপুত্রের একটি প্রধান উপনদী,"a large natural stream of water (larger than a creek); ""the river was navigable for 50 miles""",A major tributary of the Brahmaputra River in Arunachal Pradesh.,0.3121
tiny-aya-global,Bengali,7940,গোরা পাথর,NOUN,এক ধরনের পাথর যা সাবনের মতো মসৃন ও পিচ্ছিল||গোরা পাথরের ব্যবহার সোনার গয়না বানানোর জন্য করা হয়,a soft heavy compact variety of talc having a soapy feel; used to make hearths and tabletops and ornaments,"A smooth and slippery stone, resembling soap, often used in the creation of gold jewelry.",0.6347
tiny-aya-global,Bengali,6749,গুনা,NOUN,এক ধরনের মিষ্টি খাদ্যবস্তু||গুনা থেকে খুব ভালো হয়,a food rich in sugar,a type of sweet food,0.8769
tiny-aya-global,Bengali,5369,সত্,NOUN,যে ব্যক্তি সত্ সম্পর্কে পিতা|| রামুর সত্ পিতা ভালো মনের মানুষ,the husband of your mother by a subsequent marriage,A person of integrity or honesty.,0.3237
tiny-aya-global,Bengali,16124,পৃথককরণ,NOUN,পৃথক বা আলাদা করার প্রক্রিয়া|| কার্যক্ষমতা বাড়ানোর জন্য এই কোম্পানির পৃথথকরণ আবশ্যক হয়ে গেছে,the act of dividing or disconnecting,The process of separating or dividing something into distinct parts or groups.,0.7359
tiny-aya-global,Bengali,13569,ডুবানো,VERB,জলে ভর্তি করে দেওয়া|| এক দিনের বৃষ্টিই গ্রামের পর গ্রাম ডুবিয়ে দিয়েছে,"cover with liquid, usually water; ""The swollen river flooded the village""; ""The broken vein had flooded blood in her eyes""",to submerge or sink into water,0.3071
tiny-aya-global,Bengali,31118,জরত্কারু,NOUN,একজন ঋষি||জরত্কারুর বাসুকী নাগের বোনের সঙ্গে বিবাহ হয়েছিল,a mentor in spiritual and philosophical topics who is renowned for profound wisdom,"A sage who married the sister of Vasuki Nag, a figure associated with the serpent in Hindu mythology.",0.4129
tiny-aya-global,Bengali,26578,তুইবাই নদী,NOUN,মণিপুরে প্রবাহিত হয় এমন একটি নদী||মণিপুরের একটি অঞ্চলে তুইবাই এবং বরাক নদীর সঙ্গম হয়েছে,"a large natural stream of water (larger than a creek); ""the river was navigable for 50 miles""",The twin rivers of the Brahmaputra.,0.3999
tiny-aya-global,Bengali,859,মুদ্রা,NOUN,"টাকা,পয়সা প্রভৃতি যা বিনিময়ের মাধ্যম|| শেঠজীর বাক্স মুদ্রায় পরিপূর্ণ","the most common medium of exchange; functions as legal tender; ""we tried to collect the money he owed us""","Money, currency, or a medium of exchange, typically in the form of coins, notes, or digital tokens.",0.5115
tiny-aya-global,Bengali,13446,নীরসতা,NOUN,"রসযুক্ত, রোচক বা রুচিপূর্ণ না হওয়ার অবস্থা বা ভাব || উপন্যাসের নীরসতার ফলেই আমি তা পুরো পড়িনি","the quality of lacking interestingness; ""the stories were of a dullness to bring a buffalo to its knees""",Lack of excitement or interest; monotony.,0.5015
tiny-aya-global,Bengali,17962,ঝুমরি,NOUN,এক প্রকারের রাগিনী||সঙ্গীতজ্ঞ ঝুমরি গাইছেন,any of various fixed orders of the various diatonic notes within an octave,A type of ragini or a musical instrument used in traditional Bengali music.,0.2379
tiny-aya-global,Bengali,18839,লিঙ্গ,NOUN,ব্যকরণে ব্যবহৃত সেই তত্ত্ব যা থেকে পুরুষ এবং স্ত্রীএর পার্থক্য বোঝা যায়|| হিন্দীতে দুটো লিঙ্গ আছে কিন্তু সংস্কৃততে তিনটি লিঙ্গ আছে,a grammatical category in inflected languages governing the agreement between nouns and pronouns and adjectives; in some languages it is quite arbitrary but in Indo-European languages it is usually based on sex or animateness,"The Bengali word ""লিঙ্গ"" refers to the grammatical concept in Bengali grammar that distinguishes between masculine and feminine genders, similar to the concept of gender in Hindi. While Hindi has two genders, Sanskrit has three. This grammatical distinction is fundamental in Bengali linguistics.",0.5202
tiny-aya-global,Bengali,9649,পালিয়ে যাওয়া,VERB,সংকটের স্থান থেকে ভয় পেয়ে বা নিজের কর্তব্য থেকে বিমুখ হয় অন্যদের নজর এড়িয়ে পালিয়ে যাওয়া|| কয়েদী জেল থেকে পালিয়ে গেছে,"run away from confinement; ""The convicted murderer escaped from a high security prison""","to escape or flee from a place, often due to fear or to avoid responsibilities.",0.5161
tiny-aya-global,Bengali,21546,নীলম বনেশান আম,NOUN,এক প্রকারের আম||কাল আমি নীলম বনেশান আমের প্যাকেজ্ড রস কিনেছি।,"large oval tropical fruit having smooth skin, juicy aromatic pulp, and a large hairy seed",a type of mango,0.1079
tiny-aya-global,Bengali,8357,আপেল গাছ,NOUN,এক ধরনের গাছ যেটির গোল ফল মিষ্টি হয়||সে আপেল গাছটা শেকর শুদ্ধ কেটে ফেলল,native Eurasian tree widely cultivated in many varieties for its firm rounded edible fruits,A type of tree whose round fruit is sweet.,0.7404
tiny-aya-global,Bengali,691,অস্থিহীন,ADJECTIVE,যার মধ্যে অস্থির অভাব রয়েছে|| কেঁচো একপ্রকার অস্থিহীন প্রাণী,"being without a bone or bones; ""jellyfish are boneless""","Lacking bones or ossification, as in the case of a caterpillar.",0.5007
tiny-aya-global,Bengali,6639,রেশম,NOUN,"মসৃণ, চকচকে আর দৃঢ় একটি তন্তু যা এক বিশেষ ধরণের কীট (রেশম কীট) থেকে পাওয়া যায়|| এটা হল রেশমের তৈরি কাপড়",fibers from silkworm cocoons provide threads for knitting,"A smooth, shiny, and strong fiber obtained from a specific insect (silk worm), often used to make silk fabric.",0.8399
tiny-aya-global,Bengali,16023,সারং,NOUN,সম্পূর্ণ জাতির একটি রাগ||সারং এ সব শুদ্ধ স্বর লাগে,any of various fixed orders of the various diatonic notes within an octave,"A complete musical scale or ragas, typically consisting of all pure vowels.",0.4474
tiny-aya-global,Bengali,13684,পথ প্রদর্শনকারী,ADJECTIVE,দেখায় বা বলে যে|| রাস্তার ধারে পথ প্রদর্শনকারী মানচিত্র আঁকা রয়েছে,"(usually followed by `of' ) pointing out or revealing clearly; ""actions indicative of fear""","provides a path or route, indicating or indicating the way through maps or signs placed along the road.",0.2451
tiny-aya-global,Bengali,34615,ঘটনাক্রম,NOUN,একের পর এক হওয়া ঘটনার ক্রম||আরও একটি ঘটনাক্রমে চার অপরাধির খোঁজ চলছে।,"a periodically repeated sequence of events; ""a cycle of reprisal and retaliation""",A sequence of events occurring one after another.,0.7148
tiny-aya-global,Bengali,9582,বাজা,VERB,আঘাত লাগার ফলে বা সেইরূপ শব্দ হওয়া|| মন্দিকে ঘন্টা বাজছে,"sound loudly and sonorously; ""the bells rang""","to make a sound by striking or hitting, typically with a drum or other instrument; to sound a warning or signal by striking a drum",0.411
tiny-aya-global,Bengali,35243,প্রকট হওয়া,VERB,"উগ্র,প্রকট রূপ ধারণ করা|| শহরে আজকাল ম্যালেরিয়ার প্রকোপ দেখা দিয়েছে","become more intense; ""The debate intensified""; ""His dislike for raw fish only deepened in Japan""",to become severe or intense; to manifest itself in a prominent or aggressive manner,0.4161
tiny-aya-global,Bengali,1212,বহুবর্শী গাছ,NOUN,যে গাছ তিন বছর বা তার বেশি সময় জীবিত থাকে || আম হল একটা বহুবর্শীয় গাছ,a plant lasting for three seasons or more,A tree that lives for three years or more.,0.7944
tiny-aya-global,Bengali,7978,নিয়ামক,NOUN,যিনি ব্যবস্থা বা বিধাণ করেন|| আজ সংসদে বিধায়কদের আপাতকালীন বৈঠক ডাকা হয়েছে,a official responsible for control and supervision of a particular activity or area of public interest,"a person who establishes or enforces rules, regulations, or laws; someone who implements or enforces a system of rules or procedures.",0.7082
tiny-aya-global,Bengali,21215,অজ,NOUN,এক বঘুবংশীয় রাজা যিনি নাভাগের পুত্র ছিলেন||অজ রাজা দশরথের বাবা ছিলেন।,a prince or king in India,"The Bengali word ""অজ"" (Aja) refers to a ""Bhugabhanga dynasty king"" and is also the father of King Dasaratha in the Ramayana.",0.3217
tiny-aya-global,Bengali,9865,ত্রিপল,NOUN,সেই কাপড় যার ওপর মোমের স্বচ্ছ প্রলেপ লাগান আছে||ত্রিপলের ব্যবহার বিভিন্ন রকমের জিনিষ বানাতে কাজে লাগে,cloth treated on one side with a drying oil or synthetic resin,"A triple is a fabric coated with a clear layer of wax, used to create various items.",0.4116
tiny-aya-global,Bengali,30092,বাজপ্য,NOUN,একজন পৌরাণিক ঋষি||পুরাণে বাজপ্য ঋষির বর্ণনা পাওয়া যায়,a mentor in spiritual and philosophical topics who is renowned for profound wisdom,A legendary sage mentioned in the Purana.,0.5956
tiny-aya-global,Bengali,3983,নবদম্পতি,NOUN,নববিবাহিত পতি-পত্নী|| বিবাহ হওয়ার পরে সকল আগন্তুক নবদম্পত্তিকে আশীর্বাদ দিচ্ছিল,someone recently married,Newlywed couple,0.7318
tiny-aya-global,Bengali,5699,ভিড়িয়ে দেওয়া,VERB,এক বস্তুকে অন্য বস্তুর উপর মারা|| বাস চালক বাসের সঙ্গে গাছের ধাক্কা লাগিয়ে দিল,"knock against with force or violence; ""My car bumped into the tree""",To collide or hit one object against another.,0.5911
tiny-aya-global,Bengali,6170,পাতা,NOUN,এক ধরনের কর্ণাভূষণ||সীতা সোনার পাতা পরেছিল,jewelry to ornament the ear; usually clipped to the earlobe or fastened through a hole in the lobe,"A leaf, typically referring to a flat, green leaf of a plant, often used in traditional or ceremonial contexts, such as the gold leaf worn by Sita in the context provided.",0.2915
tiny-aya-global,Bengali,28456,চার্চ,NOUN,"খ্রীষ্টানদের বর্গ বা সম্প্রদায়ের মধ্যে প্রত্যেকটি যাদের নিজস্ব বিশ্বাস,পূজা পদ্ধতি থাকে||এই গির্জাঘরের বাইরে বিভিন্ন চার্চের একটা সভা চলছে",one of the groups of Christians who have their own beliefs and forms of worship,"A Christian church or congregation, each with its own beliefs, worship practices, and community, often referred to as a place of worship or assembly.",0.7691
tiny-aya-global,Bengali,8210,দান-পত্র,NOUN,এমন এক পত্র যার দ্বারা কোনও সম্পত্তি কাউকে চিরকালের মতো দান হিসেবে দেওয়া হয়||এক ধর্মপরায়ন ব্যক্তি দান-পত্র লিখে নিজের সব সম্পত্তি এই সংস্থাকে দান করে দিয়েছেন,"a legal document signed and sealed and delivered to effect a transfer of property and to show the legal right to possess it; ""he signed the deed""; ""he kept the title to his car in the glove compartment""","A document or letter through which a person permanently transfers their property or assets to another party, often for charitable or religious purposes.",0.5757
tiny-aya-global,Bengali,13519,স্কন্দমাতা,NOUN,দূর্গার নয়টি রূপের একটি যিনি স্কন্দের মাতা ছিলেন || নবরাত্রির পঞ্চম দিন স্কন্দমাতার পূজা করা হয়,"goddess of war; a malevolent aspect of Devi; ""the inaccessible""","The mother of Skanda, one of Durga's nine forms, and the goddess worshipped on the fifth day of Navaratri.",0.5523
tiny-aya-global,Bengali,19673,হুমায়ুন,NOUN,একটি মুঘল শাসক যিনি বাবরের পুত্র ছিলেন||আকবর হুমায়ুনের পুত্র ছিলেন।,a member of the Muslim dynasty that ruled India until 1857,Humayun was a Mughal emperor who was the son of Babur.,0.4491
tiny-aya-global,Bengali,27943,মুদ্রা বিজ্ঞান,NOUN,অর্থ (বিশেষভাবে পয়সা বা কয়েন)সংগ্রহ এবং তার অধ্যয়ন||মুদ্রা বিজ্ঞানের জ্ঞান থেকে অত্যন্ত পুরোনো পয়সা বা কয়েন সম্পর্কে জানা যায়,the collection and study of money (and coins in particular),"The study of currency, particularly coins and their historical significance, often involving the analysis of ancient coins to understand historical and economic contexts.",0.7189
tiny-aya-global,Bengali,10615,স্বীকারাত্মক,ADJECTIVE,যার মধ্যে স্বীকৃতি বা হ্যাঁ এর ভাব থাকে|| শীলার চাকরি নিয়ে একটি কার্যালয় থেকে স্বীকারাত্মক উত্তর এসেছে,"affirming or giving assent; ""an affirmative decision""; ""affirmative votes""; ""an affirmative nod""; ""an affirmatory gesture""",admissive,0.3799
tiny-aya-global,Bengali,25546,বিলম্বি,NOUN,কমরখ জাতির একপ্রকার গাছ || বিলম্বির টক ফল খাওয়া হয়,East Indian evergreen tree bearing very acid fruit,"A type of tree of the Komar tree family, known for its sour fruit that is consumed.",0.6695
tiny-aya-global,Bengali,16400,বেহিসেবী,ADJECTIVE,যার লেখা বা হিসেব হয় না|| ওঁর কাছে বেহিসেবী সম্পত্তি আছে,not capable of being computed or enumerated,Uncalculated,0.5322
tiny-aya-global,Bengali,7723,চিনা বাদাম,NOUN,এক ধরনের গাছ যেটির ফল বাদামের মতো হয় ও যা মাটির তলায় হয়||সে চিনা বাদাম শেকর শুধু উপরে নিল,widely cultivated American plant cultivated in tropical and warm regions; showy yellow flowers on stalks that bend over to the soil so that seed pods ripen underground,"A type of tree whose fruit resembles a nut, growing in the ground, and whose seeds are collected for consumption.",0.6148
tiny-aya-global,Bengali,35991,স্পেশাল টাস্ক ফোর্স,NOUN,ভারতের রাজ্য সরকারের দ্বারা আভ্যন্তরীণ সমস্যা সমাধানের জন্য গঠিত বিশেষ দল||স্পেশাল টাস্ক ফোর্সের গঠন সর্বপ্রথম উত্তরপ্রদেশে হয়েছিল ক্রমবর্ধমান অপরাধ বশে আনতে,a semipermanent unit created to carry out a continuing task,"A specialized task force established by the state government of India to address internal issues or combat specific problems, often formed in response to escalating challenges such as crime.",0.3443
tiny-aya-global,Bengali,17311,ক্ষত,NOUN,দংশিত স্থান বা সেই স্থান যেখানে কোনও বিষাক্ত জন্তু কামড়েছে|| শ্বেতা ক্ষতের ওপর মলম লাগাচ্ছে,a painful wound caused by the thrust of an insect' s stinger into skin,"A wound or a mark of injury, often caused by a sharp object or a venomous animal bite.",0.7715
tiny-aya-global,Bengali,35421,চেষ্টা করা,VERB,দেওয়ার চেষ্টা করা|| ও ঘুষ দেওয়ার চেষ্টা করছে,"attempt by employing effort; ""we endeavor to make our customers happy""",to make an attempt; to try,0.5885
tiny-aya-global,Bengali,7119,নবায়ণ করা,VERB,পুণরায় নতুন রূপে আনা বা নতুন রূপ দেওয়া|| বাবু আমার পরিচয়-পত্রের নতুন করছে,"restore to a previous or better condition; ""They renovated the ceiling of the Sistine Chapel""",To renew or restore something to a new or improved state.,0.5422
tiny-aya-global,Bengali,25314,গল্পরসিক,ADJECTIVE,"যে কথা বলে আনন্দ পায়|| শ্যাম একজন গল্পরসিক ব্যক্তি, সে নতুন নতুন গল্প বলে আমাদের মনোরঞ্জনন করে","full of trivial conversation; ""kept from her housework by gabby neighbors""","One who finds joy in speaking stories, often engaging others with captivating narratives.",0.37
tiny-aya-global,Bengali,24040,কফি,NOUN,একটি গাছ থেকে পাওয়া বীজ যাকে গুঁড়িয়ে পান করার যোগ্য বানানো হয়|| সে কফিকে খুব দ্রুত গুঁড়িয়ে কফি বানায়,a seed of the coffee tree; ground to make coffee,"Coffee beans, ground into a drink.",0.7909
tiny-aya-global,Bengali,10805,কংগ্রেস,NOUN,আমেরিকার রাজ্যসভা|| ইরাকের বিরুদ্ধে যুদ্ধকে কংগ্রেস সম্মতি প্রদান করেছিল,the legislature of the United States government,"The English definition is: **""The Indian National Congress, a major political party in India, is a key player in the country's history, known for its role in the Indian independence movement and its influence on Indian politics.""**",0.4114
tiny-aya-global,Bengali,4182,প্রিজম,NOUN,কাঁচের তৈরী ত্রিভূজাকার জিনিস যা কিরনকে তাদের নির্দিষ্ট পথ থেকে বিচলিত করার জন্য ব্যবহার করা হয় || প্রিজম দ্বারা পরাবর্তনের নিয়মের সত্যতা যাচাই করা হয়,optical device having a triangular shape and made of glass or quartz; used to deviate a beam or invert an image,"A prism is a transparent, usually triangular-shaped object, typically made of glass, that refracts light as it passes through it, causing the light to change direction.",0.7615
tiny-aya-global,Bengali,16883,বল্লারী,NOUN,সম্পূর্ণ জাতির একটি রাগিনী||শ্রোতাদের অনুরোধে সঙ্গীতজ্ঞ বল্লারী গেয়ে শোনালেন,any of various fixed orders of the various diatonic notes within an octave,A full-fledged national folk song or a traditional folk tune performed by a musician at the request of the audience.,0.1606
tiny-aya-global,Bengali,17716,পরিচালক,NOUN,একজন ব্যাক্তি যে বাসে টিকিট দেখিয়ে ভাড়া আদায় করে|| পরিচালক বাসে বসা যাত্রীদের থেকে টিকিট কাটছে,the person who collects fares on a public conveyance,A person who collects tickets and collects fare from passengers on a bus.,0.8093
tiny-aya-global,Bengali,25264,স্মারক,NOUN,কোনো বিশেষ ঘটনা বা ব্যক্তির স্মৃতিতে বানানো কোনো নির্মাণ|| ভারতে অনেক ঐতিহাসিক স্মারক আছে,a structure erected to commemorate persons or events,"A monument or memorial built to commemorate a significant event, person, or place.",0.8958
tiny-aya-global,Bengali,22213,ছটফট,VERB,কোনো পদার্থের অভাবের দুঃখ সহ্য করা|| এই দেশে বেশীরভাগ জনতা প্রাথমিক প্রয়োজনের জন্য ছটফট করছে,desire strongly or persistently,"to suffer from the lack of something, to be in a state of distress or discomfort due to a deficiency",0.436
tiny-aya-global,Bengali,25363,রাজকোট,NOUN,গুজরাতের একটি শহর || রাজকোটে ভারত এবং শ্রীলঙ্কার মধ্যে খেলা ওয়ান ডে ম্যাচে ভারতের জয় হয়েছে,"a large and densely populated urban area; may include several independent administrative districts; ""Ancient Troy was a great city""","The city of Rajkot, located in Gujarat, India, is known for its historical significance and cultural heritage. It is also the site of a notable cricket match between India and Sri Lanka, where India emerged victorious.",0.298
tiny-aya-global,Bengali,11725,প্রয়োগ,NOUN,কোনো বিষয় জানা অথবা বোঝার জন্য অথবা পরীক্ষা ইত্যাদির রুপে হওয়া কোনো প্রক্রিয়া সাধন|| আমরা প্রয়োগ করার জন্য প্রয়োগশালায় গেলাম,the act of conducting a controlled test or investigation,"The process of applying or implementing something, such as a method, technique, or knowledge, to achieve a specific outcome or test its effectiveness.",0.5642
tiny-aya-global,Bengali,27475,অবৈধ ব্যবসা,NOUN,"আমদানির জন্য করা অবৈধ ব্যবসা বিশেষভাবে ঠকানো,প্রতারণা করা,বেশ্যাবৃত্তি ইত্যাদি কাজ||পুলিশ একটা খুব বড় অবৈধ চক্রের সন্ধান পেয়েছে",an illegal enterprise (such as extortion or fraud or drug peddling or prostitution) carried on for profit,"Illegal business refers to activities conducted in violation of laws, often involving fraud, theft, or other criminal acts. It can also describe a large-scale criminal operation, such as organized crime rings, as highlighted by police discoveries.",0.726
tiny-aya-global,Bengali,28465,রাজদরবার,NOUN,শাসক এবং তার পরামর্শদাতা যাদের হাতে কোনো রাজ্যের প্রশাসনের ভার থাকে||রাজদরবার জনগণের জন্য একটা সূচনা জারি করেছে,the sovereign and his advisers who are the governing power of a state,"The royal court or palace, where the ruler and their advisors govern the administration of a kingdom.",0.67
tiny-aya-global,Bengali,2182,মেঘ,NOUN,ভূপৃষ্ঠের উপরের জলের থেকে নির্গত সেই বাষ্প যা ঘনীভূত হয়ে আকাশে ছড়িয়ে যায় এবং যার থেকে জল বর্ষিত হয়|| আকাশ মেঘে আচ্ছন্ন হয়ে রয়েছে,a visible mass of water or ice particles suspended at a considerable altitude,Cloud,0.3427
tiny-aya-global,Bengali,25305,সীতাপুর,NOUN,উত্তর প্রদেশের একটি শহর || সীতাপুরে চোখের খুব বিখ্যাত হাসপাতাল আছে,"a large and densely populated urban area; may include several independent administrative districts; ""Ancient Troy was a great city""",A city in Uttar Pradesh known for its highly renowned eye hospital.,0.3767
tiny-aya-global,Bengali,25612,সংক্রমিত,ADJECTIVE,যার সংক্রমণ হয়েছে|| এডসে সংক্রমিত ব্যক্তিদের সংখ্যা বেড়ে যাচ্ছে,"containing or resulting from disease-causing organisms; ""a septic sore throat""; ""a septic environment""; ""septic sewage""",Infectious,0.3017
tiny-aya-global,Bengali,16820,কঙ্ক,NOUN,এক প্রকারের চিল||কঙ্ক সাদা রঙের হয়,large long-necked wading bird of marshes and plains in many parts of the world,A type of white dove.,0.3593
tiny-aya-global,Bengali,9295,নিষ্কাসন,NOUN,"কোনও দন্ড ইত্যাদি হিসেবে কোনও স্থান, ক্ষেত্র ইত্যাদি থেকে বাইরে সরানো বা দূর করার ক্রিয়া|| অন্য জাতের মেয়েকে বিয়ে করার ফলে মঙ্গলুকে জাত থেকে নির্বাসিত করা হল","the act of expelling a person from their native land; ""men in exile dream of hope""; ""his deportation to a penal colony""; ""the expatriation of wealthy farmers""; ""the sentence was one of transportation for life""","The act of expulsion or removal from a place, field, or category, often as a punishment or consequence of marriage to a different caste.",0.5707
tiny-aya-global,Bengali,36235,লোকসাহিত্য,NOUN,সাধারণ জনসমাজে প্রচলিত বা তার সঙ্গে সম্পর্কিত সাহিত্য || লোকসাহিত্যে লোকমানসের হৃদয় কথা বলে,the unwritten literature (stories and proverbs and riddles and songs) of a culture,"Popular folk literature refers to the literary works that are part of the everyday culture and traditions of a community. It often reflects the lives, customs, and experiences of the common people, serving as a medium to express their collective voice and cultural identity.",0.5138
tiny-aya-global,Bengali,8950,কাঁসি,NOUN,খাবার রাখার এক ধরনের বাটি||কড়াই-এর তরকারিটা কাঁসিতে ঢেলে রাখো,a dish that is round and open at the top for serving foods,a type of bowl used for holding food,0.741
tiny-aya-global,Bengali,26461,খাজুরাহো,NOUN,মধ্যপ্রদেশের একটি প্রধান শহর || খাজুরাহো তার প্রাচীন এবং মধ্যযুগের মন্দিরের জন্য সারা পৃথিবীতে বিখ্যাত,"a large and densely populated urban area; may include several independent administrative districts; ""Ancient Troy was a great city""","Khajuraho is a major city in Madhya Pradesh, renowned worldwide for its ancient and medieval temples.",0.2214
tiny-aya-global,Bengali,7374,ভাটি,NOUN,যে স্থানে ইঁট ইত্যাদি তৈরী করা হয়||মজদুর ভাটি থেকে ইঁট বার করছে,a furnace for firing or burning or drying such things as porcelain or bricks,"The clay oven, where bricks are fired.",0.8331
tiny-aya-global,Bengali,35145,দায়ের করা,VERB,"মামলা,আরোপ ইত্যাদি দায়ের করা বা কার্য সম্পাদন করার জন্য লেখা|| পুলিশ রামের বিরুদ্ধে হত্যার মামলা দায়ের করেছে","record in a public office or in a court of law; ""file for divorce""; ""file a complaint""","to file a case or accusation against someone, or to make a written request for action or performance",0.6847
tiny-aya-global,Bengali,8843,বসানো,NOUN,বসানোর কাজ||সেঁকরা গয়নায় হিরে বসাচ্ছে,"a mounting consisting of a piece of metal (as in a ring or other jewelry) that holds a gem in place; ""the diamond was in a plain gold mount""","To place or insert something, often referring to the act of setting a jewel or object into a base or setting.",0.5019
tiny-aya-global,Bengali,18382,কর্মনাশা,NOUN,একটি নদী যা বিহার রাজ্যে অবস্থিত||পুরাণানুসারে ত্রিশঙ্কুর মুখের লালা থেকে কর্মনাশা নদীর উত্পত্তি হয়েছে,"a large natural stream of water (larger than a creek); ""the river was navigable for 50 miles""","The English definition of ""কর্মনাশা"" is: A river in Bihar state, said to originate from the saliva of the three-headed demon Trishanku in ancient Hindu mythology.",0.3288
tiny-aya-global,Bengali,28985,ঘোড়া,NOUN,মদ্দা ঘোড়া||সৈনিক ঘোড়ায় নয় মাদী ঘোড়ায় সওয়ার ছিল,the male of species Equus caballus,"A horse, specifically a male equine, often used for military purposes.",0.2961
tiny-aya-global,Bengali,23955,সেন সাল্ভাডোর,NOUN,সাল্ভাডোরের রাজধানী||সেন সাল্ভাডোরে বার বার ভূমিকম্প হয়।,the capital and largest city of El Salvador; has suffered from recurrent earthquakes,The English definition is: Salvadoran capital.,0.6846
tiny-aya-global,Bengali,8285,সম্মোহন,NOUN,"সম্মোহিত করার ক্রিয়া বা ভাব|| তার কথায় সম্মোহন ছিল, কারণ সে যেমন বলছিল আমরা তেমনই করছিলাম",the act of inducing hypnosis,"The act of being under the influence or control of someone, often through persuasive or hypnotic means.",0.6803
tiny-aya-global,Bengali,4125,বক্র তরবারী,NOUN,ব্যাঁকা তরবারী || সে বক্র তরবারী দিয়ে শত্রুর উপর হামলা করল,a cutting or thrusting weapon that has a long metal blade and a hilt with a hand guard,A curved sword.,0.2377
tiny-aya-global,Bengali,35341,উদ্যোগ পরিষদ সংঘ,NOUN,ভারতের ব্যাপারিক সংস্থার একটি সমূহ||ভারতীয় বানিজ্য এবং উদ্যোগ মহাসংঘের মুখ্যালয় দিল্লীতে অবস্থিত।,an organization formed by merging several groups or parties,"A collective or federation of business associations in India, representing various commercial interests.",0.6393
tiny-aya-global,Bengali,6719,মেওয়াটি,NOUN,মেওয়া ভরে তৈরী করা একটা খাবার||বাচ্চা মেওয়াটি খাচ্ছে,"a particular item of prepared food; ""she prepared a special dish for dinner""","A type of food made from rice flour, commonly consumed by children.",0.4028
tiny-aya-global,Bengali,735,আস্তাবল,NOUN,ঘোড়ার থাকার জায়গা|| এই অশ্বশালায় পাঁচটি ঘোড়া রয়েছে,a farm building for housing horses or other livestock,"A stable or horse barn, a place where horses are kept and fed.",0.8442
tiny-aya-global,Bengali,461,মোরব্বা,NOUN,এক প্রকার মিষ্টি যা সাদা কুমড়ো দিয়ে তৈরী করা হয় || হালুইকার মোরব্বা বানাচ্ছে,a food rich in sugar,A sweet dish made from white pumpkin.,0.6183
tiny-aya-global,Bengali,26573,কাংশী নদী,NOUN,মেঘালয়ের একটি নদী||বিদ্যুত্ উত্পাদনের জন্য কাংশী নদীর জলেরও ব্যবহার করা হবে,"a large natural stream of water (larger than a creek); ""the river was navigable for 50 miles""","The Kanchanjanga River is a major river in Meghalaya, India, known for its role in hydropower generation.",0.3488
tiny-aya-global,Bengali,7015,প্রেরণা,NOUN,কোনও প্রভাবশালী ব্যাক্তি বা সমূহের দিক থএকে কিছু বলার বা করার জন্য সংকেত|| আমি চিত্রকলার প্রেরণা মা থেকে পেয়েছিলাম,"the psychological feature that arouses an organism to action toward a desired goal; the reason for the action; that which gives purpose and direction to behavior; ""we did not understand his motivation""; ""he acted with the best of motives""","Inspiration, the act of being motivated or encouraged by someone or something to do or say something, often derived from a source of influence or authority.",0.4757
tiny-aya-global,Bengali,5250,চিনা,NOUN,চিন দেশের ভাষা|| ও চিনা বলতে পারে,any of the Sino-Tibetan languages spoken in China; regarded as dialects of a single language (even though they are mutually unintelligible) because they share an ideographic writing system,Chinese language,0.677
tiny-aya-global,Bengali,15066,আটকানো,VERB,কাজ সম্পূর্ণ করতে বিলম্ব করা|| নিশ্চই তিনিই আমার কাজটা আটকেছে,"be a hindrance or obstacle to; ""She is impeding the progress of our project""",to delay or hinder the completion of something,0.596
tiny-aya-global,Bengali,4992,টিকিয়া,NOUN,ছোটো গোল চ্যাপটা বস্তু || বাচ্চা রঙের টিকিয়া জলে দিয়ে গুলছে,"a small flat compressed cake of some substance; ""a tablet of soap""","A small, round, flat object, often used in games or play, such as a toy or a small ball.",0.4398
tiny-aya-global,Bengali,30677,পা,NOUN,সেই পরিমাণ দূরত্ব যা এক বারে যাওয়া যায়|| আমার বাড়ী এখান থেকে প্রায় আট দশ পা দূরে,"the distance covered by a step; ""he stepped off ten paces from the old tree and began to dig""",The distance one can walk in a single step.,0.5163
tiny-aya-global,Bengali,8656,দুর্দিন,NOUN,সেই দিন যাতে কষ্টকর ঘটনা ঘটে|| দুর্দিনের পরে ভালো দিন আসে,a time of difficulty,"A day marked by significant hardship or adversity, often followed by a period of recovery or improvement.",0.4226
tiny-aya-global,Bengali,1866,পাত্র,NOUN,সেই মানব নির্মিত বস্তু যাতে কিছু রাখা যায়|| তিনি কুকুরকে মাটির পাত্রে দুধ খাওয়াচ্ছিলেন,any object that can be used to hold things (especially a large metal boxlike object of standardized dimensions that can be loaded from one form of transport to another),"a container or vessel used to hold or store something, typically made of earthenware, glass, metal, or plastic",0.7319
tiny-aya-global,Bengali,2562,ক্রমিক,ADJECTIVE,যা ক্রমানুসারে রয়েছে বা যাতে ক্রম রয়েছে|| পৃথিবীতে জীবের ক্রমিক বিকাশ হয়েছে,"in regular succession without gaps; ""serial concerts""","Progressive or sequential in nature, referring to a sequence or order of events, processes, or developments.",0.4386
tiny-aya-global,Bengali,221,সজ্জন,NOUN,"সেই ব্যক্তি যিনি সকলের সঙ্গে ভালো, প্রিয় এবং উচিত ব্যবহার করে থাকেন|| সজ্জনদের সমাদর করো",a man of refinement,"A person who treats everyone with kindness, love, and respect, embodying moral integrity and virtuous conduct.",0.2987
tiny-aya-global,Bengali,18596,রঙ,NOUN,মানুষের তৈরী সেই রাসায়নিক তরল পদার্থ যা দিয়ে অনেক জিনিস রঙ করা হয়||চেয়ারের রঙ না শুকোতেই বাচ্চা তার ওপরে বসে পড়ল,a substance used as a coating to protect or decorate a surface (especially a mixture of pigment suspended in a liquid); dries to form a hard coating,"A liquid substance created by humans, used to color various materials; the color of something.",0.7111
tiny-aya-global,Bengali,33755,ইন্দ্রধ্বজ,NOUN,ভাদ্র মাসের শুক্লা দ্বাদশীতে বর্ষা আর চাষের বৃদ্ধির জন্য যে পূজনোত্সব পালন করা হয়||ইন্দ্রধ্বজ উত্সবে ইন্দ্রধ্বজা উত্তোলন করা হয়,any joyous diversion,"The Indra's Bow is a traditional Bengali festival celebrated on the Shukla Dwadashi of the month of Bhadrapada, marking the end of the monsoon season and the beginning of the agricultural cycle. During this festival, the Indra Dhwaja (a sacred flag) is hoisted, symbolizing the prosperity and abundance brought by the rainy season.",0.3624
tiny-aya-global,Bengali,24230,সামোয়া,NOUN,দক্ষিণ প্রশান্ত মহাসাগরে অবস্থিত একটি স্বাধীন দ্বীপিয় রাজ্য || সামোয়ার জনবসতি প্রায় এক লাখ আশি হাজার,a constitutional monarchy on the western part of the islands of Samoa in the South Pacific,"A sovereign island nation in the South Pacific Ocean, known for its lush landscapes, vibrant culture, and significant population of approximately 180,000 inhabitants.",0.5827
tiny-aya-global,Bengali,24404,সুষমা,NOUN,অত্যধিক শোভা বা সৌন্দর্য্য || কাশ্মীরের প্রাকৃতিক সুষমা পর্যটকদের আকর্ষণ করে,the qualities that give pleasure to the senses,Excessive beauty or elegance; the natural beauty of Kashmir attracts tourists.,0.4287
tiny-aya-global,Bengali,29445,রৈবত,NOUN,একজন দৈত্য||রৈবত একটি শিশুগ্রহ,one of the evil spirits of traditional Jewish and Christian belief,"A giant or a colossal being, often associated with mythological or fantastical contexts.",0.3134
tiny-aya-global,Bengali,26730,গোলপোস্ট,NOUN,"ফুটবল,হকি ইত্যাদি খেলায় নির্ধারিত যে জায়গা দিয়ে বল পার হলে অঙ্ক প্রাপ্তি হয়||গোলকিপার গোলপোস্ট রক্ষা করে",game equipment consisting of the place toward which players of a game try to advance a ball or puck in order to score points,"The goalpost is the designated area in sports like football or hockey where a player must pass the ball to score a point, and the goalkeeper is responsible for defending it.",0.5958
tiny-aya-global,Bengali,19431,ইউরেশীয়,ADJECTIVE,ইউরেশিয়ার বা ইউরেশিয়ার সঙ্গে সম্পর্কিত|| এই সম্মেলনে সকল ইউরেশীয় দেশ অংশগ্রহণ করেছিল,"relating to, or coming from, Europe and Asia; ""His mother was Eurasian, and his father Chinese""; ""the Eurasian landmass is the largest in the world""",Euro-Asian,0.3945
tiny-aya-global,Bengali,6675,বিষহীন,ADJECTIVE,যাতে বিষ নেই|| কিছু সাপের বিষহীন হয়,not producing poison,non-venomous,0.7019
tiny-aya-global,Bengali,1241,সবিস্ময়ে,ADVERB,আশ্চর্যের সঙ্গে|| বাচ্চারা সবিস্ময়ে জাদুকরের ভেল্কি দেখছিল,"in a surprising manner; ""he was surprisingly friendly""",With wonder,0.3684
tiny-aya-global,Bengali,13322,হাত,NOUN,কনুই থেকে করতলের মূল পর্যন্ত অংশ|| দুর্ঘটনায় তার ডান হাত ভেঙ্গে গেছে,"the (prehensile) extremity of the superior limb; ""he had the hands of a surgeon""; ""he extended his mitt""","The upper arm, from the elbow to the shoulder, or the hand, including the wrist and fingers.",0.4875
tiny-aya-global,Bengali,14276,রেডিয়াম,NOUN,একটি উজ্জ্বল রাসায়নিক পদার্থ যার পারমাণবিক সংখ্যা অষ্টআশি এবং যাতে অনেক শক্তি সঞ্চিত থাকে || বোম তৈরীতেও রেডিয়াম ব্যবহার করা হয়,an intensely radioactive metallic element that occurs in minute amounts in uranium ores,"A highly radioactive element with atomic number 88, known for its intense energy storage and use in bomb construction.",0.6528
tiny-aya-global,Bengali,32658,মাণব,NOUN,ষোলো পুঁথির মালা||মীরা মুক্তোর মাণব পরে।,jewelry consisting of a cord or chain (often bearing gems) worn about the neck as an ornament (especially by women),Human being,0.2406
tiny-aya-global,Bengali,28382,উপনিবেশ,NOUN,সেই ভৌগলিক অঞ্চল যা রাজনৈতিক ভাবে অন্য কোনো দূরে অবস্থিত দেশ দ্বারা নিয়ন্ত্রিত হয়||এই উপনিবেশটি আমেরিকা দ্বারা নিয়ন্ত্রিত হয়,a geographical area politically controlled by a distant country,"A territory or region under the political control of a distant country, often characterized by economic exploitation, cultural influence, and political dominance.",0.8094
tiny-aya-global,Bengali,7534,তন্দ্রালস,NOUN,তদ্রা বা তন্দ্রাচ্ছন্ন থেকে হওয়া আলস্য||তন্দ্রালসের কারণে সে খাটে শুয়ে রইল,"a very sleepy state; ""sleepiness causes many driving accidents""",drowsy sloth,0.2324
tiny-aya-global,Bengali,27622,সময় মাপা,VERB,কোন ব্যক্তি কোন কাজ কত সময়ে নিষ্পন্ন করছেন তা মাপা|| সে ধাবকদের সময় মাপছে,"measure the time or duration of an event or action or the person who performs an action in a certain period of time; ""he clocked the runners""",to measure or time the duration of an action or event,0.7508
tiny-aya-global,Bengali,14911,অগ্রাহ্য,ADJECTIVE,যা নেওয়ার বা গ্রহণ করার যোগ্য নয়|| তিরস্কারপূর্বক দেওয়া যে কোনও বস্তুই অগ্রাহ্য,"not acceptable; not welcome; ""a word unacceptable in polite society""; ""an unacceptable violation of personal freedom""",That which is not worthy of being taken or accepted; anything given with disapproval or censure.,0.7137
tiny-aya-global,Bengali,2773,অধীনস্থ,ADJECTIVE,"আজ্ঞা, অধিকার ইত্যাদির ভিত্তিতে কারও নিচে থাকা|| নিজের অধীনস্থ কর্মচারীদের সাথে মীরার ব্যবহার ভালো নয়","inferior in rank or status; ""the junior faculty""; ""a lowly corporal""; ""petty officialdom""; ""a subordinate functionary""","subject to, subordinate to, or under the authority of",0.5331
tiny-aya-global,Bengali,35010,তেইশ,NOUN,তেইশ বছর বয়স অথবা গুনতিতে তেইশের স্থানে আসা বছর||তার ছেলে তেইশ বছরের হয়ে গেছে,"a period of time occupying a regular part of a calendar year that is used for some particular activity; ""a school year""",23 years old or a number that represents 23 years in a count.,0.312
tiny-aya-global,Bengali,28483,ইতালীয় ভাত,NOUN,"একপ্রকার ইতালীয় ব্যঞ্জন যা ভাতের সঙ্গে মশলা,মাংস এবং অধিক পরিমাণ চিজ রান্না করে বানানো হয়||জন ইতালিয়ান রাইস খেতে খুব ভালোবাসে",rice cooked with broth and sprinkled with grated cheese,"A type of Italian dish made by cooking rice with spices, meat, and a large amount of cheese.",0.7463
tiny-aya-global,Bengali,24506,গাজিয়াবাদ,NOUN,উত্তর প্রদেশের একটা শহর || গাজিয়াবাদ দিল্লীর পশ্চিম দিকে অবস্থিত,"a large and densely populated urban area; may include several independent administrative districts; ""Ancient Troy was a great city""","A city in Uttar Pradesh, located west of Delhi.",0.3087
tiny-aya-global,Bengali,16971,তুঙ্গভদ্রা,NOUN,দক্ষিণ ভারতের একটি নদী||তুঙ্গভদ্রা সহ্যাদ্রি পর্বত থেকে বের হয়ে কৃষ্ণানদীতে গিয়ে পরেছে,"a large natural stream of water (larger than a creek); ""the river was navigable for 50 miles""","The Tungabhadra River is a major tributary of the Krishna River in southern India, originating from the Western Ghats and flowing into the sea.",0.3488
tiny-aya-global,Bengali,36522,সারস্বত,NOUN,এক ব্রাম্হণ জাতি || এই শুধু সারস্বতদের জন্য সংরক্ষিত,(Hinduism) a Hindu caste or distinctive social group of which there are thousands throughout India; a special characteristic is often the exclusive occupation of its male members (such as barber or potter),A Brahmin caste or a person belonging to the Sarwata Brahmin community.,0.6629
tiny-aya-global,Bengali,3764,অবিবাহিত,NOUN,সেই পুরুষ যে বিবাহিত নয়|| এই পদের জন্য কেবল অবিবাহিত পুরুষরাই আবেদন করতে পারবে,a man who has never been married,Unmarried male. Only unmarried males are eligible to apply for this position.,0.5258
tiny-aya-global,Bengali,8408,পছন্দ,NOUN,পছন্দ করার ক্রিয়া বা ভাব||তার পছন্দ দেখে আমার গর্ব হয়,"a feeling of liking something or someone good; ""although she fussed at them, she secretly viewed all her children with approval""",The act of liking or preference,0.464
tiny-aya-global,Bengali,25407,প্রতিপাদিত,ADJECTIVE,যার প্রতিপাদন করা হয়েছে|| এই সিদ্ধান্ত অনেক বিদ্বান দ্বারা প্রতিপাদিত হয়,declared as fact; explicitly stated,asserted,0.4107
tiny-aya-global,Bengali,17212,ইরাবতী নদী,NOUN,একটি ভারতীয় নদী||ইরাবতী নদী পাঞ্জাবে প্রবাহিত হয়,"a large natural stream of water (larger than a creek); ""the river was navigable for 50 miles""",The Iravi River is a major river in India that flows through Punjab.,0.3575
tiny-aya-global,Bengali,19440,নরসিংহ,NOUN,ভগবান বিষ্ণুর চতুর্থ অবতারের রূপ যা অর্ধেক পুরুষ ও অর্ধেক নারীর রূপে ছিল||নরসিংহ হিরণ্যকাশ্যপকে বধ করেছিলেন।,"the manifestation of a Hindu deity (especially Vishnu) in human or superhuman or animal form; ""the Buddha is considered an avatar of the god Vishnu""","The Narasimha form of Vishnu, a divine avatar with the body of a man and the head of a lion, who defeated Hiranyakashipu.",0.7319
tiny-aya-global,Bengali,15245,অথর্বা,NOUN,একজন মহর্ষি যিনি ব্রহ্মার জ্যেষ্ঠ পুত্র ছিলেন||ব্রহ্মা অথর্বাকে ব্রহ্মবিদ্যার উপদেশ দিয়েছিলেন / অথর্বার পত্নীর নাম ছিল শান্তা,an imaginary being of myth or fable,"A sage who was the eldest son of Brahma, from whom Brahma imparted the knowledge of Brahman to him.",0.2768
tiny-aya-global,Bengali,29605,সুদীতি,NOUN,একজন পৌরাণিক যুগের ঋষি||সুদীতি আঙ্গিরসের গোত্রজাত ছিলেন,a mentor in spiritual and philosophical topics who is renowned for profound wisdom,"A legendary sage from the Purana era, Suditi was a member of the Angirsa clan.",0.3662
tiny-aya-global,Bengali,3645,সন্তান,NOUN,কারও ছেলে বা মেয়ে|| প্রত্যেক সন্তানের কর্তব্য তার মাতা-পিতার সেবা করা / আপনার কটি সন্তান?,"the immediate descendants of a person; ""she was the mother of many offspring""; ""he died without issue""",Child,0.2713
tiny-aya-global,Bengali,22616,কোপলতা,NOUN,একটি লতা||কোপলতা ওষুধ রূপে ব্যবহৃত করা হয়।,woody perennial climbing plant with large ornamental seed pods that resemble balloons; tropical India and Africa and America,A vine or creeper used medicinally.,0.5147
tiny-aya-global,Bengali,6078,ক্ষতিপূরণ,NOUN,কোনও দুর্ঘটনা বা আঘাতের জন্য দেওয়া ধন|| রেল দুর্ঘটনায় মৃত লোকেদের পরিবারের সদস্যরা এখনও ক্ষতিপূরণ পাননি,something (such as money) given or received as payment or reparation (as for a service or loss or injury),"Compensation for damage or loss, typically provided as financial restitution for harm caused by an accident or injury.",0.7184
tiny-aya-global,Bengali,456,জৈন্য মন্দির,NOUN,সেই মন্দির যাতে জৈন্য ধর্মালম্বীরা পূজা-পাঠ করেন || জৈন্য সম্প্রদায় এই শহরে একটা বিশাল জৈন্য মন্দিরের নির্মাণ করেছেন,place of worship consisting of an edifice for the worship of a deity,"The temple where Jaina devotees perform worship and rituals, with the Jaina community in this city constructing a large Jaina temple.",0.6263
tiny-aya-global,Bengali,33419,ও,NOUN,হিন্দী বর্ণমালার দশম স্বরবর্ণ যা অ এবং উ এর সংযোগে তৈরী||ও এর উচ্চারণ স্থান কণ্ঠ এবং ওষ্ঠ,a letter of the alphabet standing for a spoken vowel,"The Bengali consonant ""ও"" is the tenth member of the Devanagari script, formed by connecting the consonants ""অ"" and ""উ"". It is pronounced with the voice and lips, functioning as a vowel in Bengali words.",0.5403
tiny-aya-global,Bengali,1225,অপ্রিয়ভাষী,ADJECTIVE,অপ্রিয় ভাষী বা যে অপ্রিয় কথা বলে|| অপ্রিয়ভাষী ব্যক্তি নিন্দার পাত্র হন/অপ্রিয়ভাষী ব্যক্তি নিজের লোকেদের মধ্যেও পর হয়ে থাকেন,"unkind or cruel or uncivil; ""had harsh words""; ""a harsh and unlovable old tyrant""; "" a rough answer""","Unfriendly or ill-mannered, especially in speech; one who speaks in a disrespectful or rude manner.",0.6439
tiny-aya-global,Bengali,5004,জোড়ে,NOUN,শরীরের অঙ্গের জোড় যাতে শরীর ঝোঁকে বা ঘোরে|| আমার আঙুলের জোড়ে ব্যথা আছে,(anatomy) the point of connection between two bones or elements of a skeleton (especially if it allows motion),"In the body, the joint where one part bends or rotates around another; a joint in the finger that causes pain.",0.488
tiny-aya-global,Bengali,19929,কাত্যায়ন,NOUN,এক ঋষি||মা দূর্গার ষষ্ট রূপের পূজো সর্বপ্রথম কাত্যায়ন করেছিলেন তাই মায়ের এই রূপ কে কাত্যায়নী বলা হয়।,a mentor in spiritual and philosophical topics who is renowned for profound wisdom,"The Katyayni is the first of the six forms of Maa Durga, first worshipped by a sage.",0.3253
tiny-aya-global,Bengali,26690,মার্টিন লুথার কিং,NOUN,একজন প্রসিদ্ধ আমেরিকান নেতা যার হত্যা করা হয়েছিল||মার্টিন লুথার কিং আমেরিকায় কৃষ্ণাঙ্গদের অধিকারের জন্য লড়াই করেছিলেন,United States charismatic civil rights leader and Baptist minister who campaigned against the segregation of Blacks (1929-1968),A prominent American leader who fought for the rights of African Americans.,0.8477
tiny-aya-global,Bengali,23643,পাকারি ফুল,NOUN,এক প্রকারের কচনার ফুল যেটি সাদা রঙের হয়||মালী পাকারি ফুলের মালা গাঁতছে।,reproductive organ of angiosperm plants especially one having showy or colorful parts,"A type of small white flowering plant, often used in garlands or floral arrangements.",0.476
tiny-aya-global,Bengali,4439,তোতাপাখি,NOUN,"একটি পাখি যে মানুষের মতো কথা বলে,বিশেষভাবে সবুজ রঙের একটি পাখি যাকে মানুষ ঘরে পুষে রাখে|| খাঁচার মধ্যে বসে থাকা টিয়াপাখি রাম রাম বলছে",usually brightly colored zygodactyl tropical birds with short hooked beaks and the ability to mimic sounds,"A parrot, a bird known for mimicking human speech, particularly a green-colored bird commonly kept as a pet in homes.",0.6073
tiny-aya-global,Bengali,22754,আত্মা উপনিষদ,NOUN,একটি উপনিষদ||আত্মা উপনিষদ অথর্ববেদের সাথে সম্পর্কিত।,"a later sacred text of Hinduism of a mystical nature dealing with metaphysical questions; ""the Vedanta philosophy developed from the pantheistic views of the Upanishads""","A Upanishad associated with the Atharvaveda, containing spiritual and philosophical teachings.",0.7889
tiny-aya-global,Bengali,3264,অস্ত্র,NOUN,সেই হাতিয়ার যা যুদ্ধ ইত্যাদির সময়ে শত্রুর ওপর আঘাত করতে বা আত্মরক্ষা করতে ব্যবহার করা হয়|| উনি একটি ধারালো অস্ত্র দিয়ে শত্রুর ওপর আঘাত করলেন,"any instrument or instrumentality used in fighting or hunting; ""he was licensed to carry a weapon""",A weapon used for attacking enemies or self-defense in combat or other situations.,0.65
tiny-aya-global,Bengali,9401,পরিবেশ,NOUN,সেই বায়ু যা পৃথিবীতে চারদিক থেকে ঘিরে রয়েছে|| আমাদের পরিবেশকে দূষিত হওয়ার থেকে রক্ষা করা উচিত,"the mass of air surrounding the Earth; ""there was great heat as the comet entered the atmosphere""; ""it was exposed to the air""","The English definition is: **The atmosphere surrounding the Earth, which is essential for life and requires protection from pollution.**",0.3829
tiny-aya-global,Bengali,30616,ভুজঙ্গসঙ্গতা,NOUN,একপ্রকার বর্ণবৃত্ত||ভুজঙ্গসঙ্গতার প্রত্যেক চরণে নয়টি বর্ণ থাকে,(prosody) a system of versification,"The term ""ভুজঙ্গসঙ্গতা"" refers to a type of poetic meter in Bengali literature, characterized by a specific structure where each line consists of nine syllables. This meter is often used in traditional and classical Bengali poetry, contributing to its rhythmic and musical qualities.",0.3155
tiny-aya-global,Bengali,4173,সুরেলা,ADJECTIVE,কথা বলা বা গান গাওয়ার ক্ষেত্রে মিষ্টি স্বরযুক্ত|| গীতা মধুর স্বরে মা সরস্বতীকে বন্দনা করেছিল,"pleasantly full and mellow; ""a rich tenor voice""","A sweet or melodious voice, particularly in speech or singing.",0.7625
tiny-aya-global,Bengali,24225,সেন্ট ক্রিস্টোফার,NOUN,একটি দ্বীপ || সেন্ট ক্রিস্টোফার সেন্ট কীটস এবং নিবিসের সবচেয়ে বড়ো দ্বীপ,the largest of the islands comprising Saint Christopher-Nevis,St. Christopher Island,0.4449
tiny-aya-global,Bengali,2498,গৌতম বুদ্ধ,NOUN,বৌদ্ধ ধর্মের প্রবর্তক যাঁকে ভগবানের অবতার বলা হয়|| কুশীনগর গৌতম বুদ্ধের পরিনির্বাণ স্থল,founder of Buddhism; worshipped as a god (c 563-483 BC),"Founder of Buddhism, revered as an incarnation of the divine, known for his enlightenment and teachings that revolutionized spiritual thought.",0.7998
tiny-aya-global,Bengali,10116,শুভকামনা,NOUN,কারও জন্য করা শুভ কামনা|| মাতা-পিতার হৃদয়ে সন্তানের জন্য সর্বদা শুভকামনাই থাকে,"(usually plural) a polite expression of desire for someone' s welfare; ""give him my kind regards""; ""my best wishes""",Wishes for good fortune or success.,0.5012
tiny-aya-global,Bengali,26408,কুসুমবিচিত্রা,NOUN,"একপ্রকার অক্ষরবৃত্ত || কুসুমবিচিত্রার প্রত্যেক চরণে ন,য়,ন,য থাকে",(prosody) a system of versification,"A type of poetic form characterized by a rhythmic structure where each line contains the consonants n, y, n, and y, often associated with a floral or nature-inspired theme.",0.398
tiny-aya-global,Bengali,11988,জনজাতি,NOUN,"কোনও বিশেষ স্থানে থাকে এমন লোকেদের সমূহ বা বর্গ যারা সাধারণত একই পূর্বজের বংশ আর যারা সভ্যতা, সংস্কৃতি ইত্যাদির নিরিখে আশপাশের বসবাসকারীদের থেকে একেবারেই আলাদা আর কিছুটা নিম্ন স্তরের|| ভারতের জঙ্গলে আজও অনেক জনজাতিরা বসবাস করেন",a social division of (usually preliterate) people,"A group of people who live in a specific area, typically sharing a common ancestor and distinct from the surrounding population in terms of civilization, culture, and social status, often considered a lower caste.",0.6807
tiny-aya-global,Bengali,17482,নৌকার পেছনের অংশ,NOUN,বড় নৌকার পেছনের দিকের অংশ যেখানে হাল লাগানো থাকে||নাবিক নৌকার পেছনের অংশ মেরামত করছে,the rear part of a ship,"The rear end of a large boat, where the oar is attached.",0.7542
tiny-aya-global,Bengali,26453,গঠনমূলক,ADJECTIVE,গঠনের সঙ্গে সম্পর্কিত বা গঠনে সহায়ক|| দেশে বড়ো গঠনমূলক বদল প্রয়োজন আছে,"affecting or involved in structure or construction; ""the structural details of a house such as beams and joists and rafters; not ornamental elements""; ""structural damage""","Constructive, meaning related to or aiding in the formation or process of building or creating something.",0.6056
tiny-aya-global,Bengali,21765,স্বর্গবাসী,NOUN,যে স্বর্গে থাকেন বা স্বর্গের নিবাসী||ওকে দেখে স্বর্গবাসী বলে মনে হচ্ছে।,"someone who is no longer alive; ""I wonder what the dead person would have done""",One who resides in heaven or is a heavenly dweller; someone who appears celestial or divine.,0.4006
tiny-aya-global,Bengali,9293,নিষেধাজ্ঞা,NOUN,কোনও প্রস্তাবিত কাজ আগে থেকে অমান্য করে আটকানোর অধিকার||মুখ্য নির্বাচন আধিকারিক নির্বাচন থামানোর জন্য নিষেধাজ্ঞা জারি করেছে,the power or right to prohibit or reject a proposed or intended act (especially the power of a chief executive to reject a bill passed by the legislature),"The act of preventing or restraining a proposed action or proceeding from taking place, often by legal or administrative means.",0.7165
tiny-aya-global,Bengali,1290,আশ্রমবাসি,NOUN,যে আশ্রমে থাকে বা আশ্রম যার বাড়ি || গ্রামে-গ্রামে ঘোরা সাধু এখন আশ্রমবাসি হয়ে গেছে,a person who inhabits a particular place,One who resides in an ashram or belongs to an ashram.,0.5478
tiny-aya-global,Bengali,25063,বৌর,NOUN,উড়িষ্যার একটি শহর || বৌর সোনপুরের কাছাকাছি অবস্থিত,"a large and densely populated urban area; may include several independent administrative districts; ""Ancient Troy was a great city""","A city in Odisha, India, located near Sonpur.",0.173
tiny-aya-global,Bengali,36270,ভারতীয় প্রশাসনিক সেবা,NOUN,ভারতীয় গণরাজ্যে সরকারের কার্যপালিকা শাখার প্রশাসনিক সিভিল বা নাগরিক সেবা || ভারতীয় প্রশাসনিক সেবার পরীক্ষায় খুব কম লোক পাস করে,"work done by one person or group that benefits another; ""budget separately for goods and services""","The Indian administrative service refers to the civil service component of the executive branch in the Indian republic, responsible for implementing government policies and administrative functions. It is a highly competitive service, with a low pass rate in its examination.",0.3415
tiny-aya-global,Bengali,10898,হাস্যরত,ADJECTIVE,যে হাসছে বা হাস্যরত|| একজন হাস্যরত ব্যক্তি ঘরের বাইরে বেরোলেন,"smiling with happiness or optimism; ""Come to my arms, my beamish boy!""- Lewis Carroll; ""a room of smiling faces""; ""a round red twinkly Santa Claus""",one who is laughing,0.4344
tiny-aya-global,Bengali,3306,মনোব্যথা,NOUN,মনে হওয়া ব্যথা|| রাম নিজের মনোব্যথা কারওকে জানায় না/আমি আমার মনোবেদনা কাকে শোনাবো?,intense sorrow caused by loss of a loved one (especially by death),"The feeling of sorrow or pain in the mind, often referring to emotional distress or unspoken grief.",0.8302
tiny-aya-global,Bengali,35190,খোঁজ করা,VERB,কোনো কথা বা বিষয়ের গূঢ় তত্ত্ব বা রহস্যের জ্ঞান লাভ করা|| চিকিত্সক এই নতুন রোগের কারণ খোঁজ করছে,"try to locate or discover, or try to establish the existence of; ""The police are searching for clues""; ""They are searching for the missing man in the entire county""",to seek out or discover the hidden truth or mystery of something,0.5585
tiny-aya-global,Bengali,3594,ধনে পাতা,NOUN,এক প্রকারের ছোটো গাছ যার পাতা সুগন্ধীত হয় || ধনে পাতার চাটনি পকোরার সাথে খেতে খুব সুস্বাদু লাগে,Old World herb with aromatic leaves and seed resembling parsley,"A small herbaceous plant known for its fragrant leaves, commonly used in cooking, particularly in chutneys and pokari, adding a pleasant aroma and flavor to dishes.",0.7239
tiny-aya-global,Bengali,34942,ওয়াইফাই,NOUN,একটি উপকরণ যেটির তৈরি তার দ্বারা ইন্টারনেটের সুবিধা প্রাপনীয় করা যায়||আজকাল অনেকে ওয়াইফাই ব্যবহার করেন।,a local area network that uses high frequency radio signals to transmit and receive data over distances of a few hundred feet; uses ethernet protocol,"Wi-Fi is a wireless technology that allows devices to connect to the internet without the need for physical cables, commonly used today for internet access.",0.5606
tiny-aya-global,Bengali,5719,ভোজনালয়,NOUN,সেই স্থান যেখানে রাঁধা খাবার পাওয়া যায়|| আমরা নিরামিষ ভোজনালয়ে গেলাম,a building where people go to eat,"The place where food is prepared or cooked, often referring to a kitchen or cooking area.",0.4496
tiny-aya-global,Bengali,27215,ইনোসিটাল,NOUN,"একপ্রকার ভিটামিন||পাতিলেবু,মুসম্বি লেবুতে বেশী পরিমাণে ইনোসিটাল পাওয়া যায়",an optically inactive alcohol that is a component of the vitamin B complex,Vitamin C,0.5123
tiny-aya-global,Bengali,8896,সেলাই,NOUN,সেলাই করার ক্রিয়া||গীতা সেলাই শিখছে,joining or attaching by stitches,"The act of sewing or stitching, often referring to the process of joining fabric pieces together using thread.",0.6769
tiny-aya-global,Bengali,214,বড় বোন,NOUN,সেই বোন যে জন্মসূত্রে বড়|| আমার বড় বোন একজন অধ্যাপিকা,an older sister,the elder sister,0.4379
tiny-aya-global,Bengali,6949,বিরোধী,ADJECTIVE,যিনি বিরুদ্ধে রয়েছেন|| এইবার নির্বাচনে সে বিরোধী দলের সাথে হাত মিলিয়েছে,"in opposition to (a policy or attitude etc.); ""an opposing vote""",opposing,0.3046
tiny-aya-global,Bengali,26738,চক,NOUN,সেই চৌকাকৃতির বাজার যার চারদিকে দোকান আছে এবং যার মধ্যভাগ উন্মুক্ত থাকে||বিদ্যুতের আলোয় বাজার জমজম করছে,"a public square with room for pedestrians; ""they met at Elm Plaza""; ""Grosvenor Place""","A bustling market with shops surrounding an open central area, often illuminated by electric lights, creating a vibrant and lively atmosphere.",0.4717
tiny-aya-global,Bengali,35272,আয় কর বিভাগ,NOUN,প্রশাসনিক বিভাগ যেটির দায়িত্ব আয় কর আদায় করা||আয় কর বিভাগ এই বছরে গত বছরের তুলনায় দ্বিগুন কর আয় কর আদায় করেছে।,an administrative unit in government or business,The revenue collection department is an administrative division responsible for collecting taxes. This department has successfully collected twice as much tax this year compared to last year.,0.4293
tiny-aya-global,Bengali,20053,বরকিনা ফৈসো,NOUN,দক্ষিণ আফ্রিকার একটা দেশ||বরকিনা ফৈসো সবচেয়ে গরীব দেশগুলির মধ্যে,a desperately poor landlocked country in western Africa; was formerly Upper Volta under French rule but gained independence in 1960,"The English definition is: **""Botswana""**.",0.4419
tiny-aya-global,Bengali,19209,তাড়াতাড়ি,ADVERB,নির্দিষ্ট সময়ের আগে|| আনন্দ আজ তাড়াতাড়ি কার্যালয়ে এসেছে,"before the usual time or the time expected; ""she graduated early""; ""the house was completed ahead of time""",Hurriedly,0.3081
tiny-aya-global,Bengali,33585,সর্পাস্য,NOUN,এক রাক্ষস য়ে খরের সেনাপতি ছিল||রামায়ণে সর্পাস্যের বর্ণনা পাওয়া যায়,one of the evil spirits of traditional Jewish and Christian belief,"A serpentine or snake-like figure, often associated with mythical or supernatural beings in Bengali folklore, particularly in the context of the Ramayana.",0.4016
tiny-aya-global,Bengali,23934,নডজামেন,NOUN,চাডের রাজধানী||নডজামেনা চাডের সব থেকে বড় শহর।,the capital and largest city of Chad; located in the southwestern on the Shari river,The capital of Chad.,0.2014
tiny-aya-global,Bengali,33428,জ,NOUN,হিন্দী বর্ণমালার অষ্টম এবং চ বর্গের তৃতীয় ব্যঞ্জনবর্ণ||জ কে ছন্দশাস্ত্রে জগণের সূচক তথা সংক্ষিপ্ত রূপ মনে করা হয়,a letter of the alphabet standing for a spoken consonant,"The 8th letter of the Devanagari script, representing the sound ""j"" in Bengali, often used as a symbol or abbreviation in poetic contexts.",0.4789
tiny-aya-global,Bengali,3939,পরা,VERB,"বস্ত্র,আভূষণ ইত্যাদি শরীরের উপর ধারণ করা|| ও স্নান করে ভালো কাপড় পরেছে","be dressed in; ""She was wearing yellow that day""","To wear or put on clothing, adornments, or other items on the body.",0.3685
tiny-aya-global,Bengali,3617,চোঙ্গা,NOUN,"কিছু রাখার জন্য কাগজ, ধাতু ইত্যাদির তৈরী একটা বেলনাকার পাত্র বা ডিব্বা || দোকানদার চোঙ্গায় ছোলা দিল",conduit consisting of a long hollow object (usually cylindrical) used to hold and conduct objects or liquids or gases,"A cylindrical container or box made of paper, metal, or similar materials, used for storing items.",0.6097
tiny-aya-global,Bengali,2177,ঠোঁট,NOUN,মুখের বাইরে উপর-নীচে বেরিয়ে থাকা অংশ যা দাঁতকে ঢেকেে রাখে|| মরণকালে শ্যামের ঠোঁটে তার ছেলেরই নাম ছিল,fleshy folds of tissue as those surrounding the mouth,The upper and lower parts of the mouth that cover the teeth.,0.7348
tiny-aya-global,Bengali,20215,মরোক্কো,NOUN,উত্তর পশ্চিম আফ্রিকার একটা দেশ||মরক্কোর বেশীরভাগ মানুষ মুসলিম ধর্মাবলম্বী,a kingdom (constitutional monarchy) in northwestern Africa with a largely Muslim population; achieved independence from France in 1956,"A country in Northwestern Africa, known for its diverse cultural heritage, historical landmarks, and significant Muslim population.",0.6188
tiny-aya-global,Bengali,24005,বুচারেস্ট,NOUN,রুমানিয়ার রাজধানী|| বুচারেস্ট দক্ষিণ পূর্ব রুমানিয়ার মধ্যে অবস্হিত,national capital and largest city of Romania in southeastern Romania,The capital city of Romania.,0.63
tiny-aya-global,Bengali,9458,পিস্তা,NOUN,এক ধরনের মেওয়া যা হাল্কা সবুজ রঙের হয়||খোসার সাথে সেদ্ধ করা পিস্তা খুব সুস্বাদু হয়,nut of Mediterranean trees having an edible green kernel,"A type of pasta made from wheat flour, typically light green in color, often cooked with its shell for a delicious taste.",0.5103
tiny-aya-global,Bengali,11447,বাড়া,VERB,গণনা বা মাপে অধিক হওয়া|| দুজন ব্যক্তির পক্ষে খাবার বেশী হয়ে গেছে,"become bigger or greater in amount; ""The amount of work increased""",To increase or grow in quantity or degree.,0.6708
tiny-aya-global,Bengali,7995,ত্রিশঙ্কু,NOUN,এক রাজা যিনি সশরীরে স্বর্গে যাওয়ার জন্য যজ্ঞ করেছিলেন কিন্তু দেবতাদের বিরোধের কারণে অধরেই আটকে গেল||ত্রিশঙ্কু একজন সূর্যবংশী রাজা ছিলেন,an imaginary being of myth or fable,A king who performed a yajna to ascend to heaven but was trapped on Earth due to divine opposition; a solar dynasty king.,0.3593
tiny-aya-global,Bengali,29233,কৌষিতকী,NOUN,একজন ঋষি পত্নী||পুরাণে কৌষিতকীর বর্ণনা পাওয়া যায়,an imaginary being of myth or fable,"A wife of a sage in Hindu mythology, known for her wisdom and virtue.",0.3802
tiny-aya-global,Bengali,1767,প্রতিদ্বন্দিতা করা,VERB,সমতুল্য ব্যক্তিদের সঙ্গে লড়াই বা বিরোধ করা|| শ্যাম সকলের সামনে আমার সঙ্গে প্রতিদ্বন্দিতা করল এখন আমি ওকে ছাড়বো না,"be engaged in a fight; carry on a fight; ""the tribesmen fought each other""; ""Siblings are always fighting""; ""Militant groups are contending for control of the country""","to compete or engage in rivalry with someone, especially in a fair or equitable manner.",0.3786
tiny-aya-global,Bengali,5325,চালান,NOUN,রেল বা ট্রাক ইত্যাদির দ্বারা পাঠানো মালের রসিদ যা দেখালে মাল পাওয়া যায় || পাটনা রেলওয়ে স্টেশনে চালান দেখিয়ে মামা পার্সেল নিলেন,a receipt given by the carrier to the shipper acknowledging receipt of the goods being shipped and specifying the terms of delivery,"Proof of shipment of goods via rail or truck, which, upon presentation, entitles the recipient to receive the goods.",0.7552
tiny-aya-global,Bengali,4256,পরীক্ষা,NOUN,কারোর যোগ্যতা বা জ্ঞান পরীক্ষা করার জন্য তাকে প্রশ্ন করা যার ভিত্তিতে তাকে উত্তীর্ণ বা অনুত্তীর্ণ করানো হয়|| রাম দশম শ্রেণীর পরীক্ষায় পাশ করার জন্য প্রচণ্ড পরিশ্রম করছে,the act of giving students or candidates a test (as by questions) to determine what they know or have learned,"To assess one's ability or knowledge by asking questions, resulting in a pass or fail.",0.7511
tiny-aya-global,Bengali,29638,উর্ধ্বগ্রীব,NOUN,একজন বৈদিক ঋষি||ঋগবেদে উর্ধ্বগ্রীবের বর্ণনা পাওয়া যায়,a mentor in spiritual and philosophical topics who is renowned for profound wisdom,"A Vedic sage, described in the Rigveda.",0.5673
tiny-aya-global,Bengali,17980,বনপিণ্ডালু,NOUN,এক জঙ্গলি গাছ||বনপিণ্ডালুর কাঠ হলদেটে ভাবের জন্য বাদামি দেখতে লাগে,a tall perennial woody plant having a main trunk and branches forming a distinct elevated crown; includes both gymnosperms and angiosperms,A jungle tree whose wood has a brownish-yellow hue due to its nut-like appearance.,0.6195
tiny-aya-global,Bengali,35397,প্রমাণবিহীণ বিবৃতি,NOUN,বিবৃতি দেওয়ার ক্রিয়া বা ভাব||মন্ত্রী মহাশয়ের প্রমাণবিহীণ বিবৃতিতে কেউ সন্তুষ্ট নয়।,something that people do or cause to happen,A statement made without evidence or proof.,0.3601
tiny-aya-global,Bengali,26964,পছন্দ,NOUN,"পছন্দ করা ব্যক্তি,বস্তু ইত্যাদি|| এই পদের জন্য আপনার পছন্দ প্রশংসনীয়","the person or thing chosen or selected; ""he was my pick for mayor""",A preference or choice for someone or something; a marked inclination or fondness.,0.458
tiny-aya-global,Bengali,2948,হাসিখুশি,ADJECTIVE,সদা হাসে যে|| হাসিখুশি ব্যক্তিদের সকলেই পছন্দ করে,"being full of or promoting cheer; having or showing good spirits; ""her cheerful nature""; ""a cheerful greeting""; ""a cheerful room""; ""as cheerful as anyone confined to a hospital bed could be""",cheerful,0.3783
tiny-aya-global,Bengali,29534,রিপুঞ্জয়,NOUN,ধ্রুবের একজন নাতি||রিপুঞ্জয় শ্লিষ্টের পুত্র ছিল,an imaginary being of myth or fable,"The son of Ripunjay, a relative of Durba.",0.2313
tiny-aya-global,Bengali,32051,নিঃশব্দ,ADJECTIVE,যা শব্দে ব্যক্ত করা হয়নি|| নিঃশব্দ হাবভাবও অনেক কিছু বলে দেয়,"not made explicit; ""the unexpressed terms of the agreement""; ""things left unsaid""; ""some kind of unspoken agreement""; ""his action is clear but his reason remains unstated""","Silent or without sound, conveying meaning through absence of speech or action.",0.5334
tiny-aya-global,Bengali,18481,ক্ষত,NOUN,"সাপ, বিছে ইত্যাদি বিষাক্ত জন্তু কামড়ানোর ফলে বা দংশন করার ফলে হওয়া ক্ষত|| ক্ষতটা নীল হয়ে গেছে",a painful wound caused by the thrust of an insect' s stinger into skin,"A wound or injury caused by the bite or sting of a venomous animal, such as a snake or scorpion, characterized by a distinct, often blueish discoloration.",0.7488
tiny-aya-global,Bengali,31759,পুনর্প্রাপ্য,ADJECTIVE,যা আবার ফেরত্ পাওয়ার সম্ভাবনা থাকে|| পুনর্প্রাপ্য জাগতিক বস্তু হারানোর জন্য এত দুঃখ করবেন না,"capable of being regained especially with effort; ""he believed the information was retrievable""","something that can be reused or recycled, capable of being regenerated or restored.",0.333
tiny-aya-global,Bengali,35155,ফাঁদ,NOUN,এমন ভাবে ফেঁসে যাওয়া যা থেকে আর বেরনো যায় না||পুলিস খুনিদের ধরার জন্য ফাঁদ পাততে ব্যস্ত।,"something (often something deceptively attractive) that catches you unawares; ""the exam was full of trap questions""; ""it was all a snare and delusion""","to entrap or trap someone in a way from which they cannot escape; to set a trap, often used metaphorically or literally.",0.5052
tiny-aya-global,Bengali,30744,দুর্গন্ধযুক্ত খয়ের,NOUN,এক প্রকার খয়েরের গাছ||দুর্গন্ধযুক্ত খয়ের গাছের কাঠ দিয়ে ঘর বানানো উচিত,tropical American thorny shrub or small tree; fragrant yellow flowers used in making perfumery,a type of tree with a strong odor; the wood of the दुर्गন্ধযুক্ত খয়ের tree is used to build houses.,0.5347
tiny-aya-global,Bengali,10252,স্বর্ণকার,NOUN,সোনা-রুপোর গয়না বানায় যে ব্যক্তি|| মা স্বর্ণকারের থেকে পঞ্চাশ হাজার টাকার গয়না বানিয়েছে,an artisan who makes jewelry and other objects out of gold,A goldsmith who makes jewelry from gold and silver.,0.9342
tiny-aya-global,Bengali,17307,শাসন করার লোক,NOUN,বকে বা শাসন করে যে ব্যক্তি||শাসন করার লোক না থাকায় মোহন বিগ়ড়ে যাচ্ছে,someone (especially a woman) who annoys people by constantly finding fault,"The person who governs or rules, whose absence leads to chaos and disorder.",0.4387
tiny-aya-global,Bengali,6120,পারিজাত,NOUN,মাঝারি উচ্চতার একটি গাছ যাতে ছোটো ছোটো সুগন্ধী ফুল হয়||পারিজাত ফুল ফুটেই ঝরে যায়,a tall perennial woody plant having a main trunk and branches forming a distinct elevated crown; includes both gymnosperms and angiosperms,"A medium-sized tree with small, fragrant flowers that fall immediately after blooming.",0.6673
tiny-aya-global,Bengali,8586,ফাঁসানো,VERB,কারোকে বন্ধন বা ফাঁদে এমনভাবে ফাঁসানো যাতে তার পক্ষে সেখান থেকে বের হওয়া মুশকিল হয়ে যায়|| শিকারী পাখিদের জালে ফাঁসিয়ে দিল,"catch with a lasso; ""rope cows""","To trap or entangle someone in a way that makes it difficult for them to escape, or to catch or hold something firmly.",0.5046
tiny-aya-global,Bengali,861,রক্ষক,NOUN,সেই ব্যক্তি যে রক্ষা করে|| দেশের রক্ষকেরা জীবনের চিন্তা না করে সীমান্তে দণ্ডায়মান থারেন/ছাত্রাবাসের প্ররক্ষকের অনুমতি ছাড়া ছাত্রাবাসের যাওয়া বারণ,someone who keeps safe from harm or danger,"The guardian or protector who safeguards, often in a military or protective capacity, as seen in the context of border guards or student guardians.",0.5768
tiny-aya-global,Bengali,3898,বেশী দামী,ADJECTIVE,যার উচিত মূল্যের চেয়ে দাম বেশী|| গ্রামের তুলনায় শহরের বস্তু বেশী দামী হয়,"having a high price; ""costly jewelry""; ""high-priced merchandise""; ""much too dear for my pocketbook""; ""a pricey restaurant""",more expensive than its worth,0.5019
tiny-aya-global,Bengali,53,যত্ন সহকারে,ADVERB,যত্ন সহকারে|| যেকোন কাজ যত্ন সহকারে করবে,"in a laborious manner; ""their lives were spent in committee making decisions for others to execute on the basis of data laboriously gathered for them""",With care and attention.,0.355
tiny-aya-global,Bengali,1983,মালিশ,NOUN,তেল দিয়ে শরীরের কোনো অঙ্গকে মর্দন প্রক্রিয়া বা ভাব|| সে সপ্তাহে দুদিন পুরো শরীরে মালিশ করায়,kneading and rubbing parts of the body to increase circulation and promote relaxation,"A massage or rubbing of the body with oil, often performed to relax or soothe muscles.",0.7428
tiny-aya-global,Bengali,4636,ব্যাগ্রতা,NOUN,চিত্ত অস্থির হওয়ার ভাব || ব্যাগ্রতার কারণে আমি সঠিক নির্ণয় নিতে পারছি না,feelings of anxiety that make you tense and irritable,"The state of being restless or unstable in mind, characterized by a lack of clarity or focus, often preventing one from making sound decisions.",0.5762
tiny-aya-global,Bengali,30289,চন্দ্রকিরণ,NOUN,চাঁদের কিরণ|| ঝিলের উপর পড়া চন্দ্রকিরণ মনোরম লাগছে,a ray of moonlight,Moonlight,0.6008
tiny-aya-global,Bengali,13311,বিশ্লেষণ,NOUN,কোনো পদার্থের সংযোজক দ্রব্য যা কোনো বিষয়ের সব অ বা তথ্যের পরীক্ষার জন্য আলাদা আলাদা করার প্রক্রিয়া|| সব তথ্যের বিশ্লেষণের পরেই কোনো সিদ্ধান্তে আসা সম্ভব,detailed critical analysis or examination one part at a time (as of a literary work),"The process of separating or analyzing the constituent parts of a substance or a subject to examine its components or characteristics, often leading to a conclusion after thorough analysis.",0.5109
tiny-aya-global,Bengali,873,অন্তর্প্রদেশীয়,ADJECTIVE,কোনো প্রদেশের অন্তর্গত বা তার অন্তর্ভাগে অবস্থিত বা তার সাথে সম্পর্কিত|| রাজ্যগুলিতে বিভিন্ন সময়ে অন্তর্প্রদেশীয় প্রতিস্পর্ধার আয়োজন হওয়া উচিত,"involving and relating to the mutual relations of states especially of the United States; ""Interstate Highway Commission""; ""interstate highways""; ""Interstate Commerce Commission""; ""interstate commerce""",domestic,0.3698
tiny-aya-global,Bengali,7654,লাল লঙ্কা,NOUN,একধরণের তীক্ষ্ণ লাল ফল যা ব্যাঞ্জনে মশলার জায়গায় দেওয়া হয়|| গোস্তে লাল লঙ্কা বেশি হওয়ার ফলে তা বেশ ঝাল হয়ে যায়,a ripe jalapeno that has been dried for use in cooking,"A spicy red fruit used as a spice in curries, often adding heat and flavor.",0.6313
tiny-aya-global,Bengali,24539,বলরামপুর,NOUN,উত্তর প্রদেশের একটা শহর || বলরামপুর একটা পরিস্কার পরিচ্ছন্ন শহর,"a large and densely populated urban area; may include several independent administrative districts; ""Ancient Troy was a great city""",A town in Uttar Pradesh known for its cleanliness and tidiness.,0.321
tiny-aya-global,Bengali,35258,নৃকুলসংক্রান্ত,ADJECTIVE,জাতির বা জাতি সংক্রান্ত|| আর্থিক এবং জাতিসংক্রান্ত বিষয়ে সুদানের মুসলমান এবং ক্রিশ্চানদের মধ্যে দীর্ঘ সংঘর্ষ চলছে,"of or characteristic of race or races or arising from differences among groups; ""racial differences""; ""racial discrimination""",related to the nation or ethnic group; concerning financial or ethnic matters,0.5889
tiny-aya-global,Bengali,10149,সম্ভাবনা থাকা,VERB,কোনো কাজ হতে পারা|| আজ বৃষ্টি হওয়ার সম্ভাবনা আছে,"regard something as probable or likely; ""The meteorologists are expecting rain for tomorrow""",the possibility of something happening,0.47
tiny-aya-global,Bengali,19664,যুগোশ্লাভিয়ান,NOUN,যুগোশ্লাভিয়ার নিবাসী||ওই যুগোশ্লাভিয়ান যে গোয়েন্দাগিরি করতো তারা ধরা পড়েছে,a native or inhabitant of Yugoslavia,"A person from Yugoslavia, or someone who engages in espionage.",0.7112
tiny-aya-global,Bengali,26491,লুক্সেমবার্গ ফ্রাঙ্ক,NOUN,লুক্সেমবার্গ দেশের মুদ্রা || পিটার লুক্সেমবার্গ ফ্রাঙ্ককে টাকায় পরিবর্তন করতে চায়,formerly the basic unit of money in Luxembourg,"The Luxembourg franc is the official currency of Luxembourg, used for transactions within the country.",0.7528
tiny-aya-global,Bengali,11248,জাগ্রত,NOUN,সেই অবস্থা যাতে সব বিষয় সম্পর্কে জ্ঞান থাকে|| জাগ্রত অবস্থাতেই আমাদের ইন্দ্রিয় জ্ঞান হয়,"the state of remaining awake; ""days of danger and nights of waking""","A state of awareness or consciousness, characterized by full knowledge and perception of all things.",0.491
tiny-aya-global,Bengali,13118,পিণ্ড,NOUN,কঠিন গোলক বা কোনো গোল পদার্থ|| জ্যোতির্বিজ্ঞানীরা মহাজাগতিক পিণ্ড সম্পর্কে পড়াশুনো করেন,"an individual 3-dimensional object that has mass and that is distinguishable from other objects; ""heavenly body""",A solid sphere or any spherical object; astronomers study celestial bodies.,0.6429
tiny-aya-global,Bengali,32330,শাখা,NOUN,মূখ্য ধারাতে মিশছে এমন ধারা অথবা মূখ্য ধারা থেকে বের হচ্ছে এমন ধারা||প্রত্যেক বড় নদীর অনেক শাখা থাকে,a stream or river connected to a larger one,"A branch is a division or extension of a main stream or trunk, often referring to a smaller river or stream that originates from a larger one.",0.5118
tiny-aya-global,Bengali,5421,রসিক,ADJECTIVE,রস বা আনন্দ নেন যিনি|| ও খুবই রসিক ব্যক্তি,"full of or showing high-spirited merriment; ""when hearts were young and gay""; ""a poet could not but be gay, in such a jocund company""- Wordsworth; ""the jolly crowd at the reunion""; ""jolly old Saint Nick""; ""a jovial old gentleman""; ""have a merry Christmas""; ""peals of merry laughter""; ""a mirthful laugh""",one who enjoys or experiences joy,0.4689
tiny-aya-global,Bengali,35598,জিডিপি,NOUN,দেশের সম্পূর্ণ উত্পাদন||অর্থমন্ত্রী জিডিপিতে নয় শতাংশ বৃদ্ধির কথা ঘোষণা করেছেন,measure of the United States economy adopted in 1991; the total market values of goods and services by produced by workers and capital within the United States borders during a given period (usually 1 year),Gross Domestic Product,0.491
tiny-aya-global,Bengali,27984,কেরিয়ার,NOUN,সাইকেল ইত্যাদিতে মালপত্র রাখার জন্য ধাতু বা প্লাস্টিকের তৈরী একটি সংরচনা||বাচ্চা আরামে কেরিয়ারের উপর বসেছিল,a rack attached to a vehicle; for carrying luggage or skis or the like,"A structure, typically made of metal or plastic, used to carry or store items, such as on a bicycle or in a child’s seat.",0.6002
tiny-aya-global,Bengali,31452,সুষেণ,NOUN,ধৃতরাষ্ট্রের এক পুত্র||মহাভারতে সুষেণের বর্ণনা পাওয়া যায়,an imaginary being of myth or fable,The son of Duryodhana in the Mahabharata.,0.3655
tiny-aya-global,Bengali,1675,সুশীল,ADJECTIVE,যার স্বভাব ভালো|| সুশীল ব্যক্তি নিজের স্বভাবের দ্বারা সকলেত মন জয় করে নেয়,"having or showing a kindly or tender nature; ""the gentle touch of her hand""; ""her gentle manner was comforting""; ""a gentle sensitive nature""; ""gentle blue eyes""","A civilized or refined person who, through their inherent goodness and moral character, garners respect and admiration from others.",0.4902
tiny-aya-global,Bengali,2225,জনসমষ্টি,NOUN,মানুষের সমষ্টি|| নেতাজীর ভাষণ শোনার জন্য বিশাল জনতার সমাগম হল,"the common people generally; ""separate the warriors from the mass""; ""power to the people""",A crowd or group of people.,0.4288
tiny-aya-global,Bengali,25047,কৃতজ্ঞতাপূর্বক,ADVERB,"কৃতজ্ঞতা স্বীকার করে,কৃতজ্ঞতার সহিত|| এই লেখাটা একটি ইংরাজী পত্রিকা থেকে কৃতজ্ঞতাপূর্বক নেওয়া হয়েছে","with appreciation; in a grateful manner; ""he accepted my offer appreciatively""",with gratitude,0.3573
tiny-aya-global,Bengali,34450,প্রতিজ্ঞাবদ্ধ,ADJECTIVE,প্রতিজ্ঞা ইত্যাদি দ্বারা বদ্ধ|| নিজের প্রতিশ্রুতিতে প্রতিজ্ঞাবদ্ধ ভীষ্ম পিতামহ পাণ্ডবদের উপর হতে থাকা অত্যাচার দেখে গেলেন,"bound or obligated, as under a pledge to a particular cause, action, or attitude; ""committed church members""; ""a committed Marxist""","committed, bound, pledged, vowed",0.7091
tiny-aya-global,Bengali,10158,পচা,VERB,জল মিশ্রিত পদার্থে ঈস্ট জমা বা ছাতা পড়া|| ইডলির আটা এখনও পচেনি,"go sour or spoil; ""The milk has soured""; ""The wine worked""; ""The cream has turned--we have to throw it out""","to become sour or decayed due to the action of yeast in water or other substances, or to rot; to ferment or spoil.",0.3727
tiny-aya-global,Bengali,1956,কলা শৈলী,NOUN,এমন শৈলী যা কোনও বিশেষ কলা প্রদর্শিত করে || তাজমহল মুঘলকালিন স্থাপত্যের কলা শৈলীর উত্কৃষ্ট উদাহরণ,"a way of doing something, especially a systematic way; implies an orderly logical arrangement (usually in steps)","A style of art that specifically represents a particular form of art or craft, often associated with a particular period or culture.",0.2892
tiny-aya-global,Bengali,18580,চিত্কার করা,VERB,"জোর করে বলা|| এত চিত্কার করছো কেন, আমি কালা নই","utter a sudden loud cry; ""she cried with pain when the doctor inserted the needle""; ""I yelled to her from the window but she couldn' t hear me""",to shout loudly or in a forceful manner,0.4693
tiny-aya-global,Bengali,3018,রিহার্সাল,NOUN,"কোনও নাটক, একাঙ্ক, নৃত্য ইত্যাদি অভিনয় করার আগে করা অভ্যাস|| রিহার্সালের পরে অভিনয় করা সহজ হয়","a practice session in preparation for a public performance (as of a play or speech or concert); ""he missed too many rehearsals""; ""a rehearsal will be held the day before the wedding""","Practice or rehearsal of a performance, such as a play, dance, or performance, before the actual presentation, which helps make the performance smoother and more effective.",0.6038
tiny-aya-global,Bengali,15793,ছোটো নাগারা,NOUN,এক প্রকার ছোটো নাগাড়া||সানাইয়ের সঙ্গে ছোটো নাগারা বাজানো হয়,a musical percussion instrument; usually consists of a hollow cylinder with a membrane stretched across each end,"A type of small drum used in traditional music, often played alongside the sanai.",0.6908
tiny-aya-global,Bengali,5274,থেকে থেকেই কষ্ট দেওয়া,VERB,থেকে থেকেই কষ্ট দেওয়া|| আমার পায়ের ঘা থেকে থেকেই কষ্ট দিচ্ছে,be the source of pain,to give pain from the very beginning,0.4693
tiny-aya-global,Bengali,6820,পারদর্শক,ADJECTIVE,যার সামনে বা মাঝে থাকার পরেও অন্য পারের জিনিস দেখা যায়|| কাঁচ হল এক আলোকভেদ্য বস্তু,"transmitting light; able to be seen through with clarity; ""the cold crystalline water of melted snow""; ""crystal clear skies""; ""could see the sand on the bottom of the limpid pool""; ""lucid air""; ""a pellucid brook""; ""transparent crystal""","One who can see through or beyond, perceiving things hidden or obscured by others.",0.3587
tiny-aya-global,Bengali,15698,ছাপান্ন,NOUN,পঞ্চাশ এবং ছয় যোগ করে প্রাপ্ত সংখ্যা||চোদ্দোর সঙ্গে চার গুণ করলে গুণফল ছাপান্ন হয়,"a concept of quantity derived from zero and units; ""every number has a unique position in the sequence""","The number obtained by adding fifty and six, or the product of fourteen and four.",0.5
tiny-aya-global,Bengali,27433,প্রতিবিম্বিত করা,VERB,"প্রতিবিম্বিত করা|| চন্দ্রালোকিত রাতে হ্রদের জল চাঁদকে প্রতিবিম্বিত করে, এই উপন্যাস আধুনিক সমাজকে প্রতিবিম্বিত করে","reflect as if in a mirror; ""The smallest pond at night mirrors the firmament above""","To reflect or mirror, as in the case of the moonlight on the lake's water or the depiction of modern society in the novel.",0.7566
tiny-aya-global,Bengali,20723,বাহামার ডলার,NOUN,বাহামায় যে মুদ্রা চলে||এই সপ্তাহে বাহামার ডলারের মূল্য বৃদ্ধি হয়েছে,the basic unit of money in the Bahamas,"The Bahamian dollar is the official currency of the Bahamas, used for transactions within the country.",0.799
tiny-aya-global,Bengali,9365,স্থির হয়ে যাওয়া,VERB,স্তব্ধ হয়ে যাওয়া|| বিদেশে যাওয়া ছেলের জন্য পথ চেয়ে চেয়ে মায়ের চোখ স্থির হয়ে গেছে,"cause to become stonelike or stiff or dazed and stunned; ""The horror petrified his feelings""; ""Fear petrified her thinking""",to become still or motionless; to remain steadfast or unchanging.,0.4365
tiny-aya-global,Bengali,12015,মাফিয়া,NOUN,অপরাধশীল বৃত্তিবিশিষ্ট লোকজনের সংগঠন||ইতালীর মাফিয়া সবথেকে বেশি খতরনাক বলে মনে করা হয়।,a secret terrorist group in Sicily; originally opposed tyranny but evolved into a criminal organization in the middle of the 19th century,"A criminal organization or syndicate, particularly known for its extreme danger, especially in the context of Italy's mafia.",0.6811
tiny-aya-global,Bengali,16246,অনন্য,ADJECTIVE,একের সাথেই যার সম্পর্ক রয়েছে বা একের মধ্যেই যিনি রয়েছেন|| সে হল রামের অনন্য ভক্ত,"zealous in devotion or affection; ""a devoted husband and father""; ""devoted friends""",unique,0.1692
tiny-aya-global,Bengali,36344,লেবুর জল,NOUN,জলে লেবু দিয়ে বানানো পানীয় || গরমের দিনে আমি রোজ লেবুর জল খাই,sweetened beverage of diluted lemon juice,lemonade,0.7907
tiny-aya-global,Bengali,2968,ঘটনা,NOUN,যা কোনও জায়গায় কোনও সময়ে ঘটিত হয়|| আজকের অদ্ভুত ঘটনায় সকলে অবাক হয়ে যায়,a single distinct event,"An event or occurrence that happens at a particular place and time, often described as remarkable or surprising.",0.4403
tiny-aya-global,Bengali,23633,নিবেদন করা,VERB,"শ্রদ্ধার সাথে দেবতা, সমাধি ইত্যাদিতে অর্পণ করা|| সে শিবমূর্তির ওপর জল, অক্ষত পুষ্প আর বেলপাতা নিবেদন করল","present as an act of worship; ""offer prayers to the gods""","to offer or present something with respect or reverence, often to a deity, shrine, or object of worship.",0.7709
tiny-aya-global,Bengali,29941,ভণ্ডিত,NOUN,একজন গোত্র প্রবর্ত্তক ঋষি||পুরাণে ভণ্ডিত ঋষির বর্ণনা পাওয়া যায়,a mentor in spiritual and philosophical topics who is renowned for profound wisdom,"A fraudulently pretended or feigned sage, referring to a character in the Puranas who pretends to be a sage.",0.4253
tiny-aya-global,Bengali,35908,ক্যাপ্টেন,NOUN,উড়োজাহাজের মুখ্য বিমানচালক বা পাইলট যার দায়িত্বে ওই জাহাজ থাকে||ক্যাপ্টেন যাত্রীদের উড়োজাহাজে উড়ানের খবর দিলেন,the pilot in charge of an airship,"Captain: The pilot in charge of an aircraft, responsible for its operation and safety.",0.8296
tiny-aya-global,Bengali,910,আবিষ্ট,ADJECTIVE,যে আবেশে পরিপূর্ণ|| সন্তানের প্রতি মায়ের হৃদয় স্নেহে আবিষ্ট থাকে,"fraught with great emotion; ""an atmosphere charged with excitement""; ""an emotionally charged speech""",Driven by or filled with a strong and intense emotion or passion.,0.709
tiny-aya-global,Bengali,7101,রুপান্তারিত,ADJECTIVE,এক রূপ থেকে অন্য রূপে আনা হয়েছে|| এটি হল একটি রূপান্তরিত লেখা,"changed in constitution or structure or composition by metamorphism; ""metamorphic rocks""",Transformed,0.2582
tiny-aya-global,Bengali,34206,প্রলম্বিত,ADJECTIVE,যা লম্বা করা হয়েছে|| দাদু প্রলম্বিত দড়ি গোটাচ্ছে,"drawn out or made longer spatially; ""Picasso' s elongated Don Quixote""; ""lengthened skirts are fashionable this year""; ""the extended airport runways can accommodate larger planes""; ""a prolonged black line across the page""",Extended or elongated.,0.5408
tiny-aya-global,Bengali,21991,যেভাবেই হোক,ADVERB,যে ভাবেই সম্ভব হোক|| যেভাবেই হোক আমার এই কাজ কালকের মধ্যে হয়ে যেতে হবে,"in some unspecified way or manner; or by some unspecified means; ""they managed somehow""; ""he expected somehow to discover a woman who would love him""; ""he tried to make is someway acceptable""","No matter what, in any way possible",0.3116
tiny-aya-global,Bengali,16572,রুবাইএমন,NOUN,একটি রাগ||রুবাইএমনের সঙ্গে কাওয়ালী তালের ঠেকা বাজানো হয়,any of various fixed orders of the various diatonic notes within an octave,"A musical instrument played with a stick, characterized by its distinctive sound and rhythm.",0.2492
tiny-aya-global,Bengali,4595,আকর,NOUN,"সঞ্চিত অর্থ,জ্ঞান|| অর্থ ভান্ডার সঠিক ভাবে খরচ করা উচিত /দাদু জ্বলজ্যান্ত একটি ভান্ডার","a collection of precious things; ""the trunk held all her meager treasures""","A storehouse of wealth or knowledge, emphasizing the importance of properly managing and utilizing resources effectively.",0.3711
tiny-aya-global,Bengali,32123,অশ্রুত,NOUN,শ্রী কৃষ্ণের একজন পুত্র||ভাগবত কথাতে অশ্রুতের উল্লেখ পাওয়া যায়,an imaginary being of myth or fable,Unseen or unheard of; unknown or unmentioned.,0.4196
tiny-aya-global,Bengali,11545,সময়,NOUN,অনুভবের ধারাবাহিকতা যাতে ঘটনা ভবিষ্যত থেকে বর্তমান হয়ে ভূতে যায়||সবার জীবনে আলাদা রকম সময় আসে।,the continuum of experience in which events pass from the future through the present to the past,"The English definition of the Bengali word ""সময়"" is: **Time**.",0.2752
tiny-aya-global,Bengali,1554,জলীয় জীব,NOUN,"জলে থাকা জীব (প্রাণী, উদ্ভিদ ইত্যাদি) || শৈবাল, কমল, কম্বোজ ইত্যাদি জলীয় জীব",a living thing that has (or can develop) the ability to act or function independently,"Marine organisms (animals, plants, etc.) that live in water, including algae, kelp, and comb jellies.",0.3007
tiny-aya-global,Bengali,8703,গোমূত্র,NOUN,গাভীর মূত্র|| হিন্দু ধর্মে গোমূত্রকে পবিত্র মনে করা হয়,"liquid excretory product; ""there was blood in his urine""; ""the child had to make water""",cow's urine,0.3774
tiny-aya-global,Bengali,29752,বাষ্কল,NOUN,একজন দৈত্য||পুরাণে বাষ্কল ঋষির বর্ণনা পাওয়া যায়,one of the evil spirits of traditional Jewish and Christian belief,"A giant or colossal figure, often associated with mythological or epic narratives in Bengali folklore.",0.3045
tiny-aya-global,Bengali,27090,আভ্যন্তরীণ স্তর,NOUN,কোনো কিছুর ভিতরের স্তর||এই বস্তুটির আভ্যন্তরীণ স্তর চকচকে,the inner or enclosed surface of something,"The inner layer or core of something, often referring to the most visible or essential part.",0.7394
tiny-aya-global,Bengali,16545,জয়েত্কল্যাণ,NOUN,সম্পূর্ণ জাতির একচি সংকর রাগ||জয়েত্কল্যাণ কল্যাণ এবং জয়েত্শ্রীর মিশ্রণে স়ৃষ্ট,any of various fixed orders of the various diatonic notes within an octave,"A harmonious blend of Joy and Prosperity, representing a unified and thriving nation.",0.031
tiny-aya-global,Bengali,8317,সিধে,NOUN,কাঁচা ভোজন সামগ্রী যা তৈরি করে খেতে হয়||সাধু সিধে নিয়ে নিজেই খাবার বানালো,"dry seedlike fruit produced by the cereal grasses: e.g. wheat, barley, Indian corn",Raw food ingredients that are prepared and eaten directly; a simple or unrefined form of food.,0.3636
tiny-aya-global,Bengali,21652,মলগোবা আম,NOUN,এক প্রকারের আম||মলগোবা আম খুব সুন্দর দেখতে হয় ও মিষ্টি হয়।,"large oval tropical fruit having smooth skin, juicy aromatic pulp, and a large hairy seed",A type of mango known for its attractive appearance and sweet taste.,0.6788
tiny-aya-global,Bengali,28201,রেল হেড,NOUN,অসমাপ্ত বা অর্ধেক রেলওয়ের উপর অবস্থিত কোনো স্থান যেখানে কোনো রেললাইন শেষ হয়ে যায়||বারাণসী অনেক ট্রেনের রেলহেড,the end of the completed track on an unfinished railway,"The point where a railway line terminates, typically at a station or platform.",0.74
tiny-aya-global,Bengali,10580,ব্যাভিচার,NOUN,স্ত্রী পুরুষের অবৈধ সম্বন্ধ|| ব্যাভিচার বৈবাহিক সম্পর্ককে দুর্বল করে দেয়,a usually secretive or illicit sexual relationship,Adultery,0.2867
tiny-aya-global,Bengali,27691,সঙ্গীত রচনা করা,VERB,সঙ্গীত রচনা করা|| উনি প্রচুর সঙ্গীত রচনা করেছেন,"write music; ""Beethoven composed nine symphonies""",To compose music.,0.6337
tiny-aya-global,Bengali,31069,অর্ধোদয়,NOUN,একটি বিশেষ পার্বণ যা সেই অমাবস্যার দিন হয় যা রবিবার হয় এবং ব্যতীপাত যোগ এবং শ্রবণ নক্ষত্রের সঙ্গে যুক্ত থাকে||অর্ধোদয়ের দিন স্নান করলে সূর্যগ্রহণের দিন স্নানের পূণ্য অর্জন করা যায়,a day or period of time set aside for feasting and celebration,"The English definition is: **A special festival observed on the day of the new moon that falls on a Sunday, associated with the conjunction of the Ashadha and Rohini constellations, and considered auspicious for bathing, believed to grant the merit of a solar eclipse bath.**",0.5106
tiny-aya-global,Bengali,29487,ক্রথন,NOUN,ধৃতরাষ্ট্রের একজন পুত্র||পুরাণে ক্রথনের বর্ণনা পাওয়া যায়,an imaginary being of myth or fable,"A son of Dhrishtadyumna in the Mahabharata, known for his bravery and later betrayal of his uncle, Yudhishthira.",0.3175
tiny-aya-global,Bengali,35302,ভূমিক্ষয় হওয়া,VERB,ভূমি ক্ষয় হওয়া|| সমুদ্রতটের কাছে ভূমিক্ষয় হচ্ছে,"become ground down or deteriorate; ""Her confidence eroded""",Soil erosion is occurring.,0.3399
tiny-aya-global,Bengali,7302,বোঝানো,VERB,বোধ বা জ্ঞান আসা|| অধ্যাপক শিশুকে গণিত বোঝালেন,"define; ""The committee explained their plan for fund-raising to the Dean""",to make someone understand or comprehend something,0.3839
tiny-aya-global,Bengali,18450,তেলসুর,NOUN,একটি জঙ্গলী গাছ||তেলসুরের কাঠ নৌকা বানানোর কাজে ব্যবহৃত হয়,a tall perennial woody plant having a main trunk and branches forming a distinct elevated crown; includes both gymnosperms and angiosperms,A jungle tree whose wood is used for making boats.,0.4711
tiny-aya-global,Bengali,34918,ছবি,NOUN,"প্রভাব যা ব্যক্তি, সংস্থা বা বস্তু ইত্যাদি অন্যের সামনে প্রস্তুত করে||নিজেদের কাজের মাধ্যমে নিজেদের ও নিজেদের দেশের ছবি আরও ভালো করতে পারব।","the general impression that something (a person or organization or product) presents to the public; ""although her popular image was contrived it served to inspire music and pageantry""; ""the company tried to project an altruistic image""","The English definition of the Bengali word ""ছবি"" is: **an image, representation, or portrayal**.",0.3249
tiny-aya-global,Bengali,28965,সঞ্চালন,NOUN,চলার ক্রিয়া||রক্ত সঞ্চালনে বাধা পড়লে হৃদপিণ্ডে আঘাত লাগতে পারে,movement through a circuit; especially the movement of blood through the heart and blood vessels,"The English definition is: **The action of moving or flowing, particularly in the context of blood circulation, where it refers to the movement of blood through the body, essential for maintaining life and preventing complications such as heart attacks.**",0.5855
tiny-aya-global,Bengali,10901,লখনউ,NOUN,উত্তর প্রদেশের রাজধানী||তার ছেলে লখনউতে চাকরি করে,a city in northern India in Uttar Pradesh; during the Indian Mutiny its British residents were besieged by Indian insurgents,"The city of Lucknow, the capital of Uttar Pradesh state in India.",0.4548
tiny-aya-global,Bengali,20268,দক্ষিণ আফ্রিকা,NOUN,আফ্রিকার দক্ষিণ দিকে অবস্হিত একটি দেশ||দক্ষিণ আফ্রিকায় সবার আগে ডাচেরা এসেছিল,a republic at the southernmost part of Africa; achieved independence from the United Kingdom in 1910; first European settlers were Dutch (known as Boers),"A country located in the southern part of Africa, known for its diverse landscapes, rich cultural heritage, and historical significance.",0.5009
tiny-aya-global,Bengali,27286,লুটেশিয়াম,NOUN,একপ্রকার ধাতব উপাদান||লুটেশিয়ামের পরমাণু সংখ্যা একাত্তর,a trivalent metallic element of the rare earth group; usually occurs in association with yttrium,"A rare, heavy, and dense metal with a high atomic number (71), often used in specialized applications.",0.5111
tiny-aya-global,Bengali,2540,নাক গলানো,VERB,আটকানো বা থামানোর কাজ করা|| মাধব সব কাজেই হস্তক্ষেপ করে,"engage in delaying tactics or refuse to cooperate; ""The President stonewalled when he realized the plot was being uncovered by a journalist""",To intercept or prevent something from happening.,0.4623
tiny-aya-global,Bengali,35300,লড়াই করা,VERB,না চেয়েও সম্মুখীন হওয়া|| অনেক খেলোয়াড়রা আঘাতের সঙ্গে যুজছে,"make a strenuous or labored effort; ""She struggled for years to survive without welfare""; ""He fought for breath""",to face or encounter something or someone unexpectedly,0.3136
tiny-aya-global,Bengali,7780,নাট্যকার,NOUN,যে ব্যাক্তি নাটক লেখেন|| শেক্সপিয়ার একজন বিখ্যাত নাট্যকার ছিলেন,someone who writes plays,A playwright who writes plays.,0.4722
tiny-aya-global,Bengali,8580,বমি বমি পাওয়া,NOUN,গা গুলানোর ক্রিয়া||ওষুধ খেতেই বমি বমি পাচ্ছিল,"an involuntary spasm of ineffectual vomiting; ""a bad case of the heaves""",the act of vomiting,0.236
tiny-aya-global,Bengali,21566,জুবলী আম,NOUN,জুবলী আমের গাছ||জুবলী আম রোদে ঝলসে গেছে।,large evergreen tropical tree cultivated for its large oval fruit,jubilee fruit,0.2742
tiny-aya-global,Bengali,24560,প্রতাপগড়,NOUN,উত্তর প্রদেশের একটা জেলা || প্রতাপগড় জেলার প্রধান কার্যালয় প্রতাপগড়ে অবস্থিত,a region marked off for administrative or other purposes,"The capital city of Uttar Pradesh, located in the district of Patna.",0.1132
tiny-aya-global,Bengali,7525,গোয়েন্দাগিরি,NOUN,গোয়েন্দার কাজ||গোয়েন্দার গোয়েন্দাগিরি কাজে লাগল ও চোর ধরে পরল,the act of detecting something; catching sight of something,The act of a detective or the profession of detective work.,0.461
tiny-aya-global,Bengali,34301,মহাকাশযান,NOUN,মহাকাশে প্রক্ষেপিত করা যান||এই মহাকাশযান এক মাসের অবধি অন্তরীক্ষে থাকবে।,"a craft capable of traveling in outer space; technically, a satellite around the sun","A spacecraft or space vehicle designed for travel beyond Earth's atmosphere, capable of reaching and operating in outer space.",0.886
tiny-aya-global,Bengali,28425,টি পার্টি,NOUN,সেই অনুষ্ঠান যেখানে আগন্তুকদের পান করার জন্য চা দেওয়া হয়||আমরা সভার পরে চায়ের আসরে মিলিত হব/প্রবন্ধক ব্যাঙ্কের সকল কর্মচারীকে চায়ের আসরে ডেকেছেন,"a reception or party at which tea is served; ""we met at the Dean' s tea for newcomers""","A social gathering where tea is served to guests, often as a form of hospitality or informal socializing.",0.7907
tiny-aya-global,Bengali,3636,প্রতিকূল,ADJECTIVE,যা অনুকূল বা হিত সাধনের সহায়ক নয়|| পরিস্থিতি প্রতিকূল দেখে সে উঠে চলে গেল,"not favorable; ""made an unfavorable impression""; ""unfavorable reviews""",Adversity or unfavorable circumstances.,0.5403
tiny-aya-global,Bengali,10065,ব্যাকারণবিদ,NOUN,ব্যাকারণের জ্ঞান|| পাণিণী সংস্কৃতের ব্যাকারণবিদ ছিলেন,a linguist who specializes in the study of grammar and syntax,"one skilled in grammar, particularly in the study of Sanskrit grammar",0.7573
tiny-aya-global,Bengali,28449,শোষিত বর্গ,NOUN,মানুষের সেই একক বা সম্প্রদায় যা কোনো শাসকের অধীন||সরকার শোষিতদের কখা মনে করে যোজনা তৈরী করছে,"the body of people who are citizens of a particular government; ""governments derive their just powers from the consent of the governed""--Declaration of Independence","The oppressed class or community that is subject to the rule of a ruler or government, often targeted by schemes or policies.",0.4647
tiny-aya-global,Bengali,13019,চিত্কার করা,NOUN,নিজের রক্ষার জন্য কাউকে চিত্কার করে ডাকার ক্রিয়া || মহিলা ন্যায় পাওয়ার জন্য রাজার নাম ধরে চিত্কার করল / সে সাহায্য পাওয়ার জন্য চিত্কার করল,"a loud utterance; often in protest or opposition; ""the speaker was interrupted by loud cries from the rear of the audience""","The act of shouting or screaming, often as a cry for help, protection, or justice.",0.6964
tiny-aya-global,Bengali,27532,রেডিয়েশান প্যাটার্ন,NOUN,কোণের কার্যস্বরূপ একটি এ্যাণ্টিনা থেকে বিস্তারের লৈখিক পরিমাণ||দিনেশ বিকিরণ লেখ সম্পর্কে জ্ঞান অর্জন করছে,graphical representation (in polar or Cartesian coordinates) of the spatial distribution of radiation from an antenna as a function of angle,"A radial pattern refers to a linear distribution extending from a central point or axis, often describing a radial arrangement or pattern of elements radiating outward from a central source.",0.4873
tiny-aya-global,Bengali,4939,ভোগবিলাস,NOUN,সুযোগ সুবিধা ভোগ করার কাজ|| সামন্ত যুগে সামন্তরা ভোগবিলাসেই নিজের জীবন কাটিয়ে দিত,dissolute indulgence in sensual pleasure,"The act of indulging in luxury or excess, often associated with a life of indulgence and comfort, particularly in historical contexts such as the feudal era.",0.5292
tiny-aya-global,Bengali,4900,গীতিকার,NOUN,সেই কবি যে গাওয়ার জন্য গান রচনা করে|| গুলজার একজন বিখ্যাত গীতিকার,a person who writes the words for songs,A poet who composes songs for singing.,0.8576
tiny-aya-global,Bengali,21695,রুডবোরস্টজে আম,NOUN,এক প্রকারের আম||রুডবোরস্টজে আমের খোসা রঙ গাঢ় লাল।,"large oval tropical fruit having smooth skin, juicy aromatic pulp, and a large hairy seed",A type of mango with a dark red skin.,0.708
tiny-aya-global,Bengali,35653,ঠিক,ADVERB,কোনো ভুল না করে|| এত ভিড়েও আমি আপনাকে ঠিক চিনে নিয়েছি,"without possibility of mistake; ""this watercolor is unmistakably a synthesis of nature""",Without any mistakes,0.2448
tiny-aya-global,Bengali,7189,নমুনা,NOUN,"কোনও পদার্থ ইত্যাদির প্রকার, গুণ ইত্যাদি পরীক্ষা করার জন্য তার থেকে বের করা অল্প অংশ|| কৃষক আনাজের নমুনা শেঠকে দেখাল/সুরের ভাষার একটা নমুনা দেখুন",a small part of something intended as representative of the whole,A sample or instance representing the typical characteristics or qualities of a larger group or entity.,0.5185
tiny-aya-global,Bengali,62,অন্ধ অনুকরণ,NOUN,না ভেবে না বুঝে কোনও কথা বা কোনও ব্যক্তির অনুকরণ করা || বর্তমান কালের যুব সম্প্রদায় পাশ্চাত্য সভ্যতাকে অন্ধ অনুকরণ করছে,the act of imitating the behavior of some situation or some process by means of something suitably analogous (especially for the purpose of study or personnel training),"Unreflective imitation of words or individuals without understanding or thought, often characterized by a lack of critical analysis or original thought.",0.5771
tiny-aya-global,Bengali,10521,পেটেন্ট,NOUN,"কোনো বস্তুর আবিষ্কারককে সেই বস্ততুর উপর পূর্ণ অধিকার দেওয়ার দস্তাবেজ|| আমেরিকা হলুদ,বাসমতি চাল,নীল প্রভৃতি ভীরতীয় বস্তুর উপরে পেটেন্ট প্রাপ্ত করার চেষ্টা করেছিল",an official document granting a right or privilege,"A patent is a legal document that grants the inventor exclusive rights to their creation, preventing others from making, using, or selling it without permission.",0.4188
tiny-aya-global,Bengali,7441,ভূমিকা,NOUN,নাটক ইত্যাদিতে কোনও চরিত্রের অভিনয়|| ভূমিকাটা হল বেশ জোরালো / এই নাটকে সে একজন খলনায়কের ভূমিকা পালন করছে,"an actor' s portrayal of someone in a play; ""she played the part of Desdemona""","The role or part assigned to a character in a play or narrative, often emphasizing a significant or contrasting position.",0.5999
tiny-aya-global,Bengali,11351,শ্রবণেন্দ্রিয়,NOUN,শব্দের জ্ঞান হয় যে ইন্দ্রিয়ের দ্বারা|| কান শ্রবণেন্দ্রিয়,"the ability to hear; the auditory faculty; ""his hearing was impaired""","The Bengali word ""শ্রবণেন্দ্রিয়"" refers to the organ of hearing, specifically the ear, which is the sensory organ responsible for perceiving sound.",0.5041
tiny-aya-global,Bengali,18736,সিংহলী,ADJECTIVE,সিংহলী ভাষার সঙ্গে সম্পর্কিত বা সিংহলীর|| আমি সিংহলী সাহিত্য পড়তে ভালোবাসি,"of or relating to the Sinhalese languages; ""the Sinhalese versions of the Ramayana""",related to or belonging to the Sinhala language,0.7941
tiny-aya-global,Bengali,8173,পাহারাদারি,NOUN,পাহারাদারের কাজ||পাহারাদারি করার সময় সর্তক থাকা উচিত,"the duty of serving as a sentry; ""he was on guard that night""","The act of being vigilant or watchful, particularly in the context of guarding or protecting someone or something.",0.6068
tiny-aya-global,Bengali,30973,এক্সপ্রেস,NOUN,"খুব দ্রুত গতিতে চলমান ট্রেন,বাস ইত্যাদি যাতায়াতের মাধ্যম যা কম জায়গায় থামে||এক্সপ্রেসের টিকিট পাওয়া যাচ্ছে না","public transport consisting of a fast train or bus that makes only a few scheduled stops; ""he caught the express to New York""","A high-speed transportation vehicle, such as a train or bus, that travels quickly and stops at fewer stations, often with limited ticket availability.",0.72
tiny-aya-global,Bengali,7512,ভোট,NOUN,নির্বাচন ইত্যাদির সময় কোনও ব্যক্তির পক্ষে দেওয়া সম্মতি||এই নির্বাচনে সে একটিও ভোটও পায়নি,"the opinion of a group as determined by voting; ""they put the question to a vote""","The act of casting a vote, or the number of votes cast in an election.",0.7216
tiny-aya-global,Bengali,34646,পপ গায়ক,NOUN,যে পপ সঙ্গীত গায়||মাইকেল জ্যাকসন খুব বড় পপ গায়ক ছিলেন।,a person who sings,"A pop singer is a musician who specializes in performing and singing pop music, characterized by its catchy melodies, simple lyrics, and often upbeat tempo.",0.2925
tiny-aya-global,Bengali,2118,দিব্যদৃষ্টি,NOUN,মানসিক শক্তি যার দ্বারা ব্যক্তি গুপ্ত রহস্য ইত্যাদি জেনে ফেলে || সঞ্জয় নিজের দিব্যদৃষ্টির বলে ধৃতরাষ্ট্রেকে মহাভারতের চোখে দেখা অবস্থা বর্ণণা দিচ্ছিল,"the property of being physically or mentally strong; ""fatigue sapped his strength""",Divine sight refers to a mental power that enables a person to perceive hidden secrets or mysteries.,0.2078
tiny-aya-global,Bengali,25551,ষটকোণ,ADJECTIVE,ছয়টি কোণ বিশিষ্ট|| সীমা ষটকোণ রঙ্গোলী পালন করেছে,having six sides or divided into hexagons,A six-sided polygon.,0.7696
tiny-aya-global,Bengali,28385,দেশ,NOUN,"সেই দেশ, প্রদেশ, জেলা, ক্ষেত্র, শহর, গ্রাম ইত্যাদি যেখানে আপনি (বা কোনো ব্যক্তি) থাকেন|| ভারত আমার দেশ","the country or state or city where you live; ""Canadian tariffs enabled United States lumber companies to raise prices at home""; ""his home is New Jersey""","The country, province, district, region, city, or village where one resides, often referring to one's home or origin, as exemplified by ""India is my country.""",0.4268
tiny-aya-global,Bengali,30269,পাক্ষিক,ADJECTIVE,পক্ষকালের বা পক্ষের সঙ্গে সম্পর্কিত|| আমাদের এখান থেকে একটা পাক্ষিক পত্রিকাও প্রকাশিত হয়,occurring every two weeks,monthly,0.4303
tiny-aya-global,Bengali,31244,বাহুদা,NOUN,রাজা পরীক্ষিতের পত্নী||পুরাণে বাহুদার বর্ণনা পাওয়া যায়,an imaginary being of myth or fable,"The wife of King Prahlada, as described in the Puranas.",0.3004
tiny-aya-global,Bengali,8197,সতী প্রথা,NOUN,একটি প্রথা যার মতে স্ত্রী নিজের স্বামীর শবের সাথে চিতায় জ্বলে প্রাণ দেওয়ার বিধাণ ছিল|| রাজা রামমোহন রায় সতী প্রথার কড়া বিরোধ করেছিলেন,the act of a Hindu widow willingly cremating herself on the funeral pyre of her dead husband,"The practice of sati, where a widow immolates herself on her husband's pyre, was a tradition in which the wife would die by self-immolation on the pyre of her deceased husband.",0.7566
tiny-aya-global,Bengali,8127,ভরতপাখি,NOUN,এক ধরনের তিতির||ভরতপাখি বাদামি রঙের হয়,brown-speckled European lark noted for singing while hovering at a great height,A type of parrot known for its brown plumage.,0.6506
tiny-aya-global,Bengali,13507,পুষ্কর,NOUN,রাজস্থানের প্রসিদ্ধ তীর্থস্থান যা আজমেরের কাছে অবস্থিত || ব্রহ্মার একমাত্র মূর্তি পুষ্করে রয়েছে,a place of worship hallowed by association with some sacred thing or person,"A famous pilgrimage site in Rajasthan, located near Ajmer, where the only statue of Brahma is said to reside.",0.5424
tiny-aya-global,Bengali,27438,ছুটি নেওয়া,VERB,কাজে না আসা বা কাজের জায়গায় উপস্থিত না হওয়া|| ও প্রতি সোমবারে ছুটি নেয়,"play truant from work or school; ""The boy often plays hooky""",to take leave or absence from work or duty,0.213
tiny-aya-global,Bengali,33876,ইরাবতী,NOUN,ব্রহ্মমহেশ বা বর্মার একটি নদী||ইরাবতী বর্মার সবথেকে লম্বা নদী,the main river of Myanmar rising in the north and flowing south through the length of Burma to empty into the Andaman Sea,"A major river in Burma, known as the Irrawaddy, which is the longest river in the country.",0.6537
tiny-aya-global,Bengali,22017,শরম,NOUN,রামের সেনার এক বানর||শরমের উল্লেখ রামায়ণে পাওয়া যায়।,an imaginary being of myth or fable,"A monkey, specifically a monkey from Rama's army, mentioned in the Ramayana.",0.2825
tiny-aya-global,Bengali,31016,বরীধরা,NOUN,"এক মাত্রিক ছন্দ||বরীধরার প্রথম,দ্বিতীয় এবং চতুর্থ চরণে এগারোটি বর্ণ থাকে",(prosody) a system of versification,"A type of traditional Bengali poetic meter known for its rhythmic structure, where the first, second, and fourth lines consist of eleven syllables.",0.3615
tiny-aya-global,Bengali,34771,ব্যাঙ্ক,NOUN,এমন একটি সংস্থা যা প্রধানত সুদে টাকা দেওয়ার কাজ করে||পড়াশোনা করার জন্য ব্যাঙ্ক থেকে ঋণ পাওয়া যায়।,"a financial institution that accepts deposits and channels the money into lending activities; ""he cashed a check at the bank""; ""that bank holds the mortgage on my home""",A financial institution that primarily provides loans and services based on interest.,0.6413
tiny-aya-global,Bengali,35796,ভুল রাস্তা বলা,VERB,কারোকে ভুল রাস্তায় নিয়ে যাওয়া বা কারোকে ভুল রাস্তা বলা|| ও গাড়ীর চালককে ভুল পথ বলল,qualified by reservations,"to lead someone to the wrong path or to tell someone the wrong path; to instruct someone on an incorrect route, often in the context of navigation or direction.",0.1469
tiny-aya-global,Bengali,30595,বৃহদল,NOUN,রামের পুত্র কুশের বংশজ||বৃহদল মহাভারতের যুদ্ধে কৌরবদের পক্ষ থেকে লড়াই করেছিলেন,an imaginary being of myth or fable,"The term ""বৃহদল"" (Bhūradāla) refers to a historical figure from the Mahabharata, specifically a son of Kush, who fought on the side of the Kurukshetra war. It denotes a warrior or a member of the Kurava (Kuru's enemy) clan, often associated with the Kurava branch of the Kuru dynasty.",0.3298
tiny-aya-global,Bengali,5371,অন্ধানুযায়ি,NOUN,যে কারও অন্ধানুযায়ি হয়ে তার পেছনে পেছনে চলে || কারও অন্ধানুযায়ি হওয়া উচিত্ নয়,a person of unquestioning obedience,"Following someone closely or persistently, often in a negative or intrusive manner.",0.5649
tiny-aya-global,Bengali,2549,নিশ্চিত,ADJECTIVE,যা নিয়ত বা নির্ধারিত|| আমি নিশ্চিত জায়গায় পৌঁছে যাব,"characterized by certainty or security; ""a tiny but assured income""; ""we can never have completely assured lives""",Sure,0.396
tiny-aya-global,Bengali,34129,বিক্রান্ত,NOUN,ধুন্ধুমারের পুত্র||বিক্রান্তের বর্ননা পুরাণে পাওয়া যায়।,an imaginary being of myth or fable,"A demigod or a divine being, often associated with the Pandava brothers in Hindu mythology, known for their heroic deeds and divine lineage.",0.4941
tiny-aya-global,Bengali,10438,মজ্জা,NOUN,অস্থি গুহায় ভরা এক মোলায়েম কার্বনিক পদার্থ||মজ্জা রক্ত কণিকার নির্মাণ করে,the fatty network of connective tissue that fills the cavities of bones,"The Bengali word ""মজ্জা"" refers to a soft, spongy, and fibrous substance found in the bones of vertebrates, which is rich in blood vessels and contains nucleated cells. It is also used metaphorically to describe the core or essence of something.",0.3284
tiny-aya-global,Bengali,12215,কবচহীন,ADJECTIVE,যে কবচ ধারণ করে না অথবা করেছে|| কবচহীন যোদ্ধার বুকে শত্রু তলোয়ার বিঁধে দিল,(used of persons or things military) without protective armor,unarmored,0.306
tiny-aya-global,Bengali,20547,শাহানা,NOUN,সম্পূর্ণ জাতির এক রাগ||গায়ক শাহানা শুনছে।,any of various fixed orders of the various diatonic notes within an octave,"The term ""শাহানা"" refers to a traditional Bengali folk song or a style of singing, often characterized by its rhythmic and melodic nature, particularly in the context of a group performance or a specific genre of music. It is a form of folk art that is deeply rooted in Bengali culture and is often associated with storytelling, social commentary, or celebratory occasions.",0.0532
tiny-aya-global,Bengali,20231,তোলা,VERB,ফুলকে গাছ থেকে আলাদা করা|| এই ফুলগুলো তোলা বারণ আছে,"pull or pull out sharply; ""pluck the flowers off the bush""","To pluck or remove something from its source, often referring to flowers being cut from a plant.",0.661
tiny-aya-global,Bengali,8431,দিগ্গজ,NOUN,পুরাণুসার আটটি হাতি যারা আট দিকে পৃথিবীকে চেপে রেখে সেই দিকগুলো রক্ষা করে||পূর্ব দিশা ঐরাবত নামক এক দিগ্গজ করে,an imaginary being of myth or fable,"The colossal beings, known as ""diggajas,"" are mythical creatures from Hindu mythology, depicted as having eight hands and supporting the earth with their weight. They are associated with the eight cardinal directions, each guarded by a diggaja, and are often linked to the god Indra.",0.397
tiny-aya-global,Bengali,9245,অবরোধ,NOUN,"শত্রু, অপরাধী ইত্যাদিকে ধরার জন্য কোনও স্থান আসা-যাওয়ার পথ আটকে দেওয়ার ক্রিয়া||ভারত ও পাকিস্তানের সীমায় আতঙ্কবাদীদের ঢোকা বেরনো বন্ধ করার  জন্য অবরোধ করা হয়েছে",prevents access or progress,Blockade,0.5211
tiny-aya-global,Bengali,12011,তথ্য,NOUN,এমন কোনও কথা যা বস্তুত কোনও বিশেষ অবস্থাতে হয়েছে|| এই ঘটনা সংক্রান্ত সকল তথ্য পরীক্ষা করা হচ্ছে,"a piece of information about circumstances that exist or events that have occurred; ""first you must collect all the facts of the case""","Information or data related to a specific event or situation, currently being verified.",0.7012
tiny-aya-global,Bengali,36468,কটুতা,NOUN,ষড়রসের একটি || কটুতা কারও ভালোলাগেনা,the taste experience when quinine or coffee is taken into the mouth,bitterness,0.3754
tiny-aya-global,Bengali,3632,প্রশংসা,NOUN,"কোনো বস্তু, ব্যক্তি ইত্যাদি বা তাদের গুণ বা ভালো দিকের সম্বন্ধে বলা সমাদরসূচক কথা|| সকলা গোপালের সাহসীকতার প্রশংসা করেছে / গোপালের সাহসিকতার জন্য সকলে তাকে অভিনন্দন জানিয়েছে","an expression of approval and commendation; ""he always appreciated praise for his work""","Praise or admiration expressed for the qualities or positive aspects of a person, object, or their actions.",0.6511
tiny-aya-global,Bengali,20874,কাঠসেমুল,NOUN,একটি ছোট গাছ||বাঁদরটা কাঠসেমুল গাছের একটি ডালে বসে আছে।,a tall perennial woody plant having a main trunk and branches forming a distinct elevated crown; includes both gymnosperms and angiosperms,A small tree or the tree where the monkey is perched.,0.4945
