model,language,word,pos,id,gold_gloss,candidate_1,candidate_2,gold_candidate_idx,predicted_idx,is_correct
tiny-aya-global,Bengali,ব্রহ্মচারিণী,NOUN,13516,"goddess of war; a malevolent aspect of Devi; ""the inaccessible""","bring together in a common cause or emotion; ""The death of their child had drawn them together""","goddess of war; a malevolent aspect of Devi; ""the inaccessible""",1,2,False
tiny-aya-global,Bengali,দুরবীন,NOUN,35375,a magnifier of images of distant objects,large evergreen tropical tree cultivated for its large oval fruit,a storage compartment for clothes and valuables; usually it has a lock,2,1,False
tiny-aya-global,Bengali,ক্ষেপণাস্ত্র,NOUN,6943,a weapon that is forcibly thrown or projected at a targets but is not self-propelled,a place of worship hallowed by association with some sacred thing or person,"regard something as probable or likely; ""The meteorologists are expecting rain for tomorrow""",2,1,False
tiny-aya-global,Bengali,প্রথম পুরুষ,NOUN,8515,pronouns and verbs used to refer to the speaker or writer of the language in which they occur,a degree granted for the successful completion of advanced study of architecture,pronouns and verbs used to refer to the speaker or writer of the language in which they occur,1,2,False
tiny-aya-global,Bengali,ধাতু,NOUN,6298,"(linguistics) the form of a word after all affixes are removed; ""thematic vowels are part of the stem""",an imaginary being of myth or fable,"difficult to understand; ""the most incomprehensible thing about the universe is that it is comprehensible""- A. Einstein",2,1,False
tiny-aya-global,Bengali,বীণাবতী,NOUN,30029,"(classical mythology) a minor nature goddess usually depicted as a beautiful maiden; ""the ancient Greeks believed that nymphs inhabited forests and bodies of water""","(classical mythology) a minor nature goddess usually depicted as a beautiful maiden; ""the ancient Greeks believed that nymphs inhabited forests and bodies of water""","not common or ordinarily encountered; unusually great in amount or remarkable in character or kind; ""uncommon birds""; ""frost and floods are uncommon during these months""; ""doing an uncommon amount of business""; ""an uncommon liking for money""; ""he owed his greatest debt to his mother' s uncommon character and ability""",0,1,False
tiny-aya-global,Bengali,শৈক্ষিক,ADJECTIVE,8089,"associated with academia or an academy; ""the academic curriculum""; ""academic gowns""",the part of the body between the neck and the upper arm,"any instrument or instrumentality used in fighting or hunting; ""he was licensed to carry a weapon""",2,1,False
tiny-aya-global,Bengali,শূদ্র,NOUN,2142,the lowest of the four varnas: the servants and workers of low status,a person who sings,"not yet proved or subjected to testing; ""an untested drug""; ""untested theory""; ""an untried procedure""",2,2,True
tiny-aya-global,Bengali,পরিবর্ধিত,ADJECTIVE,18531,"as of a photograph; made larger; ""the enlarged photograph revealed many details""",(meat) cooked by dry heat in an oven,"as of a photograph; made larger; ""the enlarged photograph revealed many details""",1,2,False
tiny-aya-global,Bengali,সুগন্ধী,ADJECTIVE,4714,"having a strong pleasant odor; ""the pine woods were more redolent""- Jean Stafford","having a strong pleasant odor; ""the pine woods were more redolent""- Jean Stafford",an imaginary being of myth or fable,0,1,False
tiny-aya-global,Bengali,স্বাভাবিক প্রবৃত্তি,NOUN,10206,"inborn pattern of behavior often responsive to specific stimuli; ""the spawning instinct in salmon""; ""altruistic instincts in social animals""","inborn pattern of behavior often responsive to specific stimuli; ""the spawning instinct in salmon""; ""altruistic instincts in social animals""","a large natural stream of water (larger than a creek); ""the river was navigable for 50 miles""",0,1,False
tiny-aya-global,Bengali,পানতুয়া,NOUN,28997,a food rich in sugar,a food rich in sugar,"hide from view or knowledge; ""The President covered the fact that he bugged the offices in the White House""",0,2,False
tiny-aya-global,Bengali,হিন্দোল,NOUN,16218,any of various fixed orders of the various diatonic notes within an octave,any of various fixed orders of the various diatonic notes within an octave,a region marked off for administrative or other purposes,0,1,False
tiny-aya-global,Bengali,যক্ষ্মনাশন,NOUN,29925,a mentor in spiritual and philosophical topics who is renowned for profound wisdom,"related to or dealing with or devoted to archaeology; ""an archaeological dig""; ""a dramatic archaeological discovery""",a mentor in spiritual and philosophical topics who is renowned for profound wisdom,1,1,True
tiny-aya-global,Bengali,জেত্রোফা,NOUN,24355,annual or perennial herbaceous or shrubby plants; cosmopolitan except Australia,a compound formed by replacing hydrogen in an acid by a metal (or a radical that acts like a metal),annual or perennial herbaceous or shrubby plants; cosmopolitan except Australia,1,1,True
tiny-aya-global,Bengali,সাতাশি,NOUN,15777,"a concept of quantity derived from zero and units; ""every number has a unique position in the sequence""",an imaginary being of myth or fable,jewelry to ornament the ear; usually clipped to the earlobe or fastened through a hole in the lobe,2,2,True
tiny-aya-global,Bengali,ভাটি,NOUN,563,kitchen appliance used for baking or roasting,kitchen appliance used for baking or roasting,a vitamin that maintains the resistance of cell and capillary walls to permeation,0,1,False
tiny-aya-global,Bengali,মোটা আটা,NOUN,33483,fine powdery foodstuff obtained by grinding and sifting the meal of a cereal grain,fine powdery foodstuff obtained by grinding and sifting the meal of a cereal grain,a republic on the Isthmus of Panama; achieved independence from Colombia in 1903,0,1,False
tiny-aya-global,Bengali,প্রতিবন্ধক,NOUN,13157,someone who systematically obstructs some action that others want to take,someone who systematically obstructs some action that others want to take,"capable of being settled or resolved; ""all disputed points are potentially resolvable""; ""a resolvable quarrel""",0,1,False
tiny-aya-global,Bengali,বানুআটু,NOUN,24354,a volcanic island republic in Melanesia; independent since 1980,"a large natural stream of water (larger than a creek); ""the river was navigable for 50 miles""",a volcanic island republic in Melanesia; independent since 1980,1,1,True
tiny-aya-global,Bengali,উদ্যোগ,NOUN,3820,"the people or companies engaged in a particular kind of commercial enterprise; ""each industry has its own trade publications""",any of various fixed orders of the various diatonic notes within an octave,"the people or companies engaged in a particular kind of commercial enterprise; ""each industry has its own trade publications""",1,2,False
tiny-aya-global,Bengali,বিজ্ঞাপন,NOUN,875,a public promotion of some product or service,a public promotion of some product or service,an imaginary being of myth or fable,0,1,False
tiny-aya-global,Bengali,কোটা,NOUN,28033,a Dravidian language spoken by the Kota,an imaginary being of myth or fable,"large oval tropical fruit having smooth skin, juicy aromatic pulp, and a large hairy seed",2,2,True
tiny-aya-global,Bengali,উপেক্ষা করা,VERB,5785,"refuse to acknowledge; ""She cut him dead at the meeting""",an imaginary being of myth or fable,"refuse to acknowledge; ""She cut him dead at the meeting""",1,2,False
tiny-aya-global,Bengali,কোরিয়ান,ADJECTIVE,19031,"of or relating to or characteristic of Korea or its people or language; ""Korean handicrafts""","full of trivial conversation; ""kept from her housework by gabby neighbors""","of or relating to or characteristic of Korea or its people or language; ""Korean handicrafts""",1,2,False
tiny-aya-global,Bengali,বংশবলী,NOUN,8020,successive generations of kin,any monetary aid,"not acceptable; not welcome; ""a word unacceptable in polite society""; ""an unacceptable violation of personal freedom""",2,2,True
tiny-aya-global,Bengali,খারাপ,NOUN,4565,the act of damaging something or someone,"a small flat compressed cake of some substance; ""a tablet of soap""","dry seedlike fruit produced by the cereal grasses: e.g. wheat, barley, Indian corn",2,1,False
tiny-aya-global,Bengali,মানসা শহর,NOUN,25834,"a large and densely populated urban area; may include several independent administrative districts; ""Ancient Troy was a great city""","a large and densely populated urban area; may include several independent administrative districts; ""Ancient Troy was a great city""",being six more than ninety,0,1,False
tiny-aya-global,Bengali,সাংবিধানিক,ADJECTIVE,10063,"of or relating to a constitution; ""constitutional amendments""",an imaginary being of myth or fable,a food rich in sugar,2,1,False
tiny-aya-global,Bengali,সামন্তকালীন,ADJECTIVE,2572,"characteristic of the time of chivalry and knighthood in the Middle Ages; ""chivalric rites""; ""the knightly years""","characteristic of the time of chivalry and knighthood in the Middle Ages; ""chivalric rites""; ""the knightly years""",small crude shelter used as a dwelling,0,1,False
tiny-aya-global,Bengali,বর্ষিত হওয়া,VERB,11501,"rain abundantly; ""Meteors showered down over half of Australia""","work done by one person or group that benefits another; ""budget separately for goods and services""","rain abundantly; ""Meteors showered down over half of Australia""",1,2,False
tiny-aya-global,Bengali,গালিচা,NOUN,800,floor covering consisting of a piece of thick heavy fabric (usually with nap or pile),a vitamin that maintains the resistance of cell and capillary walls to permeation,any of various fixed orders of the various diatonic notes within an octave,2,2,True
tiny-aya-global,Bengali,ঋণ,NOUN,10904,money or goods or services owed by one person to another,a punctuation mark used to attribute the enclosed text to someone else,a region marked off for administrative or other purposes,2,2,True
tiny-aya-global,Bengali,ব্রেল লিপি,NOUN,21426,a point system of writing in which patterns of raised dots represent letters and numerals,(sports) the chief official (as in boxing or American football) who is expected to ensure fair play,a point system of writing in which patterns of raised dots represent letters and numerals,1,2,False
tiny-aya-global,Bengali,দোয়াঙ্গ নদী,NOUN,26569,"a large natural stream of water (larger than a creek); ""the river was navigable for 50 miles""","accept as a challenge; ""I' ll tackle this difficult task""","a large natural stream of water (larger than a creek); ""the river was navigable for 50 miles""",1,2,False
tiny-aya-global,Bengali,সঙ্কট,NOUN,3656,"an unstable situation of extreme danger or difficulty; ""they went bankrupt during the economic crisis""",a prince or king in India,"the body of citizens of a state or country; ""the Spanish people""",2,1,False
tiny-aya-global,Bengali,প্যারিস,NOUN,20193,the capital and largest city of France; and international center of culture and commerce,a free-reed instrument in which air is forced through the reeds by bellows,any of various devices for taking hold of objects; usually have two hinged legs with handles above and pointed hooks below,2,1,False
tiny-aya-global,Bengali,বেলাডোনা,NOUN,20536,an alkaloidal extract or tincture of the poisonous belladonna plant that is used medicinally,"run away from confinement; ""The convicted murderer escaped from a high security prison""",an organization of missionaries in a foreign land sent to carry on religious work,2,1,False
tiny-aya-global,Bengali,গথিক ভাষায়,ADJECTIVE,26884,"of or relating to the language of the ancient Goths; ""the Gothic Bible translation""","the manifestation of a Hindu deity (especially Vishnu) in human or superhuman or animal form; ""the Buddha is considered an avatar of the god Vishnu""","of or relating to the language of the ancient Goths; ""the Gothic Bible translation""",1,1,True
tiny-aya-global,Bengali,শায়িত,ADJECTIVE,15605,lying down; in a position of comfort or rest,"related to or dealing with or devoted to archaeology; ""an archaeological dig""; ""a dramatic archaeological discovery""",lying down; in a position of comfort or rest,1,1,True
tiny-aya-global,Bengali,কুঁদরু,NOUN,17169,any vine of the family Cucurbitaceae that bears fruits with hard rinds,a land mass that projects well above its surroundings; higher than a hill,any vine of the family Cucurbitaceae that bears fruits with hard rinds,1,1,True
tiny-aya-global,Bengali,যাচাই করা,VERB,12820,"be verified or confirmed; pass inspection; ""These stories don' t check!""",any of various fixed orders of the various diatonic notes within an octave,"fill with gas or air; ""inflate a balloons""",2,2,True
tiny-aya-global,Bengali,গদি,NOUN,34574,"a job in an organization; ""he occupied a post in the treasury""","in the original or natural place or site; ""carcinoma in situ""; ""the archeologists left the pottery in place""",someone who plays the bagpipe,2,1,False
tiny-aya-global,Bengali,ডোসা,NOUN,441,"a particular item of prepared food; ""she prepared a special dish for dinner""",lying down; in a position of comfort or rest,"a particular item of prepared food; ""she prepared a special dish for dinner""",1,2,False
tiny-aya-global,Bengali,উপকাপ্তান,NOUN,35622,someone who engages in sports,"a large and densely populated urban area; may include several independent administrative districts; ""Ancient Troy was a great city""",someone who engages in sports,1,1,True
tiny-aya-global,Bengali,গ্যারাজ,NOUN,14062,a repair shop where cars and trucks are serviced and repaired,a repair shop where cars and trucks are serviced and repaired,"lose freshness, vigor, or vitality; ""Her bloom was fading""",0,1,False
tiny-aya-global,Bengali,সমঝোতা,NOUN,92,"an accommodation in which both sides make concessions; ""the newly elected congressmen rejected a compromise because they considered it `business as usual' ""","relating to or consisting of or being in water; ""an aquatic environment""","an accommodation in which both sides make concessions; ""the newly elected congressmen rejected a compromise because they considered it `business as usual' """,1,2,False
tiny-aya-global,Bengali,অভিজ্ঞতা,NOUN,97,"the accumulation of knowledge or skill that results from direct participation in events or activities; ""a man of experience""; ""experience is the best teacher""","the accumulation of knowledge or skill that results from direct participation in events or activities; ""a man of experience""; ""experience is the best teacher""","tall marsh plant with cylindrical seed heads that explode when mature shedding large quantities of down; its long flat leaves are used for making mats and chair seats; of North America, Europe, Asia and North Africa",0,1,False
tiny-aya-global,Bengali,পুষ্পস্তবক,NOUN,4739,an arrangement of flowers that is usually given as a present,a canopy made of canvas to shelter people or things from rain or sun,"the body of citizens of a state or country; ""the Spanish people""",2,2,True
tiny-aya-global,Bengali,সহজভাবে,ADVERB,12314,"in a forthright manner; candidly or frankly; ""he didn' t answer directly""; ""told me straight out""; ""came out flat for less work and more pay""","having spots or patches (small areas of contrasting color or texture); ""a field patched with ice and snow""; ""the wall had a spotty speckled effect""; ""a black-and-white spotted cow""","in a forthright manner; candidly or frankly; ""he didn' t answer directly""; ""told me straight out""; ""came out flat for less work and more pay""",1,2,False
tiny-aya-global,Bengali,আলু,NOUN,3568,an edible tuber native to South America; a staple food of Ireland,an edible tuber native to South America; a staple food of Ireland,feelings of anxiety that make you tense and irritable,0,1,False
tiny-aya-global,Bengali,হলুদ,NOUN,35971,ground dried rhizome of the turmeric plant used as seasoning,an imaginary being of myth or fable,ground dried rhizome of the turmeric plant used as seasoning,1,2,False
tiny-aya-global,Bengali,ছাঁচ,NOUN,9526,"a mold for setting concrete; ""they built elaborate forms for pouring the foundation""","a mold for setting concrete; ""they built elaborate forms for pouring the foundation""","conducive to good health of body or mind; ""a healthful climate""; ""a healthful environment""; ""healthful nutrition""; ""healthful sleep""; ""Dickens' s relatively healthful exuberance""",0,1,False
tiny-aya-global,Bengali,আটপাল্লাইয়া,ADJECTIVE,15117,having eight sides,"having a high price; ""costly jewelry""; ""high-priced merchandise""; ""much too dear for my pocketbook""; ""a pricey restaurant""",fine powdery foodstuff obtained by grinding and sifting the meal of a cereal grain,2,2,True
tiny-aya-global,Bengali,সাম্যবাদ,NOUN,7089,a form of socialism that abolishes private ownership,a form of socialism that abolishes private ownership,any supernatural being worshipped as controlling some part of the world or some aspect of life or who is the personification of a force,0,1,False
tiny-aya-global,Bengali,সঞ্চয়,NOUN,4355,"an act of economizing; reduction in cost; ""it was a small economy to walk to work every day""; ""there was a saving of 50 cents""","lay bare; ""denude a forest""","the country or state or city where you live; ""Canadian tariffs enabled United States lumber companies to raise prices at home""; ""his home is New Jersey""",2,2,True
tiny-aya-global,Bengali,মঙ্গলদাই,NOUN,25161,"a large and densely populated urban area; may include several independent administrative districts; ""Ancient Troy was a great city""",the fatty network of connective tissue that fills the cavities of bones,"a large and densely populated urban area; may include several independent administrative districts; ""Ancient Troy was a great city""",1,1,True
tiny-aya-global,Bengali,নাসারন্ধ্র,NOUN,990,either one of the two external openings to the nasal cavity in the nose,"a particular item of prepared food; ""she prepared a special dish for dinner""",either one of the two external openings to the nasal cavity in the nose,1,2,False
tiny-aya-global,Bengali,অবুজা,NOUN,24207,capital of Nigeria in the center of the country,"engage in the trade of; ""he is merchandising telephone sets""","continuing forever without end; ""there are infinitely many possibilities""",2,1,False
tiny-aya-global,Bengali,বাহুবন্ধনী,NOUN,28924,a band worn around the arm for decoration,a band worn around the arm for decoration,"causing or marked by grief or anguish; ""a grievous loss""; ""a grievous cry""; ""her sigh was heartbreaking""; ""the heartrending words of Rabin' s granddaughter""",0,2,False
tiny-aya-global,Bengali,হারমোনিয়াম,NOUN,173,a free-reed instrument in which air is forced through the reeds by bellows,against which no argument can be made,a free-reed instrument in which air is forced through the reeds by bellows,1,2,False
tiny-aya-global,Bengali,বীরমত্স্য,NOUN,28679,(Hinduism) a Hindu caste or distinctive social group of which there are thousands throughout India; a special characteristic is often the exclusive occupation of its male members (such as barber or potter),a pen that is supplied with ink from a reservoir in its barrel,(Hinduism) a Hindu caste or distinctive social group of which there are thousands throughout India; a special characteristic is often the exclusive occupation of its male members (such as barber or potter),1,2,False
tiny-aya-global,Bengali,দক্ষিণ কোরিয়ান বান,NOUN,20966,the basic unit of money in South Korea,"a craft capable of traveling in outer space; technically, a satellite around the sun",an imaginary being of myth or fable,2,1,False
tiny-aya-global,Bengali,পরিব্যক্ত প্রাণী,NOUN,27591,(biology) an organism that has characteristics resulting from chromosomal alteration,(biology) an organism that has characteristics resulting from chromosomal alteration,a region marked off for administrative or other purposes,0,1,False
tiny-aya-global,Bengali,প্রশ্নাত্মক,ADJECTIVE,35718,relating to the use of or having the nature of an interrogation,relating to the use of or having the nature of an interrogation,the number that is represented as a one followed by 6 zeros,0,1,False
tiny-aya-global,Bengali,লুখ,NOUN,18071,"tall marsh plant with cylindrical seed heads that explode when mature shedding large quantities of down; its long flat leaves are used for making mats and chair seats; of North America, Europe, Asia and North Africa",strongly laxative,"tall marsh plant with cylindrical seed heads that explode when mature shedding large quantities of down; its long flat leaves are used for making mats and chair seats; of North America, Europe, Asia and North Africa",1,2,False
tiny-aya-global,Bengali,বিরুপাক্ষ,NOUN,30119,an imaginary being of myth or fable,cover the entire range of,an imaginary being of myth or fable,1,2,False
tiny-aya-global,Bengali,পর্যবেক্ষক,NOUN,1760,one who supervises or has charge and direction of,one who supervises or has charge and direction of,a threadlike body in the cell nucleus that carries the genes in a linear order,0,1,False
tiny-aya-global,Bengali,মন্থরা,NOUN,29571,an imaginary being of myth or fable,a farm building for housing horses or other livestock,an imaginary being of myth or fable,1,1,True
tiny-aya-global,Bengali,রেজিস্ট্রি,NOUN,35475,mail that is registered by the post office when sent in order to assure safe delivery,native Eurasian tree widely cultivated in many varieties for its firm rounded edible fruits,"of or relating to the language of the ancient Goths; ""the Gothic Bible translation""",2,1,False
tiny-aya-global,Bengali,স্ট্যাম্প,NOUN,20399,(cricket) any of three upright wooden posts that form the wicket,(cricket) any of three upright wooden posts that form the wicket,a disease that affects plants,0,1,False
tiny-aya-global,Bengali,সুপ্রতীক,NOUN,22396,an imaginary being of myth or fable,"not yet proved or subjected to testing; ""an untested drug""; ""untested theory""; ""an untried procedure""",an imaginary being of myth or fable,1,1,True
tiny-aya-global,Bengali,কামাঠী,NOUN,25515,(Hinduism) a Hindu caste or distinctive social group of which there are thousands throughout India; a special characteristic is often the exclusive occupation of its male members (such as barber or potter),"a source of difficulty; ""one trouble after another delayed the job""; ""what' s the problem?""",(Hinduism) a Hindu caste or distinctive social group of which there are thousands throughout India; a special characteristic is often the exclusive occupation of its male members (such as barber or potter),1,2,False
tiny-aya-global,Bengali,নাটক,NOUN,19757,"a theatrical performance of a drama; ""the play lasted two hours""","a theatrical performance of a drama; ""the play lasted two hours""",one of the evil spirits of traditional Jewish and Christian belief,0,1,False
tiny-aya-global,Bengali,প্রথম,NOUN,27651,the first of a series of actions,a ripe jalapeno that has been dried for use in cooking,the first of a series of actions,1,2,False
tiny-aya-global,Bengali,কাতার,NOUN,35930,an Arab country on the peninsula of Qatar; achieved independence from the United Kingdom in 1971; the economy is dominated by oil,an Arab country on the peninsula of Qatar; achieved independence from the United Kingdom in 1971; the economy is dominated by oil,an absorbent soil resembling clay; used in fulling (shrinking and thickening) woolen cloth and as an adsorbent,0,1,False
tiny-aya-global,Bengali,সমস্যা,NOUN,3874,"a source of difficulty; ""one trouble after another delayed the job""; ""what' s the problem?""",any of various fixed orders of the various diatonic notes within an octave,"a source of difficulty; ""one trouble after another delayed the job""; ""what' s the problem?""",1,2,False
tiny-aya-global,Bengali,শিশুনাগ,NOUN,30330,one of the evil spirits of traditional Jewish and Christian belief,"(usually plural) a statement of what is required as part of an agreement; ""the contract set out the conditions of the lease""; ""the terms of the treaty were generous""",one of the evil spirits of traditional Jewish and Christian belief,1,1,True
tiny-aya-global,Bengali,ঝোপড়ি,NOUN,9718,small crude shelter used as a dwelling,having your attention fixated as though by a spell,an optically inactive alcohol that is a component of the vitamin B complex,2,1,False
tiny-aya-global,Bengali,জলীয়,ADJECTIVE,33001,"relating to or consisting of or being in water; ""an aquatic environment""",a shop where men can get their hair cut,"relating to or consisting of or being in water; ""an aquatic environment""",1,2,False
tiny-aya-global,Bengali,উদ্ধৃতি চিহ্ন,NOUN,381,a punctuation mark used to attribute the enclosed text to someone else,a punctuation mark used to attribute the enclosed text to someone else,"a collection of things sharing a common attribute; ""there are two classes of detergents""",0,1,False
tiny-aya-global,Bengali,সহযাত্রী,NOUN,8281,a traveler who accompanies you,a traveler who accompanies you,something that people do or cause to happen,0,1,False
tiny-aya-global,Bengali,কৃত্রিম রুপে,ADVERB,23236,"not according to nature; not by natural means; ""artificially induced conditions""","not according to nature; not by natural means; ""artificially induced conditions""","inferior in rank or status; ""the junior faculty""; ""a lowly corporal""; ""petty officialdom""; ""a subordinate functionary""",0,1,False
tiny-aya-global,Bengali,এক আঁটি পাতা,NOUN,35655,any number of entities (members) considered as a unit,a painful wound caused by the thrust of an insect' s stinger into skin,any number of entities (members) considered as a unit,1,2,False
tiny-aya-global,Bengali,পুনর্বাসন,NOUN,12140,the transportation of people (as a family or colony) to a new settlement (as after an upheaval of some kind),"the act of consoling; giving relief in affliction; ""his presence was a consolation to her""",a furnace for firing or burning or drying such things as porcelain or bricks,2,1,False
tiny-aya-global,Bengali,কম-বেশী,ADVERB,24746,"(of quantities) imprecise but fairly close to correct; ""lasted approximately an hour""; ""in just about a minute""; ""he' s about 30 years old""; ""I' ve had about all I can stand""; ""we meet about once a month""; ""some forty people came""; ""weighs around a hundred pounds""; ""roughly $3,000""; ""holds 3 gallons, more or less""; ""20 or so people were at the party""","conducive to good health of body or mind; ""a healthful climate""; ""a healthful environment""; ""healthful nutrition""; ""healthful sleep""; ""Dickens' s relatively healthful exuberance""","(of quantities) imprecise but fairly close to correct; ""lasted approximately an hour""; ""in just about a minute""; ""he' s about 30 years old""; ""I' ve had about all I can stand""; ""we meet about once a month""; ""some forty people came""; ""weighs around a hundred pounds""; ""roughly $3,000""; ""holds 3 gallons, more or less""; ""20 or so people were at the party""",1,2,False
tiny-aya-global,Bengali,কৃষ্ণা জেলা,NOUN,24868,a region marked off for administrative or other purposes,"a large natural stream of water (larger than a creek); ""the river was navigable for 50 miles""",usually brightly colored zygodactyl tropical birds with short hooked beaks and the ability to mimic sounds,2,1,False
tiny-aya-global,Bengali,দুনলী বন্দুক,NOUN,2991,a weapon that discharges a missile at high velocity (especially from a metal tube or barrel),pantropical vine widely cultivated in several varieties for its large sweet tuberous root with orange flesh,the act of inducing hypnosis,2,1,False
tiny-aya-global,Bengali,বেগুনি রঙ,NOUN,20034,a purple color or pigment,"an expression of approval and commendation; ""he always appreciated praise for his work""",having or given a form or shape,2,2,True
tiny-aya-global,Bengali,নিয়ম পালন,NOUN,1567,"compliance with formal rules; ""courtroom formality""","compliance with formal rules; ""courtroom formality""",any number of entities (members) considered as a unit,0,1,False
tiny-aya-global,Bengali,বাসি খাবার,NOUN,7783,the food served and eaten at one time,a seed of the coffee tree; ground to make coffee,"a necklace made by a stringing objects together; ""a string of beads""; ""a strand of pearls"";",2,1,False
tiny-aya-global,Bengali,ভেঙ্গে যাওয়া,NOUN,1671,"the act of breaking something; ""the breakage was unavoidable""","(of quantities) imprecise but fairly close to correct; ""lasted approximately an hour""; ""in just about a minute""; ""he' s about 30 years old""; ""I' ve had about all I can stand""; ""we meet about once a month""; ""some forty people came""; ""weighs around a hundred pounds""; ""roughly $3,000""; ""holds 3 gallons, more or less""; ""20 or so people were at the party""",North American republic containing 50 states - 48 conterminous states in North America plus Alaska in northwest North America and the Hawaiian Islands in the Pacific Ocean; achieved independence in 1776,2,1,False
tiny-aya-global,Bengali,জালান্ধর,NOUN,4539,one of the evil spirits of traditional Jewish and Christian belief,one of the evil spirits of traditional Jewish and Christian belief,"the manifestation of a Hindu deity (especially Vishnu) in human or superhuman or animal form; ""the Buddha is considered an avatar of the god Vishnu""",0,2,False
tiny-aya-global,Bengali,নগ্ন করানো,VERB,22339,"lay bare; ""denude a forest""","lay bare; ""denude a forest""",someone (especially a woman) who annoys people by constantly finding fault,0,1,False
tiny-aya-global,Bengali,বোকারো,NOUN,22991,"a large and densely populated urban area; may include several independent administrative districts; ""Ancient Troy was a great city""",someone who has been admitted to membership in a scholarly field,a region marked off for administrative or other purposes,2,2,True
tiny-aya-global,Bengali,যবীনর,NOUN,31997,an imaginary being of myth or fable,not producing poison,an imaginary being of myth or fable,1,2,False
tiny-aya-global,Bengali,কোলী জাতি,NOUN,21483,(Hinduism) a Hindu caste or distinctive social group of which there are thousands throughout India; a special characteristic is often the exclusive occupation of its male members (such as barber or potter),(Hinduism) a Hindu caste or distinctive social group of which there are thousands throughout India; a special characteristic is often the exclusive occupation of its male members (such as barber or potter),(meat) cooked by dry heat in an oven,0,1,False
tiny-aya-global,Bengali,বাতানুকূল যন্ত্র,NOUN,11258,a system that keeps air cool and dry,clear to whitish fluid from within a fresh coconut,a system that keeps air cool and dry,1,2,False
tiny-aya-global,Bengali,শীকর,NOUN,5604,a light shower that falls in some locations and not others nearby,place of worship consisting of an edifice for the worship of a deity,bottom-living cephalopod having a soft oval body with eight long tentacles,2,1,False
tiny-aya-global,Bengali,চুপ করে থাকা,NOUN,23737,"the of act controlling by restraining someone or something; ""the unlawful restraint of trade""",infinitely wise,"not sanitary or healthful; ""unsanitary open sewers""; ""grim and unsanitary conditions""",2,2,True
tiny-aya-global,Bengali,গ্যাস স্টেশন,NOUN,35147,a service station that sells gasoline,"cut down on; make a reduction in; ""reduce your daily fat intake""; ""The employer wants to cut back health benefits""",a service station that sells gasoline,1,2,False
tiny-aya-global,Bengali,ছাত্র,NOUN,1794,a learner who is enrolled in an educational institution,tropical American thorny shrub or small tree; fragrant yellow flowers used in making perfumery,"characterized by speed; moving with or capable of moving with high speed; ""a rapid movement""; ""a speedy car""; ""a speedy errand boy""",2,2,True
tiny-aya-global,Bengali,মানবিক,ADJECTIVE,518,"characteristic of humanity; ""human nature""","characteristic of humanity; ""human nature""","of or relating to Czechoslovakia or its people or their language; ""The Czech border""; ""Czechoslovak nationalists""; ""The Czechoslovakian population""",0,1,False
tiny-aya-global,Bengali,কেসর আম,NOUN,21516,large evergreen tropical tree cultivated for its large oval fruit,the legislature of the United States government,large evergreen tropical tree cultivated for its large oval fruit,1,2,False
tiny-aya-global,Bengali,গালী,NOUN,2065,a defamatory or abusive word or phrase,(prosody) a system of versification,"the people or companies engaged in a particular kind of commercial enterprise; ""each industry has its own trade publications""",2,1,False
tiny-aya-global,Bengali,কাফি,NOUN,16079,any of various fixed orders of the various diatonic notes within an octave,"dry seedlike fruit produced by the cereal grasses: e.g. wheat, barley, Indian corn",any of various fixed orders of the various diatonic notes within an octave,1,1,True
tiny-aya-global,Bengali,ঝাড়াই করা,VERB,5843,"separate the chaff from by using air currents; ""She stood there winnowing chaff all day in the field""",the continuum of experience in which events pass from the future through the present to the past,"separate the chaff from by using air currents; ""She stood there winnowing chaff all day in the field""",1,2,False
tiny-aya-global,Bengali,সুভদ্রা,NOUN,14961,an imaginary being of myth or fable,an imaginary being of myth or fable,"the discipline dealing with the principles of design and construction and ornamentation of fine buildings; ""architecture and eloquence are mixed arts whose end is sometimes beauty and sometimes use""",0,2,False
tiny-aya-global,Bengali,প্রোটেস্টান্ট,NOUN,28455,the Protestant churches and denominations collectively,optical device having a triangular shape and made of glass or quartz; used to deviate a beam or invert an image,"the civil and religious leader of a Muslim state considered to be a representative of Allah on earth; ""many radical Muslims believe a Khalifah will unite all Islamic lands and people and subjugate the rest of the world""",2,2,True
tiny-aya-global,Bengali,হস্ত পরিধান,NOUN,1788,clothing for the hands,clothing for the hands,a military structure where arms and ammunition and other military equipment are stored and training is given in the use of arms,0,1,False
tiny-aya-global,Bengali,লবণ,NOUN,13430,a compound formed by replacing hydrogen in an acid by a metal (or a radical that acts like a metal),graphical representation (in polar or Cartesian coordinates) of the spatial distribution of radiation from an antenna as a function of angle,a compound formed by replacing hydrogen in an acid by a metal (or a radical that acts like a metal),1,2,False
tiny-aya-global,Bengali,চার দিকে,ADVERB,929,"to or in any or all places; ""You find fast food stores everywhere""; ""people everywhere are becoming aware of the problem""; ""he carried a gun everywhere he went""; ""looked all over for a suitable gift""; (`everyplace'  is used informally for `everywhere' )","the property of being physically or mentally strong; ""fatigue sapped his strength""",fleshy folds of tissue as those surrounding the mouth,2,1,False
tiny-aya-global,Bengali,ঘন্টাঘর,NOUN,13426,a bell tower; usually stands alone unattached to a building,a bell tower; usually stands alone unattached to a building,"(of a piece of ground) not have a crop sown on it; ""farmland still unsown""",0,1,False
tiny-aya-global,Bengali,রেঞ্চ,NOUN,20099,a hand tool that is used to hold or twist a nut or bolt,a hand tool that is used to hold or twist a nut or bolt,floor covering consisting of a piece of thick heavy fabric (usually with nap or pile),0,1,False
tiny-aya-global,Bengali,লসিকা,NOUN,9973,a thin coagulable fluid (similar to plasma but) containing white blood cells (lymphocytes) and chyle; is conveyed to the blood stream by lymphatic vessels,a region marked off for administrative or other purposes,a formal proposal to buy at a specified price,2,1,False
tiny-aya-global,Bengali,যথাপূর্বক,ADVERB,24620,"in the original or natural place or site; ""carcinoma in situ""; ""the archeologists left the pottery in place""","drawn out or made longer spatially; ""Picasso' s elongated Don Quixote""; ""lengthened skirts are fashionable this year""; ""the extended airport runways can accommodate larger planes""; ""a prolonged black line across the page""","the act of consoling; giving relief in affliction; ""his presence was a consolation to her""",2,1,False
tiny-aya-global,Bengali,অগ্নিবর্ণ,NOUN,29403,an imaginary being of myth or fable,an imaginary being of myth or fable,"before the usual time or the time expected; ""she graduated early""; ""the house was completed ahead of time""",0,2,False
tiny-aya-global,Bengali,ভিক্টোরিয়ান যুগ,ADJECTIVE,34187,"of or relating to Queen Victoria of Great Britain or to the age in which she ruled; ""Victorian morals""",a sudden severe instance of abnormal heart function,"capable of being settled or resolved; ""all disputed points are potentially resolvable""; ""a resolvable quarrel""",2,2,True
tiny-aya-global,Bengali,চেপে যাওয়া,VERB,11590,"place between two surfaces and apply weight or pressure; ""pressed flowers""",a long-term economic state characterized by unemployment and low prices and low levels of trade and investment,"restore to a previous or better condition; ""They renovated the ceiling of the Sistine Chapel""",2,2,True
tiny-aya-global,Bengali,ক্রোমোজোম,NOUN,18421,a threadlike body in the cell nucleus that carries the genes in a linear order,frozen dessert containing cream and sugar and flavoring,a region marked off for administrative or other purposes,2,2,True
tiny-aya-global,Bengali,পাদানি,NOUN,14628,a low seat or a stool to rest the feet of a seated person,"the act of marrying; the nuptial ceremony; ""their marriage was conducted in the chapel""","something spoken; ""he could hear them uttering merry speeches""",2,1,False
tiny-aya-global,Bengali,সর্বশ্রেষ্ঠ,ADJECTIVE,11004,"(superlative of `good' ) having the most positive qualities; ""the best film of the year""; ""the best solution""; ""the best time for planting""; ""wore his best suit""","(superlative of `good' ) having the most positive qualities; ""the best film of the year""; ""the best solution""; ""the best time for planting""; ""wore his best suit""","compliance with formal rules; ""courtroom formality""",0,1,False
tiny-aya-global,Bengali,বনস্পতি রোগ,NOUN,29689,a disease that affects plants,a disease that affects plants,a prearranged meeting for consultation or exchange of information or discussion (especially one with a formal agenda),0,1,False
tiny-aya-global,Bengali,ভীমরথ,NOUN,21249,one of the evil spirits of traditional Jewish and Christian belief,"conducive to good health of body or mind; ""a healthful climate""; ""a healthful environment""; ""healthful nutrition""; ""healthful sleep""; ""Dickens' s relatively healthful exuberance""",having eight sides,2,2,True
tiny-aya-global,Bengali,বর্তমান কাল,NOUN,26700,a verb tense that expresses actions or states in the future,"a financial institution that accepts deposits and channels the money into lending activities; ""he cashed a check at the bank""; ""that bank holds the mortgage on my home""",a verb tense that expresses actions or states in the future,1,1,True
tiny-aya-global,Bengali,উতথ্য,NOUN,27914,a mentor in spiritual and philosophical topics who is renowned for profound wisdom,"fall in drops; ""Water is dripping from the faucet""",an imaginary being of myth or fable,2,1,False
tiny-aya-global,Bengali,শট,NOUN,28294,an explosive charge used in blasting,an explosive charge used in blasting,"intentional or planned; ""your intended trip abroad""; ""an intended insult""",0,1,False
tiny-aya-global,Bengali,অষ্টী,NOUN,32232,any of various fixed orders of the various diatonic notes within an octave,a repair shop where cars and trucks are serviced and repaired,any of various fixed orders of the various diatonic notes within an octave,1,2,False
tiny-aya-global,Bengali,পশ্চিম,NOUN,27616,the cardinal compass point that is a 270 degrees,someone (especially a woman) who annoys people by constantly finding fault,the act of imitating the behavior of some situation or some process by means of something suitably analogous (especially for the purpose of study or personnel training),2,2,True
tiny-aya-global,Bengali,ফেলা,VERB,6071,apply a heavy coat to,apply a heavy coat to,"the collection of rules imposed by authority; ""civilization presupposes respect for the law""; ""the great problem for jurisprudence to allow freedom while enforcing order""",0,1,False
tiny-aya-global,Bengali,আটকামো,ADJECTIVE,2536,"twisted together in a tangled mass; ""toiled through entangled growths of mesquite""","twisted together in a tangled mass; ""toiled through entangled growths of mesquite""","large oval tropical fruit having smooth skin, juicy aromatic pulp, and a large hairy seed",0,1,False
tiny-aya-global,Bengali,বসন্তরোগ,NOUN,5283,a highly contagious viral disease characterized by fever and weakness and skin eruption with pustules that form scabs that slough off leaving scars,a canopy made of canvas to shelter people or things from rain or sun,a highly contagious viral disease characterized by fever and weakness and skin eruption with pustules that form scabs that slough off leaving scars,1,2,False
tiny-aya-global,Bengali,সাজসজ্জা,NOUN,11671,the act of adding extraneous decorations to something,a light soft silver-white metallic element of the alkali metal group; oxidizes rapidly in air and reacts violently with water; is abundant in nature in combined forms occurring in sea water and in carnallite and kainite and sylvite,the act of adding extraneous decorations to something,1,1,True
tiny-aya-global,Bengali,বিহাগরা,NOUN,16166,any of various fixed orders of the various diatonic notes within an octave,any of various fixed orders of the various diatonic notes within an octave,a substance that produces a fragrant odor when burned,0,1,False
tiny-aya-global,Bengali,খালিফা,NOUN,4640,"the civil and religious leader of a Muslim state considered to be a representative of Allah on earth; ""many radical Muslims believe a Khalifah will unite all Islamic lands and people and subjugate the rest of the world""",an overwhelming feeling of fear and anxiety,(medicine) the invasion of the body by pathogenic microorganisms and their multiplication which can lead to tissue damage and disease,2,2,True
tiny-aya-global,Bengali,আশাহীন,ADJECTIVE,3810,"without or almost without hope; ""despondent about his failure""; ""too heartsick to fight back""","without or almost without hope; ""despondent about his failure""; ""too heartsick to fight back""",any of various fixed orders of the various diatonic notes within an octave,0,1,False
tiny-aya-global,Bengali,দেবকী,NOUN,1406,an imaginary being of myth or fable,an imaginary being of myth or fable,an imaginary being of myth or fable,0,1,False
tiny-aya-global,Bengali,কসরত করানো,VERB,27598,"give a workout to; ""Some parents exercise their infants""; ""My personal trainer works me hard""; ""work one' s muscles""","give a workout to; ""Some parents exercise their infants""; ""My personal trainer works me hard""; ""work one' s muscles""","capable of being settled or resolved; ""all disputed points are potentially resolvable""; ""a resolvable quarrel""",0,1,False
tiny-aya-global,Bengali,লকার,NOUN,35735,a storage compartment for clothes and valuables; usually it has a lock,a storage compartment for clothes and valuables; usually it has a lock,someone who cooks food,0,1,False
tiny-aya-global,Bengali,ম্যানিলা,NOUN,21677,the capital and largest city of the Philippines; located on southern Luzon,the capital and largest city of the Philippines; located on southern Luzon,a magnifier of images of distant objects,0,1,False
tiny-aya-global,Bengali,অপরাধপ্রবণতা,ADJECTIVE,20497,"involving or being or having the nature of a crime; ""a criminal offense""; ""criminal abuse""; ""felonious intent""","a large and densely populated urban area; may include several independent administrative districts; ""Ancient Troy was a great city""",an imaginary being of myth or fable,2,1,False
tiny-aya-global,Bengali,হয়গ্রীব,NOUN,22837,any supernatural being worshipped as controlling some part of the world or some aspect of life or who is the personification of a force,"the manifestation of a Hindu deity (especially Vishnu) in human or superhuman or animal form; ""the Buddha is considered an avatar of the god Vishnu""",water travel for pleasure,2,1,False
tiny-aya-global,Bengali,কেশিনী,NOUN,20996,"(classical mythology) a minor nature goddess usually depicted as a beautiful maiden; ""the ancient Greeks believed that nymphs inhabited forests and bodies of water""","(classical mythology) a minor nature goddess usually depicted as a beautiful maiden; ""the ancient Greeks believed that nymphs inhabited forests and bodies of water""",a mentor in spiritual and philosophical topics who is renowned for profound wisdom,0,1,False
tiny-aya-global,Bengali,সেবন করা,VERB,10871,"take or consume (regularly or habitually); ""She uses drugs rarely""","dry seedlike fruit produced by the cereal grasses: e.g. wheat, barley, Indian corn",the government building that serves as the residence and office of the President of the United States,2,1,False
tiny-aya-global,Bengali,যোগান,NOUN,20149,the activity of supplying or providing something,the capital and largest city of France; and international center of culture and commerce,the activity of supplying or providing something,1,2,False
tiny-aya-global,Bengali,দুর্বোধ্য,ADJECTIVE,16286,"not fully understood; ""an uncomprehended mystery""",one of the evil spirits of traditional Jewish and Christian belief,"not fully understood; ""an uncomprehended mystery""",1,2,False
tiny-aya-global,Bengali,প্রিয়ম্বদা,NOUN,28575,an imaginary being of myth or fable,an imaginary being of myth or fable,an imaginary being of myth or fable,0,1,False
tiny-aya-global,Bengali,তাজিকিস্তানি,NOUN,21103,a native or inhabitant of Tajikistan and neighboring areas of Uzbekistan and Afghanistan and China,"destroy completely; ""the wrecking ball demolished the building""; ""demolish your enemies""; ""pulverize the rebellion before it gets out of hand""",yellowing of the skin and the whites of the eyes caused by an accumulation of bile pigment (bilirubin) in the blood; can be a symptom of gallstones or liver infection or anemia,2,1,False
tiny-aya-global,Bengali,সুইডেন,NOUN,19276,a Scandinavian kingdom in the eastern part of the Scandinavian Peninsula,infinitely wise,a Scandinavian kingdom in the eastern part of the Scandinavian Peninsula,1,2,False
tiny-aya-global,Bengali,প্রাণাগ্নি-হোত্র উপনিষদ,NOUN,22782,"a later sacred text of Hinduism of a mystical nature dealing with metaphysical questions; ""the Vedanta philosophy developed from the pantheistic views of the Upanishads""","a later sacred text of Hinduism of a mystical nature dealing with metaphysical questions; ""the Vedanta philosophy developed from the pantheistic views of the Upanishads""",a service station that sells gasoline,0,1,False
tiny-aya-global,Bengali,মিষ্টি আলুর গাছ,NOUN,15453,pantropical vine widely cultivated in several varieties for its large sweet tuberous root with orange flesh,being two more than ninety,pantropical vine widely cultivated in several varieties for its large sweet tuberous root with orange flesh,1,2,False
tiny-aya-global,Bengali,লজ্জাশীলতা,NOUN,7907,a feeling of fear of embarrassment,not capable of being computed or enumerated,a feeling of fear of embarrassment,1,2,False
tiny-aya-global,Bengali,চেক,ADJECTIVE,19391,"of or relating to Czechoslovakia or its people or their language; ""The Czech border""; ""Czechoslovak nationalists""; ""The Czechoslovakian population""",the qualities that give pleasure to the senses,"of or relating to Czechoslovakia or its people or their language; ""The Czech border""; ""Czechoslovak nationalists""; ""The Czechoslovakian population""",1,2,False
tiny-aya-global,Bengali,বাহারনশাখ,NOUN,16886,any of various fixed orders of the various diatonic notes within an octave,one of the evil spirits of traditional Jewish and Christian belief,hills in southern India,2,2,True
tiny-aya-global,Bengali,হাওয়াযুক্ত,NOUN,26427,the act of supplying fresh air and getting rid of foul air,the act of supplying fresh air and getting rid of foul air,one of the evil spirits of traditional Jewish and Christian belief,0,1,False
tiny-aya-global,Bengali,খণ্ডন করা,VERB,4328,"overthrow by argument, evidence, or proof; ""The speaker refuted his opponent' s arguments""","overthrow by argument, evidence, or proof; ""The speaker refuted his opponent' s arguments""","engage in the trade of; ""he is merchandising telephone sets""",0,1,False
tiny-aya-global,Bengali,মোটেল,NOUN,26362,a motor hotel,of or relating to alluvium,a motor hotel,1,2,False
tiny-aya-global,Bengali,দেওয়া,VERB,12199,"grant use or occupation of under a term of contract; ""I am leasing my country estate to some foreigners""",a member of the Slavic people living in Croatia,hills in southern India,2,2,True
tiny-aya-global,Bengali,প্রস্তাবনা,NOUN,27659,"the initial part of the introduction; ""the opening established the basic theme""",native Eurasian tree widely cultivated in many varieties for its firm rounded edible fruits,"of or relating to the Sinhalese languages; ""the Sinhalese versions of the Ramayana""",2,1,False
tiny-aya-global,Bengali,পুরুমিল্ল,NOUN,29624,a mentor in spiritual and philosophical topics who is renowned for profound wisdom,a mentor in spiritual and philosophical topics who is renowned for profound wisdom,"expecting the best in this best of all possible worlds; ""in an optimistic mood""; ""optimistic plans""; ""took an optimistic view""",0,1,False
tiny-aya-global,Bengali,পোটাশিয়াম,NOUN,11068,a light soft silver-white metallic element of the alkali metal group; oxidizes rapidly in air and reacts violently with water; is abundant in nature in combined forms occurring in sea water and in carnallite and kainite and sylvite,a light soft silver-white metallic element of the alkali metal group; oxidizes rapidly in air and reacts violently with water; is abundant in nature in combined forms occurring in sea water and in carnallite and kainite and sylvite,a structure or object that impedes free movement,0,1,False
tiny-aya-global,Bengali,সমাগম,NOUN,5502,"the social act of assembling; ""they demanded the right of assembly""",capital and largest city and economic and cultural center of Portugal; a major port in western Portugal on Tagus River where it broadens and empties into the Atlantic,"the social act of assembling; ""they demanded the right of assembly""",1,2,False
tiny-aya-global,Bengali,জড়িয়ে পড়া,VERB,3876,"place in a confining or embarrassing position; ""He was trapped in a difficult situation""",a form of socialism that abolishes private ownership,"place in a confining or embarrassing position; ""He was trapped in a difficult situation""",1,2,False
tiny-aya-global,Bengali,যুবরাণী,NOUN,4407,the wife of a crown prince,wife of Siva and a benevolent aspect of Devi: goddess of plenty,the wife of a crown prince,1,1,True
tiny-aya-global,Bengali,নিষ্কম্মা,ADJECTIVE,2230,"lacking or characterized by lack of ambition or initiative; lazy; ""a shiftless student""; ""studied in a shiftless way""","lacking or characterized by lack of ambition or initiative; lazy; ""a shiftless student""; ""studied in a shiftless way""",a farm building for housing horses or other livestock,0,1,False
tiny-aya-global,Bengali,শরবতি লেবু,NOUN,8727,large pear-shaped fruit similar to grapefruit but with coarse dry pulp,large pear-shaped fruit similar to grapefruit but with coarse dry pulp,fine powdery foodstuff obtained by grinding and sifting the meal of a cereal grain,0,1,False
tiny-aya-global,Bengali,সংস্কৃতি,NOUN,10147,all the knowledge and values shared by a society,all the knowledge and values shared by a society,"a positive feeling of liking; ""he had trouble expressing the affection he felt""; ""the child won everyone' s heart""; ""the warmness of his welcome made us feel right at home""",0,1,False
tiny-aya-global,Bengali,ইচ্ছামৃগ,NOUN,33924,"a theatrical performance of a drama; ""the play lasted two hours""",a desperately poor landlocked country in western Africa; was formerly Upper Volta under French rule but gained independence in 1960,a military structure where arms and ammunition and other military equipment are stored and training is given in the use of arms,2,1,False
tiny-aya-global,Bengali,ইশারা,NOUN,733,the act of signaling by a movement of the hand,the act of signaling by a movement of the hand,any of the Sino-Tibetan languages spoken in China; regarded as dialects of a single language (even though they are mutually unintelligible) because they share an ideographic writing system,0,1,False
tiny-aya-global,Bengali,শালাবতী,NOUN,21981,an imaginary being of myth or fable,electronic device consisting of a system of electrodes arranged in an evacuated glass or metal envelope,an imaginary being of myth or fable,1,2,False
tiny-aya-global,Bengali,মন্দা,NOUN,35111,"the condition of being financially weak; ""the weakness of the dollar against the yen""","the condition of being financially weak; ""the weakness of the dollar against the yen""",(anatomy) the point of connection between two bones or elements of a skeleton (especially if it allows motion),0,1,False
tiny-aya-global,Bengali,অন্যোন্যবৃত্তি,NOUN,18115,"the effect of one thing (or person) on another; ""the influence of mechanical action""","the effect of one thing (or person) on another; ""the influence of mechanical action""","the immediate descendants of a person; ""she was the mother of many offspring""; ""he died without issue""",0,1,False
tiny-aya-global,Bengali,যুদ্ধসামগ্রী,NOUN,22827,weapons considered collectively,"wife of Siva and malevolent form of Devi; ""the black""","slow and apathetic; ""she was fat and inert""; ""a sluggish worker""; ""a mind grown torpid in old age""",2,2,True
tiny-aya-global,Bengali,কাব্যাত্মক,ADJECTIVE,2121,"characteristic of or befitting poetry; ""poetic diction""","characteristic of or befitting poetry; ""poetic diction""","not yet proved or subjected to testing; ""an untested drug""; ""untested theory""; ""an untried procedure""",0,1,False
tiny-aya-global,Bengali,আঞ্জনী,NOUN,499,an infection of the sebaceous gland of the eyelid,"(linguistics) the form of a word after all affixes are removed; ""thematic vowels are part of the stem""",an infection of the sebaceous gland of the eyelid,1,1,True
tiny-aya-global,Bengali,প্রতিযোগী,NOUN,29663,someone who takes part in an activity,a region marked off for administrative or other purposes,"an organic process that takes place in the body; ""respiratory activity""",2,1,False
tiny-aya-global,Bengali,লাসা,NOUN,24127,the sacred city of Lamaism; known as the Forbidden City for its former inaccessibility and hostility to strangers,"rain abundantly; ""Meteors showered down over half of Australia""","a large and densely populated urban area; may include several independent administrative districts; ""Ancient Troy was a great city""",2,2,True
tiny-aya-global,Bengali,এণ্টিবডি,NOUN,28836,"any of a large variety of proteins normally present in the body or produced in response to an antigen which it neutralizes, thus producing an immune response","any of a large variety of proteins normally present in the body or produced in response to an antigen which it neutralizes, thus producing an immune response",an imaginary being of myth or fable,0,1,False
tiny-aya-global,Bengali,সাইবারক্রাইম,NOUN,34802,crime committed using a computer and the internet to steal a person' s identity or sell contraband or stalk victims or disrupt operations with malevolent programs,crime committed using a computer and the internet to steal a person' s identity or sell contraband or stalk victims or disrupt operations with malevolent programs,"the property of being physically or mentally strong; ""fatigue sapped his strength""",0,1,False
tiny-aya-global,Bengali,শ্রুতান্ত,NOUN,31528,an imaginary being of myth or fable,a living thing that has (or can develop) the ability to act or function independently,a ray of moonlight,2,1,False
tiny-aya-global,Bengali,তেঁতুল,NOUN,1038,large tropical seed pod with very tangy pulp that is eaten fresh or cooked with rice and fish or preserved for curries and chutneys,a native or inhabitant of Tajikistan and neighboring areas of Uzbekistan and Afghanistan and China,large tropical seed pod with very tangy pulp that is eaten fresh or cooked with rice and fish or preserved for curries and chutneys,1,2,False
tiny-aya-global,Bengali,ভস্মাসুর,NOUN,22196,one of the evil spirits of traditional Jewish and Christian belief,"engage in the trade of; ""he is merchandising telephone sets""",jewelry to ornament the ear; usually clipped to the earlobe or fastened through a hole in the lobe,2,1,False
tiny-aya-global,Bengali,দুষ্কর,ADJECTIVE,9132,"characterized by toilsome effort to the point of exhaustion; especially physical effort; ""worked their arduous way up the mining valley""; ""a grueling campaign""; ""hard labor""; ""heavy work""; ""heavy going""; ""spent many laborious hours on the project""; ""set a punishing pace""",a region marked off for administrative or other purposes,an imaginary being of myth or fable,2,2,True
tiny-aya-global,Bengali,সেন্সর বোর্ড,NOUN,11152,a person who is authorized to read publications or correspondence or to watch theatrical performances and suppress in whole or in part anything considered obscene or politically unacceptable,a compound formed by replacing hydrogen in an acid by a metal (or a radical that acts like a metal),a person who is authorized to read publications or correspondence or to watch theatrical performances and suppress in whole or in part anything considered obscene or politically unacceptable,1,2,False
tiny-aya-global,Bengali,স্নেহ,NOUN,121,"a positive feeling of liking; ""he had trouble expressing the affection he felt""; ""the child won everyone' s heart""; ""the warmness of his welcome made us feel right at home""",the lowest of the four varnas: the servants and workers of low status,move or pull with a sudden motion,2,1,False
tiny-aya-global,Bengali,দেওয়া,VERB,6235,"transfer possession of something concrete or abstract to somebody; ""I gave her my money""; ""can you give me lessons?""; ""She gave the children lots of love and tender loving care""",an imaginary being of myth or fable,"something (often something deceptively attractive) that catches you unawares; ""the exam was full of trap questions""; ""it was all a snare and delusion""",2,2,True
tiny-aya-global,Bengali,সমাধানযোগ্য,ADJECTIVE,3510,"capable of being settled or resolved; ""all disputed points are potentially resolvable""; ""a resolvable quarrel""","capable of being settled or resolved; ""all disputed points are potentially resolvable""; ""a resolvable quarrel""",an imaginary being of myth or fable,0,1,False
tiny-aya-global,Bengali,বিদ্যাপতি,NOUN,36223,someone who has been admitted to membership in a scholarly field,one of the evil spirits of traditional Jewish and Christian belief,someone who has been admitted to membership in a scholarly field,1,2,False
tiny-aya-global,Bengali,পঙ্কজিত্,NOUN,23322,an imaginary being of myth or fable,not capable of being computed or enumerated,United States charismatic civil rights leader and Baptist minister who campaigned against the segregation of Blacks (1929-1968),2,2,True
tiny-aya-global,Bengali,হোয়াইট হাউস,NOUN,35523,the government building that serves as the residence and office of the President of the United States,the government building that serves as the residence and office of the President of the United States,an overwhelming feeling of fear and anxiety,0,1,False
tiny-aya-global,Bengali,বর্ধা জেলা,NOUN,24610,a region marked off for administrative or other purposes,a region marked off for administrative or other purposes,weapons considered collectively,0,1,False
tiny-aya-global,Bengali,শেষ করে ফেলা,VERB,11494,"come or bring to a finish or an end; ""He finished the dishes""; ""She completed the requirements for her Master' s Degree""; ""The fastest runner finished the race in just over 2 hours; others finished in over 4 hours""","relating to, or coming from, Europe and Asia; ""His mother was Eurasian, and his father Chinese""; ""the Eurasian landmass is the largest in the world""","come or bring to a finish or an end; ""He finished the dishes""; ""She completed the requirements for her Master' s Degree""; ""The fastest runner finished the race in just over 2 hours; others finished in over 4 hours""",1,2,False
tiny-aya-global,Bengali,দূরত্ব,NOUN,36307,"indifference by personal withdrawal; ""emotional distance""",an imaginary being of myth or fable,"indifference by personal withdrawal; ""emotional distance""",1,2,False
tiny-aya-global,Bengali,মুগ্ধ,ADJECTIVE,11801,having your attention fixated as though by a spell,an imaginary being of myth or fable,a quantity much larger than is needed,2,1,False
tiny-aya-global,Bengali,জৈমিনী,NOUN,29244,a mentor in spiritual and philosophical topics who is renowned for profound wisdom,an optically inactive alcohol that is a component of the vitamin B complex,a tall perennial woody plant having a main trunk and branches forming a distinct elevated crown; includes both gymnosperms and angiosperms,2,2,True
tiny-aya-global,Bengali,উপাদান,NOUN,3789,"an artifact that has been created by someone or some process; ""they improve their product every year""; ""they export most of their agricultural production""","a human being; ""there was too much for one person to do""",a chordophone that has a triangular frame consisting of a sounding board and a pillar and a curved neck; the strings stretched between the neck and the soundbox are plucked with the fingers,2,2,True
tiny-aya-global,Bengali,জীবন,NOUN,5583,"the condition of living or the state of being alive; ""while there' s life there' s hope""; ""life depends on many chemical and physical processes""",being six more than ninety,"the condition of living or the state of being alive; ""while there' s life there' s hope""; ""life depends on many chemical and physical processes""",1,2,False
tiny-aya-global,Bengali,সরগুজা,NOUN,24430,a region marked off for administrative or other purposes,"any liquid suitable for drinking; ""may I take your beverage order?""","a concept of quantity derived from zero and units; ""every number has a unique position in the sequence""",2,2,True
tiny-aya-global,Bengali,অত্যল্প,ADJECTIVE,2637,"deficient in amount or quality or extent; ""meager resources""; ""meager fare""","deficient in amount or quality or extent; ""meager resources""; ""meager fare""",a form of socialism that abolishes private ownership,0,1,False
tiny-aya-global,Bengali,কালি,NOUN,13521,"wife of Siva and malevolent form of Devi; ""the black""","wife of Siva and malevolent form of Devi; ""the black""","the psychological feature that arouses an organism to action toward a desired goal; the reason for the action; that which gives purpose and direction to behavior; ""we did not understand his motivation""; ""he acted with the best of motives""",0,1,False
tiny-aya-global,Bengali,সুশীলতা,NOUN,7985,"acting in a manner that is gentle and mild and even-tempered; ""his fingers have learned gentleness""; ""suddenly her gigantic power melted into softness for the baby""; ""even in the pulpit there are moments when mildness of manner is not enough""","an accommodation in which both sides make concessions; ""the newly elected congressmen rejected a compromise because they considered it `business as usual' """,a living thing that has (or can develop) the ability to act or function independently,2,2,True
tiny-aya-global,Bengali,ফারসি,NOUN,5686,the language of Persia (Iran) in any of its ancient forms,the language of Persia (Iran) in any of its ancient forms,the legislature of the United States government,0,1,False
tiny-aya-global,Bengali,গর্ভপাত,NOUN,7661,"continuing forever without end; ""there are infinitely many possibilities""","continuing forever without end; ""there are infinitely many possibilities""",jewelry consisting of a cord or chain (often bearing gems) worn about the neck as an ornament (especially by women),0,1,False
tiny-aya-global,Bengali,ত্রিপুরা,NOUN,8033,"the territory occupied by one of the constituent administrative districts of a nation; ""his state is in the deep south""","a particular item of prepared food; ""she prepared a special dish for dinner""","the territory occupied by one of the constituent administrative districts of a nation; ""his state is in the deep south""",1,2,False
tiny-aya-global,Bengali,সম্মানদক্ষিণা,NOUN,32960,a fee paid for a nominally free service,"the act of putting a person into a non-elective position; ""the appointment had to be approved by the whole committee""",a ripe jalapeno that has been dried for use in cooking,2,1,False
tiny-aya-global,Bengali,স্বাস্থ্যকর,ADJECTIVE,3706,"conducive to good health of body or mind; ""a healthful climate""; ""a healthful environment""; ""healthful nutrition""; ""healthful sleep""; ""Dickens' s relatively healthful exuberance""","a solemn pledge (to oneself or to another or to a deity) to do something or to behave in a certain manner; ""they took vows of poverty""","conducive to good health of body or mind; ""a healthful climate""; ""a healthful environment""; ""healthful nutrition""; ""healthful sleep""; ""Dickens' s relatively healthful exuberance""",1,2,False
tiny-aya-global,Bengali,গৌণ,ADJECTIVE,26722,"(of a clause) unable to stand alone syntactically as a complete sentence; ""a subordinate (or dependent) clause functions as a noun or adjective or adverb within a sentence""",a punctuation mark used to attribute the enclosed text to someone else,"(of a clause) unable to stand alone syntactically as a complete sentence; ""a subordinate (or dependent) clause functions as a noun or adjective or adverb within a sentence""",1,2,False
tiny-aya-global,Bengali,গুগল,NOUN,34579,a widely used search engine that uses text-matching techniques to find web pages that are important and relevant to a user' s search,a native or inhabitant of Australia,a widely used search engine that uses text-matching techniques to find web pages that are important and relevant to a user' s search,1,2,False
tiny-aya-global,Bengali,মনোনীত,ADJECTIVE,13548,"subject to popular election; ""elective official""",a severe scolding,"come upon unexpectedly or after searching; ""found art""; ""the lost-and-found department""",2,2,True
tiny-aya-global,Bengali,মালা,NOUN,5451,"a necklace made by a stringing objects together; ""a string of beads""; ""a strand of pearls"";",the month following March and preceding May,being three more than forty,2,1,False
tiny-aya-global,Bengali,বায়ুশুল,NOUN,8086,acute abdominal pain (especially in infants),acute abdominal pain (especially in infants),any of various fixed orders of the various diatonic notes within an octave,0,1,False
tiny-aya-global,Bengali,সুনামা,NOUN,32371,an imaginary being of myth or fable,a male attendant of the bridegroom at a wedding,an imaginary being of myth or fable,1,2,False
tiny-aya-global,Bengali,করদ,ADJECTIVE,11722,"(of goods or funds) subject to taxation; ""taxable income""; ""nonexempt property""",a chordophone that has a triangular frame consisting of a sounding board and a pillar and a curved neck; the strings stretched between the neck and the soundbox are plucked with the fingers,sleep lightly or for a short period of time,2,1,False
tiny-aya-global,Bengali,মহুয়া,NOUN,2234,a tall perennial woody plant having a main trunk and branches forming a distinct elevated crown; includes both gymnosperms and angiosperms,a chemical used to kill pests (as rodents or insects),"overthrow by argument, evidence, or proof; ""The speaker refuted his opponent' s arguments""",2,1,False
tiny-aya-global,Bengali,কর্ণফুল,NOUN,2154,jewelry to ornament the ear; usually clipped to the earlobe or fastened through a hole in the lobe,jewelry to ornament the ear; usually clipped to the earlobe or fastened through a hole in the lobe,the unwritten literature (stories and proverbs and riddles and songs) of a culture,0,1,False
tiny-aya-global,Bengali,পশুচারণ করা,NOUN,14805,the act of grazing,the state of having little or no money and few or no material possessions,the act of grazing,1,2,False
tiny-aya-global,Bengali,মণিগুণ,NOUN,31219,(prosody) a system of versification,"involving and relating to the mutual relations of states especially of the United States; ""Interstate Highway Commission""; ""interstate highways""; ""Interstate Commerce Commission""; ""interstate commerce""",(prosody) a system of versification,1,1,True
tiny-aya-global,Bengali,শুভকামনা দেওয়া,VERB,27596,"invoke upon; ""wish you a nice evening""; ""bid farewell""","a financial institution that accepts deposits and channels the money into lending activities; ""he cashed a check at the bank""; ""that bank holds the mortgage on my home""",a cruciferous plant of the genus Raphanus having a pungent edible root,2,1,False
tiny-aya-global,Bengali,ধ্যাণমগ্ন,ADJECTIVE,8297,"deeply absorbed in thought; ""as distant and bemused as a professor listening to the prattling of his freshman class""; ""lost in thought""; ""a preoccupied frown""","come or bring to a finish or an end; ""He finished the dishes""; ""She completed the requirements for her Master' s Degree""; ""The fastest runner finished the race in just over 2 hours; others finished in over 4 hours""","a unit of information equal to one million (1,048,576) bytes",2,1,False
tiny-aya-global,Bengali,মাহোগনি,NOUN,6038,any of various tropical timber trees of the family Meliaceae especially the genus Swietinia valued for their hard yellowish- to reddish-brown wood that is readily worked and takes a high polish,one of the first temporary teeth of a young mammal (one of 20 in children),any of various tropical timber trees of the family Meliaceae especially the genus Swietinia valued for their hard yellowish- to reddish-brown wood that is readily worked and takes a high polish,1,2,False
tiny-aya-global,Bengali,মুখ্য,ADJECTIVE,26721,"(of a clause) capable of standing syntactically alone as a complete sentence; ""the main (or independent) clause in a complex sentence has at least a subject and a verb""","a small flat compressed cake of some substance; ""a tablet of soap""",jewelry consisting of a cord or chain (often bearing gems) worn about the neck as an ornament (especially by women),2,1,False
tiny-aya-global,Bengali,নৃগ,NOUN,32100,an imaginary being of myth or fable,"large oval tropical fruit having smooth skin, juicy aromatic pulp, and a large hairy seed",inflammation of the liver caused by a virus or a toxin,2,1,False
tiny-aya-global,Bengali,সুবাহু,NOUN,19358,an imaginary being of myth or fable,a compound formed by replacing hydrogen in an acid by a metal (or a radical that acts like a metal),"the manifestation of a Hindu deity (especially Vishnu) in human or superhuman or animal form; ""the Buddha is considered an avatar of the god Vishnu""",2,2,True
tiny-aya-global,Bengali,মেটে,ADJECTIVE,9713,of a yellowish brown color,"a person conceived as a consumer of food; ""he has four mouths to feed""",of a yellowish brown color,1,2,False
tiny-aya-global,Bengali,শাল্বকিনী,NOUN,21402,"a large natural stream of water (larger than a creek); ""the river was navigable for 50 miles""",a painful wound caused by the thrust of an insect' s stinger into skin,"tall marsh plant with cylindrical seed heads that explode when mature shedding large quantities of down; its long flat leaves are used for making mats and chair seats; of North America, Europe, Asia and North Africa",2,2,True
tiny-aya-global,Bengali,লিথুয়ানিয়ান,ADJECTIVE,19613,of or relating to or characteristic of Lithuania or its people or language,one of the groups of Christians who have their own beliefs and forms of worship,the continuum of experience in which events pass from the future through the present to the past,2,1,False
tiny-aya-global,Bengali,খুর,NOUN,3890,a razor with a straight cutting edge enclosed in a case that forms a handle when the razor is opened for use,an overwhelming feeling of fear and anxiety,a razor with a straight cutting edge enclosed in a case that forms a handle when the razor is opened for use,1,2,False
tiny-aya-global,Bengali,কর্ণাট,NOUN,16037,any of various fixed orders of the various diatonic notes within an octave,any of various fixed orders of the various diatonic notes within an octave,the capital of Mali; located in the south on the Niger,0,2,False
tiny-aya-global,Bengali,পুনরাবৃত্ত,ADJECTIVE,23465,"recurring again and again; ""perennial efforts to stipulate the requirements""",a republic at the southernmost part of Africa; achieved independence from the United Kingdom in 1910; first European settlers were Dutch (known as Boers),"recurring again and again; ""perennial efforts to stipulate the requirements""",1,2,False
tiny-aya-global,Bengali,বিদেশ মন্ত্রক,NOUN,36048,the government department in charge of foreign relations,"(classical mythology) a minor nature goddess usually depicted as a beautiful maiden; ""the ancient Greeks believed that nymphs inhabited forests and bodies of water""","accept as a challenge; ""I' ll tackle this difficult task""",2,1,False
tiny-aya-global,Bengali,দুঃখদায়ী,ADJECTIVE,4228,"causing or marked by grief or anguish; ""a grievous loss""; ""a grievous cry""; ""her sigh was heartbreaking""; ""the heartrending words of Rabin' s granddaughter""",large pear-shaped fruit similar to grapefruit but with coarse dry pulp,"causing or marked by grief or anguish; ""a grievous loss""; ""a grievous cry""; ""her sigh was heartbreaking""; ""the heartrending words of Rabin' s granddaughter""",1,2,False
tiny-aya-global,Bengali,গীত,NOUN,4897,"a short musical composition with words; ""a successful musical must have at least three good songs""",a Dravidian language spoken by the Kota,kneading and rubbing parts of the body to increase circulation and promote relaxation,2,1,False
tiny-aya-global,Bengali,লঙ্ঘন করা,VERB,11618,"walk with long steps; ""He strode confidently across the hall""","(classical mythology) a minor nature goddess usually depicted as a beautiful maiden; ""the ancient Greeks believed that nymphs inhabited forests and bodies of water""",an explosive charge used in blasting,2,1,False
tiny-aya-global,Bengali,শ্যেন ঋষি,NOUN,29897,a mentor in spiritual and philosophical topics who is renowned for profound wisdom,"run away from confinement; ""The convicted murderer escaped from a high security prison""",a mentor in spiritual and philosophical topics who is renowned for profound wisdom,1,2,False
tiny-aya-global,Bengali,পেষা,VERB,9454,"make into a powder by breaking up or cause to become dust; ""pulverize the grains""",a tall perennial woody plant having a main trunk and branches forming a distinct elevated crown; includes both gymnosperms and angiosperms,"a unit of spoken language larger than a phoneme; ""the word `pocket'  has two syllables""",2,2,True
tiny-aya-global,Bengali,অস্ত্রাগার,NOUN,8525,a military structure where arms and ammunition and other military equipment are stored and training is given in the use of arms,"the act of marrying; the nuptial ceremony; ""their marriage was conducted in the chapel""",a military structure where arms and ammunition and other military equipment are stored and training is given in the use of arms,1,2,False
tiny-aya-global,Bengali,গণ্ডার,NOUN,4581,massive powerful herbivorous odd-toed ungulate of southeast Asia and Africa having very thick skin and one or two horns on the snout,massive powerful herbivorous odd-toed ungulate of southeast Asia and Africa having very thick skin and one or two horns on the snout,(meat) cooked by dry heat in an oven,0,1,False
tiny-aya-global,Bengali,চড়াই,ADJECTIVE,24065,"moving or going or growing upward; ""the ascending plane""; ""the ascending staircase""; ""the ascending stems of chickweed""","not common or ordinarily encountered; unusually great in amount or remarkable in character or kind; ""uncommon birds""; ""frost and floods are uncommon during these months""; ""doing an uncommon amount of business""; ""an uncommon liking for money""; ""he owed his greatest debt to his mother' s uncommon character and ability""",a pen that is supplied with ink from a reservoir in its barrel,2,1,False
tiny-aya-global,Bengali,লোহিত্যা,NOUN,22226,"(classical mythology) a minor nature goddess usually depicted as a beautiful maiden; ""the ancient Greeks believed that nymphs inhabited forests and bodies of water""","costing nothing; ""complimentary tickets""; ""free admission""",(prosody) a system of versification,2,1,False
tiny-aya-global,Bengali,প্রতীপ,NOUN,16153,a prince or king in India,"(superlative of `good' ) having the most positive qualities; ""the best film of the year""; ""the best solution""; ""the best time for planting""; ""wore his best suit""",a prince or king in India,1,2,False
tiny-aya-global,Bengali,সুন্দ,NOUN,21331,an imaginary being of myth or fable,a native or inhabitant of Yugoslavia,fine powdery foodstuff obtained by grinding and sifting the meal of a cereal grain,2,2,True
tiny-aya-global,Bengali,শারীরিক ক্রিয়া,NOUN,3514,"an organic process that takes place in the body; ""respiratory activity""","twist together or entwine into a confusing mass; ""The child entangled the cord""","(usually followed by `of' ) pointing out or revealing clearly; ""actions indicative of fear""",2,1,False
tiny-aya-global,Bengali,দুর্বোধ্য,ADJECTIVE,23054,"difficult to understand; ""the most incomprehensible thing about the universe is that it is comprehensible""- A. Einstein","difficult to understand; ""the most incomprehensible thing about the universe is that it is comprehensible""- A. Einstein","of or relating to a constitution; ""constitutional amendments""",0,1,False
tiny-aya-global,Bengali,বেরগড় জেলা,NOUN,25058,a region marked off for administrative or other purposes,a region marked off for administrative or other purposes,"come upon unexpectedly or after searching; ""found art""; ""the lost-and-found department""",0,1,False
tiny-aya-global,Bengali,এম আর্ক,NOUN,27429,a degree granted for the successful completion of advanced study of architecture,a degree granted for the successful completion of advanced study of architecture,"public transport consisting of a fast train or bus that makes only a few scheduled stops; ""he caught the express to New York""",0,1,False
tiny-aya-global,Bengali,ভাগ করা,VERB,9621,"separate into parts or portions; ""divide the cake into three equal parts""; ""The British carved up the Ottoman Empire after World War I""",(Hinduism) a Hindu caste or distinctive social group of which there are thousands throughout India; a special characteristic is often the exclusive occupation of its male members (such as barber or potter),"separate into parts or portions; ""divide the cake into three equal parts""; ""The British carved up the Ottoman Empire after World War I""",1,2,False
tiny-aya-global,Bengali,হৃত্পিণ্ডের সমস্যা,NOUN,35726,a sudden severe instance of abnormal heart function,a sudden severe instance of abnormal heart function,the act of detecting something; catching sight of something,0,1,False
tiny-aya-global,Bengali,অনুবর্তী সার্বজনিক নির্গম,NOUN,35744,a formal proposal to buy at a specified price,a weapon that is forcibly thrown or projected at a targets but is not self-propelled,a land mass that projects well above its surroundings; higher than a hill,2,2,True
tiny-aya-global,Bengali,নীচের ঠোট,NOUN,2711,the lower lip,the lower lip,the act of giving students or candidates a test (as by questions) to determine what they know or have learned,0,1,False
tiny-aya-global,Bengali,টপটপ করে জল পড়া,VERB,5280,"fall in drops; ""Water is dripping from the faucet""","fall in drops; ""Water is dripping from the faucet""",the area of a theater or concert hall where the audience sits,0,1,False
tiny-aya-global,Bengali,দৃঢ়হস্ত,NOUN,21826,an imaginary being of myth or fable,"become larger, greater, or bigger; expand or gain; ""The problem grew too large for me""; ""Her business grew fast""","plan, organize, and carry out (an event); ""the neighboring tribe staged an invasion""",2,1,False
tiny-aya-global,Bengali,অমরী,NOUN,23841,a tall perennial woody plant having a main trunk and branches forming a distinct elevated crown; includes both gymnosperms and angiosperms,a tall perennial woody plant having a main trunk and branches forming a distinct elevated crown; includes both gymnosperms and angiosperms,be abundant or plentiful; exist in large quantities,0,1,False
tiny-aya-global,Bengali,হেপাটাইটিস,NOUN,35347,inflammation of the liver caused by a virus or a toxin,wife of Siva and a benevolent aspect of Devi: goddess of plenty,declared as fact; explicitly stated,2,1,False
tiny-aya-global,Bengali,স্থাপত্যশিল্প,NOUN,10035,"the discipline dealing with the principles of design and construction and ornamentation of fine buildings; ""architecture and eloquence are mixed arts whose end is sometimes beauty and sometimes use""","the discipline dealing with the principles of design and construction and ornamentation of fine buildings; ""architecture and eloquence are mixed arts whose end is sometimes beauty and sometimes use""",the science concerned with the prevention of illness and maintenance of health,0,1,False
tiny-aya-global,Bengali,আর্য বিবাহ,NOUN,2224,"the act of marrying; the nuptial ceremony; ""their marriage was conducted in the chapel""","the act of marrying; the nuptial ceremony; ""their marriage was conducted in the chapel""","the act of starting something; ""he was responsible for the beginning of negotiations""",0,1,False
tiny-aya-global,Bengali,মুঙ্গের,NOUN,25987,"a large and densely populated urban area; may include several independent administrative districts; ""Ancient Troy was a great city""","a large and densely populated urban area; may include several independent administrative districts; ""Ancient Troy was a great city""","a large and densely populated urban area; may include several independent administrative districts; ""Ancient Troy was a great city""",0,2,False
tiny-aya-global,Bengali,কাট্য,ADJECTIVE,2365,able to be refuted,able to be refuted,the speech act of disagreeing or arguing or disputing,0,2,False
tiny-aya-global,Bengali,জাতি,NOUN,3562,(Hinduism) a Hindu caste or distinctive social group of which there are thousands throughout India; a special characteristic is often the exclusive occupation of its male members (such as barber or potter),"a solemn pledge (to oneself or to another or to a deity) to do something or to behave in a certain manner; ""they took vows of poverty""",a native or inhabitant of Austria,2,1,False
tiny-aya-global,Bengali,ফাইনাল,NOUN,26710,the final match between the winners of all previous matches in an elimination tournament,a member of a Bantu people living chiefly in Botswana and western South Africa,"a large and densely populated urban area; may include several independent administrative districts; ""Ancient Troy was a great city""",2,2,True
tiny-aya-global,Bengali,শর্ত,NOUN,6954,"(usually plural) a statement of what is required as part of an agreement; ""the contract set out the conditions of the lease""; ""the terms of the treaty were generous""",any vine of the family Cucurbitaceae that bears fruits with hard rinds,"(usually plural) a statement of what is required as part of an agreement; ""the contract set out the conditions of the lease""; ""the terms of the treaty were generous""",1,2,False
tiny-aya-global,Bengali,লঙ্কার পাউডার,NOUN,35972,powder made of ground chili peppers mixed with e.g. cumin and garlic and oregano,powder made of ground chili peppers mixed with e.g. cumin and garlic and oregano,"a theatrical performance of a drama; ""the play lasted two hours""",0,1,False
tiny-aya-global,Bengali,দীপকমালা,NOUN,28826,(prosody) a system of versification,clock that measures time by the escape of water,floor covering consisting of a piece of thick heavy fabric (usually with nap or pile),2,1,False
tiny-aya-global,Bengali,টিউব লাইট,NOUN,19891,electronic device consisting of a system of electrodes arranged in an evacuated glass or metal envelope,electronic device consisting of a system of electrodes arranged in an evacuated glass or metal envelope,an imaginary being of myth or fable,0,1,False
tiny-aya-global,Bengali,সীমান্ত,NOUN,654,the boundary line or the area immediately inside the boundary,the boundary line or the area immediately inside the boundary,a secret terrorist group in Sicily; originally opposed tyranny but evolved into a criminal organization in the middle of the 19th century,0,1,False
tiny-aya-global,Bengali,কাঙ্গো চা,NOUN,20087,black tea grown in China,black tea grown in China,wife of Siva and a benevolent aspect of Devi: goddess of plenty,0,2,False
tiny-aya-global,Bengali,বাগধারা যুক্ত,ADJECTIVE,21945,"of or relating to or conforming to idiom; ""idiomatic English""","of or relating to or conforming to idiom; ""idiomatic English""","a surveying instrument for measuring horizontal and vertical angles, consisting of a small telescope mounted on a tripod",0,1,False
tiny-aya-global,Bengali,প্রত্নতাত্ত্বিক,ADJECTIVE,26979,"related to or dealing with or devoted to archaeology; ""an archaeological dig""; ""a dramatic archaeological discovery""",the fatty network of connective tissue that fills the cavities of bones,"related to or dealing with or devoted to archaeology; ""an archaeological dig""; ""a dramatic archaeological discovery""",1,2,False
tiny-aya-global,Bengali,স্বাক্ষরিত,ADJECTIVE,1948,"having a handwritten signature; ""a signed letter""","having a handwritten signature; ""a signed letter""",a Dravidian language spoken by the Kota,0,1,False
tiny-aya-global,Bengali,ঠিকানা,NOUN,11338,written directions for finding some location; written on letters or packages that are to be delivered to that location,written directions for finding some location; written on letters or packages that are to be delivered to that location,a constitutional monarchy on the western part of the islands of Samoa in the South Pacific,0,1,False
tiny-aya-global,Bengali,কাকভুষুন্ডি,NOUN,3965,an imaginary being of myth or fable,the act of damaging something or someone,any vine of the family Cucurbitaceae that bears fruits with hard rinds,2,2,True
tiny-aya-global,Bengali,প্রদর্শক,NOUN,9364,someone who organizes an exhibit for others to see,a person who is authorized to read publications or correspondence or to watch theatrical performances and suppress in whole or in part anything considered obscene or politically unacceptable,someone who organizes an exhibit for others to see,1,1,True
tiny-aya-global,Bengali,-কারী,ADJECTIVE,26066,"producing an effect; ""poverty as a causative factor in crime""","producing an effect; ""poverty as a causative factor in crime""","the manifestation of a Hindu deity (especially Vishnu) in human or superhuman or animal form; ""the Buddha is considered an avatar of the god Vishnu""",0,1,False
tiny-aya-global,Bengali,ধামন,NOUN,25449,a tall perennial woody plant having a main trunk and branches forming a distinct elevated crown; includes both gymnosperms and angiosperms,"the synthesis in living organisms of more complex substances (e.g., living tissue) from simpler ones together with the storage of energy",(prosody) a system of versification,2,1,False
tiny-aya-global,Bengali,দমন এবং দিউ,NOUN,18452,"the territory occupied by one of the constituent administrative districts of a nation; ""his state is in the deep south""","the condition of living or the state of being alive; ""while there' s life there' s hope""; ""life depends on many chemical and physical processes""","the territory occupied by one of the constituent administrative districts of a nation; ""his state is in the deep south""",1,1,True
tiny-aya-global,Bengali,প্রোগ্রাম,NOUN,11198,"(computer science) a sequence of instructions that a computer can interpret and execute; ""the program required several hundred lines of code""","(computer science) a sequence of instructions that a computer can interpret and execute; ""the program required several hundred lines of code""",a land mass that projects well above its surroundings; higher than a hill,0,1,False
tiny-aya-global,Bengali,স্বাস্থ্যকর,ADJECTIVE,28617,"conducive to good health of body or mind; ""a healthful climate""; ""a healthful environment""; ""healthful nutrition""; ""healthful sleep""; ""Dickens' s relatively healthful exuberance""",joining or attaching by stitches,"relating to, or coming from, Europe and Asia; ""His mother was Eurasian, and his father Chinese""; ""the Eurasian landmass is the largest in the world""",2,2,True
tiny-aya-global,Bengali,অরুণাচলবাসী,NOUN,30349,a native or inhabitant of India,an imaginary being of myth or fable,"the second nearest planet to the sun; visible from Earth as an early `morning star'  or an `evening star' ; ""before it was known that they were the same object the evening star was called Venus and the morning star was called Lucifer""",2,2,True
tiny-aya-global,Bengali,ওকি,NOUN,30007,one of the evil spirits of traditional Jewish and Christian belief,a living thing that has (or can develop) the ability to act or function independently,"the act of breaking something; ""the breakage was unavoidable""",2,1,False
tiny-aya-global,Bengali,প্রেক্ষাগৃহ,NOUN,20764,the area of a theater or concert hall where the audience sits,the area of a theater or concert hall where the audience sits,"at an inconvenient time; ""he arrived inopportunely just as we sat down for dinner""; ""she answered malapropos""",0,1,False
tiny-aya-global,Bengali,রিয়্যালিটি সেক্টর,NOUN,35636,"a collection of things sharing a common attribute; ""there are two classes of detergents""",an imaginary being of myth or fable,any of various fixed orders of the various diatonic notes within an octave,2,2,True
tiny-aya-global,Bengali,ঝিমানো,VERB,7342,take a short break from one' s activities in order to relax,the speech act of disagreeing or arguing or disputing,take a short break from one' s activities in order to relax,1,2,False
tiny-aya-global,Bengali,সারংনট,NOUN,16026,any of various fixed orders of the various diatonic notes within an octave,one of the evil spirits of traditional Jewish and Christian belief,any of various fixed orders of the various diatonic notes within an octave,1,2,False
tiny-aya-global,Bengali,অশ্ববন্ধ,NOUN,32168,(prosody) a system of versification,(prosody) a system of versification,a soft heavy compact variety of talc having a soapy feel; used to make hearths and tabletops and ornaments,0,2,False
tiny-aya-global,Bengali,বের করা,VERB,11856,move or pull with a sudden motion,a public promotion of some product or service,"a large and densely populated urban area; may include several independent administrative districts; ""Ancient Troy was a great city""",2,1,False
tiny-aya-global,Bengali,লেবানন,NOUN,21020,an Asian republic at east end of Mediterranean,an Asian republic at east end of Mediterranean,a desperately poor landlocked country in western Africa; was formerly Upper Volta under French rule but gained independence in 1960,0,1,False
tiny-aya-global,Bengali,নিভিয়ে দেওয়া,VERB,27072,"put out, as of a candle or a light; ""Douse the lights""","put out, as of a candle or a light; ""Douse the lights""",a native or inhabitant of Europe,0,1,False
tiny-aya-global,Bengali,বকা,NOUN,3631,a severe scolding,the first of a series of actions,a severe scolding,1,2,False
tiny-aya-global,Bengali,হৃষ্টরোমা,NOUN,29366,one of the evil spirits of traditional Jewish and Christian belief,one of the evil spirits of traditional Jewish and Christian belief,successive generations of kin,0,1,False
tiny-aya-global,Bengali,সুপ্রিয়া,NOUN,26195,"(classical mythology) a minor nature goddess usually depicted as a beautiful maiden; ""the ancient Greeks believed that nymphs inhabited forests and bodies of water""","(classical mythology) a minor nature goddess usually depicted as a beautiful maiden; ""the ancient Greeks believed that nymphs inhabited forests and bodies of water""",a ray of moonlight,0,1,False
tiny-aya-global,Bengali,বোসনিয়ান,NOUN,19551,a native or inhabitant of Europe,any object that can be used to hold things (especially a large metal boxlike object of standardized dimensions that can be loaded from one form of transport to another),a native or inhabitant of Europe,1,1,True
tiny-aya-global,Bengali,সুষম,ADJECTIVE,11014,"in an optimal state of balance or equilibrium; ""a well-balanced wheel""","in an optimal state of balance or equilibrium; ""a well-balanced wheel""","an actor' s portrayal of someone in a play; ""she played the part of Desdemona""",0,1,False
tiny-aya-global,Bengali,আশ্বাস,NOUN,4171,"the act of consoling; giving relief in affliction; ""his presence was a consolation to her""",the ratio of deaths in an area to the population of that area; expressed per 1000 per year,"the act of consoling; giving relief in affliction; ""his presence was a consolation to her""",1,2,False
tiny-aya-global,Bengali,বীতভীত,NOUN,30030,one of the evil spirits of traditional Jewish and Christian belief,a Scandinavian kingdom in the eastern part of the Scandinavian Peninsula,one of the evil spirits of traditional Jewish and Christian belief,1,2,False
tiny-aya-global,Bengali,আইসক্রীম,NOUN,24860,frozen dessert containing cream and sugar and flavoring,a telecommunication system that transmits images of objects (stationary or moving) between distant points,a vitamin that maintains the resistance of cell and capillary walls to permeation,2,1,False
tiny-aya-global,Bengali,মুলো,NOUN,730,a cruciferous plant of the genus Raphanus having a pungent edible root,"a large natural stream of water (larger than a creek); ""the river was navigable for 50 miles""",a cruciferous plant of the genus Raphanus having a pungent edible root,1,2,False
tiny-aya-global,Bengali,অযোগব,NOUN,30604,(Hinduism) a Hindu caste or distinctive social group of which there are thousands throughout India; a special characteristic is often the exclusive occupation of its male members (such as barber or potter),(Hinduism) a Hindu caste or distinctive social group of which there are thousands throughout India; a special characteristic is often the exclusive occupation of its male members (such as barber or potter),"become bigger or greater in amount; ""The amount of work increased""",0,1,False
tiny-aya-global,Bengali,রেচক,ADJECTIVE,10047,strongly laxative,strongly laxative,"the duty of serving as a sentry; ""he was on guard that night""",0,1,False
tiny-aya-global,Bengali,দনায়ু,NOUN,26395,an imaginary being of myth or fable,an imaginary being of myth or fable,"come upon unexpectedly or after searching; ""found art""; ""the lost-and-found department""",0,1,False
tiny-aya-global,Bengali,ছোট সাইজ,NOUN,26941,a garment size for a small person,acute abdominal pain (especially in infants),a garment size for a small person,1,1,True
tiny-aya-global,Bengali,পরা,VERB,11600,"be dressed in; ""She was wearing yellow that day""","a body of students who graduate together; ""the class of ' 97""; ""she was in my year at Hoehandle High""","be dressed in; ""She was wearing yellow that day""",1,2,False
tiny-aya-global,Bengali,এলাকা,NOUN,2022,"a large indefinite location on the surface of the Earth; ""penguins inhabit the polar regions""",bottom-living cephalopod having a soft oval body with eight long tentacles,"a large indefinite location on the surface of the Earth; ""penguins inhabit the polar regions""",1,2,False
tiny-aya-global,Bengali,অসময়ে,ADVERB,1374,"at an inconvenient time; ""he arrived inopportunely just as we sat down for dinner""; ""she answered malapropos""","at an inconvenient time; ""he arrived inopportunely just as we sat down for dinner""; ""she answered malapropos""","take illegally; of intellectual property; ""This writer plundered from famous authors""",0,1,False
tiny-aya-global,Bengali,অভ্যস্ত,ADJECTIVE,3013,"(often followed by `to' ) in the habit of or adapted to; ""accustomed to doing her own work""; ""I' ve grown accustomed to her face""","(often followed by `to' ) in the habit of or adapted to; ""accustomed to doing her own work""; ""I' ve grown accustomed to her face""",an imaginary being of myth or fable,0,1,False
tiny-aya-global,Bengali,ভবঘুরে,NOUN,12144,"travelling about without any clear destination; ""she followed him in his wanderings and looked after him""",money or goods or services owed by one person to another,"travelling about without any clear destination; ""she followed him in his wanderings and looked after him""",1,2,False
tiny-aya-global,Bengali,শৈব,NOUN,11359,worshipper of Shiva,worshipper of Shiva,"(of goods or funds) subject to taxation; ""taxable income""; ""nonexempt property""",0,1,False
tiny-aya-global,Bengali,পর্তুগিজ,ADJECTIVE,19455,of or relating to or characteristic of the region of Lusitania or its people or language,of or relating to or characteristic of the region of Lusitania or its people or language,"capable of being settled or resolved; ""all disputed points are potentially resolvable""; ""a resolvable quarrel""",0,1,False
tiny-aya-global,Bengali,যেখান থেকে হোক,NOUN,35277,"an unknown and unexplored region; ""they came like angels out the unknown""",a region marked off for administrative or other purposes,"an unknown and unexplored region; ""they came like angels out the unknown""",1,2,False
tiny-aya-global,Bengali,প্রদোষ ব্রত,NOUN,18563,"a solemn pledge (to oneself or to another or to a deity) to do something or to behave in a certain manner; ""they took vows of poverty""","a solemn pledge (to oneself or to another or to a deity) to do something or to behave in a certain manner; ""they took vows of poverty""",a prearranged meeting for consultation or exchange of information or discussion (especially one with a formal agenda),0,1,False
tiny-aya-global,Bengali,মেগাবাইট,NOUN,35601,"a unit of information equal to one million (1,048,576) bytes","a unit of information equal to one million (1,048,576) bytes",a feeling of fear of embarrassment,0,1,False
tiny-aya-global,Bengali,শোষিত,ADJECTIVE,27741,"of persons; taken advantage of; ""after going out of his way to help his friend get the job he felt not appreciated but used""",relating to the use of or having the nature of an interrogation,worshipper of Shiva,2,1,False
tiny-aya-global,Bengali,চিকেন,NOUN,18235,the flesh of a chicken used for food,mail that is registered by the post office when sent in order to assure safe delivery,indicating the beginning unit in a series,2,2,True
tiny-aya-global,Bengali,বৃন্দারক,NOUN,31644,an imaginary being of myth or fable,someone who organizes an exhibit for others to see,an imaginary being of myth or fable,1,2,False
tiny-aya-global,Bengali,সত্তর,NOUN,15732,the cardinal number that is the product of ten and seven,the cardinal number that is the product of ten and seven,the capital of Singapore; one of the world' s biggest ports,0,1,False
tiny-aya-global,Bengali,সেশোল্স,NOUN,20302,a group of about 90 islands in the western Indian Ocean north of Madagascar,a group of about 90 islands in the western Indian Ocean north of Madagascar,a male attendant of the bridegroom at a wedding,0,1,False
tiny-aya-global,Bengali,মহিশাসুর,NOUN,3441,one of the evil spirits of traditional Jewish and Christian belief,the language of Persia (Iran) in any of its ancient forms,a port city on the Gulf of Finland that is the capital and largest city of Estonia,2,1,False
tiny-aya-global,Bengali,হরিতাল,NOUN,26150,a very poisonous metallic element that has three allotropic forms; arsenic and arsenic compounds are used as herbicides and insecticides and various alloys; found in arsenopyrite and orpiment and realgar,a very poisonous metallic element that has three allotropic forms; arsenic and arsenic compounds are used as herbicides and insecticides and various alloys; found in arsenopyrite and orpiment and realgar,a plant lasting for three seasons or more,0,1,False
tiny-aya-global,Bengali,তর্কাতীত,ADJECTIVE,2600,against which no argument can be made,a person who inhabits a particular place,"a large and densely populated urban area; may include several independent administrative districts; ""Ancient Troy was a great city""",2,2,True
tiny-aya-global,Bengali,চরণধূলি,NOUN,1700,"fine powdery material such as dry earth or pollen that can be blown about in the air; ""the furniture was covered with dust""","fine powdery material such as dry earth or pollen that can be blown about in the air; ""the furniture was covered with dust""",systematic investigation to establish facts,0,1,False
tiny-aya-global,Bengali,অসম্মতি,NOUN,566,the speech act of disagreeing or arguing or disputing,a member of a Bantu people living chiefly in Botswana and western South Africa,jewelry to ornament the ear; usually clipped to the earlobe or fastened through a hole in the lobe,2,2,True
tiny-aya-global,Bengali,ছিয়াত্তর,ADJECTIVE,8818,being six more than seventy,"liquid excretory product; ""there was blood in his urine""; ""the child had to make water""","characterized by toilsome effort to the point of exhaustion; especially physical effort; ""worked their arduous way up the mining valley""; ""a grueling campaign""; ""hard labor""; ""heavy work""; ""heavy going""; ""spent many laborious hours on the project""; ""set a punishing pace""",2,2,True
tiny-aya-global,Bengali,ছেয়ে যাওয়া,VERB,34300,cover the entire range of,the act of giving,cover the entire range of,1,2,False
tiny-aya-global,Bengali,দুর্জয়,NOUN,31519,an imaginary being of myth or fable,a farmer who works land owned by someone else,(prosody) a system of versification,2,1,False
tiny-aya-global,Bengali,ধাক্কা দেওয়া,VERB,5863,"move with force, ""He pushed the table into a corner""",a painful wound caused by the thrust of an insect' s stinger into skin,"move with force, ""He pushed the table into a corner""",1,2,False
tiny-aya-global,Bengali,অনুশীলন,NOUN,7485,"systematic training by multiple repetitions; ""practice makes perfect""","record in a public office or in a court of law; ""file for divorce""; ""file a complaint""","systematic training by multiple repetitions; ""practice makes perfect""",1,2,False
tiny-aya-global,Bengali,খড়খড়ি,NOUN,6840,a canopy made of canvas to shelter people or things from rain or sun,a canopy made of canvas to shelter people or things from rain or sun,North American republic containing 50 states - 48 conterminous states in North America plus Alaska in northwest North America and the Hawaiian Islands in the Pacific Ocean; achieved independence in 1776,0,2,False
tiny-aya-global,Bengali,অস্ট্রিয়াবাসী,NOUN,30977,a native or inhabitant of Austria,act of giving in common with others for a common purpose especially to a charity,"having a high price; ""costly jewelry""; ""high-priced merchandise""; ""much too dear for my pocketbook""; ""a pricey restaurant""",2,1,False
tiny-aya-global,Bengali,কুশল,NOUN,10952,the condition of prospering; having good fortune,the tenth sign of the zodiac; the sun is in this sign from about December 22 to January 19,the condition of prospering; having good fortune,1,2,False
tiny-aya-global,Bengali,শিল্প প্রতিভা,NOUN,1642,"a superior skill that you can learn by study and practice and observation; ""the art of conversation""; ""it' s quite an art""","a superior skill that you can learn by study and practice and observation; ""the art of conversation""; ""it' s quite an art""","regard something as probable or likely; ""The meteorologists are expecting rain for tomorrow""",0,1,False
tiny-aya-global,Bengali,ব্যস্ত,ADJECTIVE,8029,"actively or fully engaged or occupied; ""busy with her work""; ""a busy man""; ""too busy to eat lunch""; ""the line is busy""","actively or fully engaged or occupied; ""busy with her work""; ""a busy man""; ""too busy to eat lunch""; ""the line is busy""","large and impressive in physical size or extent; ""the bridge is a grand structure""",0,1,False
tiny-aya-global,Bengali,ধারণ করা,NOUN,18921,the act of retaining something,the act of retaining something,the number that is represented as a one followed by 6 zeros,0,1,False
tiny-aya-global,Bengali,কেনসিঙ্গটন প্রাইড আম,NOUN,21699,"large oval tropical fruit having smooth skin, juicy aromatic pulp, and a large hairy seed","the country or state or city where you live; ""Canadian tariffs enabled United States lumber companies to raise prices at home""; ""his home is New Jersey""","large oval tropical fruit having smooth skin, juicy aromatic pulp, and a large hairy seed",1,1,True
tiny-aya-global,Bengali,মালশ্রী,NOUN,16177,any of various fixed orders of the various diatonic notes within an octave,a furnace for firing or burning or drying such things as porcelain or bricks,any of various fixed orders of the various diatonic notes within an octave,1,1,True
tiny-aya-global,Bengali,অপরীক্ষিত,ADJECTIVE,21788,"not yet proved or subjected to testing; ""an untested drug""; ""untested theory""; ""an untried procedure""","not yet proved or subjected to testing; ""an untested drug""; ""untested theory""; ""an untried procedure""","the act of marrying; the nuptial ceremony; ""their marriage was conducted in the chapel""",0,1,False
tiny-aya-global,Bengali,পুষ্পদন্ত,NOUN,20885,an imaginary being of myth or fable,a mathematician who specializes in statistics,an imaginary being of myth or fable,1,2,False
tiny-aya-global,Bengali,আঘী,NOUN,32761,"dry seedlike fruit produced by the cereal grasses: e.g. wheat, barley, Indian corn","dry seedlike fruit produced by the cereal grasses: e.g. wheat, barley, Indian corn","an involuntary spasm of ineffectual vomiting; ""a bad case of the heaves""",0,1,False
tiny-aya-global,Bengali,বিরানব্বই,ADJECTIVE,4040,being two more than ninety,being two more than ninety,"goddess of war; a malevolent aspect of Devi; ""the inaccessible""",0,1,False
tiny-aya-global,Bengali,কাঁচ,NOUN,4340,a brittle transparent solid with irregular atomic structure,"associated with academia or an academy; ""the academic curriculum""; ""academic gowns""",a brittle transparent solid with irregular atomic structure,1,2,False
tiny-aya-global,Bengali,সাঁড়াশি,NOUN,23120,any of various devices for taking hold of objects; usually have two hinged legs with handles above and pointed hooks below,any of various devices for taking hold of objects; usually have two hinged legs with handles above and pointed hooks below,"(of a clause) unable to stand alone syntactically as a complete sentence; ""a subordinate (or dependent) clause functions as a noun or adjective or adverb within a sentence""",0,1,False
tiny-aya-global,Bengali,গুড়গাঁও শহর,NOUN,25743,"a large and densely populated urban area; may include several independent administrative districts; ""Ancient Troy was a great city""","a large and densely populated urban area; may include several independent administrative districts; ""Ancient Troy was a great city""","not far away in relative terms; ""she works nearby""; ""the planets orbiting nearby are Venus and Mars""",0,1,False
tiny-aya-global,Bengali,লোভী,ADJECTIVE,7930,"immoderately desirous of acquiring e.g. wealth; ""they are avaricious and will do anything for money""; ""casting covetous eyes on his neighbor' s fields""; ""a grasping old miser""; ""grasping commercialism""; ""greedy for money and power""; ""grew richer and greedier""; ""prehensile employers stingy with raises for their employees""",the activity of supplying or providing something,"immoderately desirous of acquiring e.g. wealth; ""they are avaricious and will do anything for money""; ""casting covetous eyes on his neighbor' s fields""; ""a grasping old miser""; ""grasping commercialism""; ""greedy for money and power""; ""grew richer and greedier""; ""prehensile employers stingy with raises for their employees""",1,2,False
tiny-aya-global,Bengali,লয় কারী,NOUN,28460,"the regulation of occurrence, pace, or coordination to achieve a desired effect (as in music, theater, athletics, mechanics)",an imaginary being of myth or fable,place of worship consisting of an edifice for the worship of a deity,2,2,True
tiny-aya-global,Bengali,ফোলানো,VERB,20264,"fill with gas or air; ""inflate a balloons""",a mentor in spiritual and philosophical topics who is renowned for profound wisdom,"fill with gas or air; ""inflate a balloons""",1,2,False
tiny-aya-global,Bengali,প্রতিনিধি,NOUN,6953,"an item of information that is representative of a type; ""this patient provides a typical example of the syndrome""; ""there is an example on page 10""",one of the evil spirits of traditional Jewish and Christian belief,"an item of information that is representative of a type; ""this patient provides a typical example of the syndrome""; ""there is an example on page 10""",1,2,False
tiny-aya-global,Bengali,ওকালতি,NOUN,10011,active support of an idea or cause etc.; especially the act of pleading or arguing for something,an apparatus intended for use under water,"indifference by personal withdrawal; ""emotional distance""",2,2,True
tiny-aya-global,Bengali,শিবি,NOUN,19344,a prince or king in India,any of various fixed orders of the various diatonic notes within an octave,"of or relating to the nations of Africa or their peoples; ""African languages""",2,1,False
tiny-aya-global,Bengali,গুলপাপড়ি,NOUN,20366,a food rich in sugar,rice cooked with broth and sprinkled with grated cheese,"the act of consoling; giving relief in affliction; ""his presence was a consolation to her""",2,1,False
tiny-aya-global,Bengali,চুম্বন করা,VERB,8775,"touch with the lips or press the lips (against someone' s mouth or other body part) as an expression of love, greeting, etc.; ""The newly married couple kissed""; ""She kissed her grandfather on the forehead when she entered the room""",large and often sumptuous tent,"touch with the lips or press the lips (against someone' s mouth or other body part) as an expression of love, greeting, etc.; ""The newly married couple kissed""; ""She kissed her grandfather on the forehead when she entered the room""",1,2,False
tiny-aya-global,Bengali,অস্ত্র,NOUN,793,a weapon that is forcibly thrown or projected at a targets but is not self-propelled,a weapon that is forcibly thrown or projected at a targets but is not self-propelled,"full of spirit; ""a dynamic full of life woman""; ""a vital and charismatic leader""; ""this whole lively world""",0,1,False
tiny-aya-global,Bengali,গজ দাঁত,NOUN,311,hard bonelike structures in the jaws of vertebrates; used for biting and chewing or for attack and defense,"having or showing a kindly or tender nature; ""the gentle touch of her hand""; ""her gentle manner was comforting""; ""a gentle sensitive nature""; ""gentle blue eyes""",the condition of prospering; having good fortune,2,1,False
tiny-aya-global,Bengali,অগ্নিবাণ,NOUN,8484,a projectile with a straight thin shaft and an arrowhead on one end and stabilizing vanes on the other; intended to be shot from a bow,a projectile with a straight thin shaft and an arrowhead on one end and stabilizing vanes on the other; intended to be shot from a bow,"large and impressive in physical size or extent; ""the bridge is a grand structure""",0,1,False
tiny-aya-global,Bengali,সসীম,ADJECTIVE,938,"having the limits or boundaries established; ""a delimited frontier through the disputed region""",any of various fixed orders of the various diatonic notes within an octave,a single distinct event,2,2,True
tiny-aya-global,Bengali,অক্ষর,NOUN,14678,"a unit of spoken language larger than a phoneme; ""the word `pocket'  has two syllables""","a unit of spoken language larger than a phoneme; ""the word `pocket'  has two syllables""",detailed critical analysis or examination one part at a time (as of a literary work),0,1,False
tiny-aya-global,Bengali,বডি বিল্ডিং,NOUN,35936,exercise that builds muscles through tension,"zealous in devotion or affection; ""a devoted husband and father""; ""devoted friends""","the act of consoling; giving relief in affliction; ""his presence was a consolation to her""",2,1,False
tiny-aya-global,Bengali,সাদাকালো,ADJECTIVE,22805,"having spots or patches (small areas of contrasting color or texture); ""a field patched with ice and snow""; ""the wall had a spotty speckled effect""; ""a black-and-white spotted cow""",the food served and eaten at one time,"having spots or patches (small areas of contrasting color or texture); ""a field patched with ice and snow""; ""the wall had a spotty speckled effect""; ""a black-and-white spotted cow""",1,2,False
tiny-aya-global,Bengali,ঘেসোড়ি,NOUN,12031,a person who belongs to the sex that can have babies,any of various tropical timber trees of the family Meliaceae especially the genus Swietinia valued for their hard yellowish- to reddish-brown wood that is readily worked and takes a high polish,"continuing forever without end; ""there are infinitely many possibilities""",2,1,False
tiny-aya-global,Bengali,কার্যালয়,NOUN,3980,"place of business where professional or clerical duties are performed; ""he rented an office in the new building""","place of business where professional or clerical duties are performed; ""he rented an office in the new building""","place in a confining or embarrassing position; ""He was trapped in a difficult situation""",0,1,False
tiny-aya-global,Bengali,দৈব্য বিবাহ,NOUN,3224,"the act of marrying; the nuptial ceremony; ""their marriage was conducted in the chapel""","the act of marrying; the nuptial ceremony; ""their marriage was conducted in the chapel""","a job in an organization; ""he occupied a post in the treasury""",0,1,False
tiny-aya-global,Bengali,সেলাই করা,VERB,11426,become joined or linked together,an imaginary being of myth or fable,become joined or linked together,1,2,False
tiny-aya-global,Bengali,ঠিক-ঠাক,ADVERB,13133,"with safety; in a safe manner; ""we are safely out of there""","separate into parts or portions; ""divide the cake into three equal parts""; ""The British carved up the Ottoman Empire after World War I""",a geographical area politically controlled by a distant country,2,1,False
tiny-aya-global,Bengali,কৈকেয়ী,NOUN,4514,an imaginary being of myth or fable,an imaginary being of myth or fable,an imaginary being of myth or fable,0,1,False
tiny-aya-global,Bengali,সংখ্যাতত্তবিদ,NOUN,10439,a mathematician who specializes in statistics,massive powerful herbivorous odd-toed ungulate of southeast Asia and Africa having very thick skin and one or two horns on the snout,a mathematician who specializes in statistics,1,2,False
tiny-aya-global,Bengali,ভোঁতা,ADJECTIVE,2424,"slow and apathetic; ""she was fat and inert""; ""a sluggish worker""; ""a mind grown torpid in old age""",any of various fixed orders of the various diatonic notes within an octave,an imaginary being of myth or fable,2,2,True
tiny-aya-global,Bengali,প্রভারক,NOUN,31874,an imaginary being of myth or fable,an imaginary being of myth or fable,"measure the time or duration of an event or action or the person who performs an action in a certain period of time; ""he clocked the runners""",0,1,False
tiny-aya-global,Bengali,ধূপ,NOUN,1895,a substance that produces a fragrant odor when burned,a mentor in spiritual and philosophical topics who is renowned for profound wisdom,an infection of the sebaceous gland of the eyelid,2,1,False
tiny-aya-global,Bengali,পদ্মনাভ,NOUN,30144,an imaginary being of myth or fable,a weapon that is forcibly thrown or projected at a targets but is not self-propelled,something (such as money) given or received as payment or reparation (as for a service or loss or injury),2,1,False
tiny-aya-global,Bengali,অক্টোপাস,NOUN,11660,bottom-living cephalopod having a soft oval body with eight long tentacles,a mentor in spiritual and philosophical topics who is renowned for profound wisdom,bottom-living cephalopod having a soft oval body with eight long tentacles,1,2,False
tiny-aya-global,Bengali,ধর্মপুরি জেলা,NOUN,24983,a region marked off for administrative or other purposes,(cricket) any of three upright wooden posts that form the wicket,a region marked off for administrative or other purposes,1,2,False
tiny-aya-global,Bengali,মুখ,NOUN,27128,"a person conceived as a consumer of food; ""he has four mouths to feed""","a person conceived as a consumer of food; ""he has four mouths to feed""","an unstable situation of extreme danger or difficulty; ""they went bankrupt during the economic crisis""",0,1,False
tiny-aya-global,Bengali,শ্বসন,NOUN,12686,"the synthesis in living organisms of more complex substances (e.g., living tissue) from simpler ones together with the storage of energy","a way of doing something, especially a systematic way; implies an orderly logical arrangement (usually in steps)","the synthesis in living organisms of more complex substances (e.g., living tissue) from simpler ones together with the storage of energy",1,2,False
tiny-aya-global,Bengali,সাবধান করা,VERB,11150,"notify of danger, potential harm, or risk; ""The director warned him that he might be fired""; ""The doctor warned me about the dangers of smoking""",an imaginary being of myth or fable,"notify of danger, potential harm, or risk; ""The director warned him that he might be fired""; ""The doctor warned me about the dangers of smoking""",1,2,False
tiny-aya-global,Bengali,অশ্লীল,ADJECTIVE,3186,"suggestive of sexual impropriety; ""a blue movie""; ""blue jokes""; ""he skips asterisks and gives you the gamy details""; ""a juicy scandal""; ""a naughty wink""; ""naughty words""; ""racy anecdotes""; ""a risque story""; ""spicy gossip""","suggestive of sexual impropriety; ""a blue movie""; ""blue jokes""; ""he skips asterisks and gives you the gamy details""; ""a juicy scandal""; ""a naughty wink""; ""naughty words""; ""racy anecdotes""; ""a risque story""; ""spicy gossip""","take illegally; of intellectual property; ""This writer plundered from famous authors""",0,1,False
tiny-aya-global,Bengali,রায়চুর,NOUN,24824,"a large and densely populated urban area; may include several independent administrative districts; ""Ancient Troy was a great city""","a large and densely populated urban area; may include several independent administrative districts; ""Ancient Troy was a great city""","full of spirit; ""a dynamic full of life woman""; ""a vital and charismatic leader""; ""this whole lively world""",0,1,False
tiny-aya-global,Bengali,মধন,NOUN,17028,any of various fixed orders of the various diatonic notes within an octave,any of various fixed orders of the various diatonic notes within an octave,a low seat or a stool to rest the feet of a seated person,0,1,False
tiny-aya-global,Bengali,ক্লাস,NOUN,27697,"a body of students who graduate together; ""the class of ' 97""; ""she was in my year at Hoehandle High""","a large natural stream of water (larger than a creek); ""the river was navigable for 50 miles""","a body of students who graduate together; ""the class of ' 97""; ""she was in my year at Hoehandle High""",1,2,False
tiny-aya-global,Bengali,ঢিলা,ADJECTIVE,23484,"(of textures) full of small openings or gaps; ""an open texture""; ""a loose weave""","immoderately desirous of acquiring e.g. wealth; ""they are avaricious and will do anything for money""; ""casting covetous eyes on his neighbor' s fields""; ""a grasping old miser""; ""grasping commercialism""; ""greedy for money and power""; ""grew richer and greedier""; ""prehensile employers stingy with raises for their employees""","(of textures) full of small openings or gaps; ""an open texture""; ""a loose weave""",1,2,False
tiny-aya-global,Bengali,উনপঞ্চাশতম,ADJECTIVE,13812,the ordinal number of forty-nine in counting order,"a body of students who graduate together; ""the class of ' 97""; ""she was in my year at Hoehandle High""",a prince or king in India,2,1,False
tiny-aya-global,Bengali,কামায়নী,NOUN,12619,an imaginary being of myth or fable,an imaginary being of myth or fable,a food rich in sugar,0,1,False
tiny-aya-global,Bengali,আতিথ্যকর্তা,NOUN,13113,a person who invites guests to a social event (such as a party in his or her own home) and who is responsible for them while they are there,a sudden severe instance of abnormal heart function,"large and impressive in physical size or extent; ""the bridge is a grand structure""",2,2,True
tiny-aya-global,Bengali,ছাইদান,NOUN,16776,a receptacle for the ash from smokers'  cigars or cigarettes,a receptacle for the ash from smokers'  cigars or cigarettes,"refuse to acknowledge; ""She cut him dead at the meeting""",0,1,False
tiny-aya-global,Bengali,পরিষেবা,NOUN,26438,"work done by one person or group that benefits another; ""budget separately for goods and services""","work done by one person or group that benefits another; ""budget separately for goods and services""",floor covering consisting of a piece of thick heavy fabric (usually with nap or pile),0,1,False
tiny-aya-global,Bengali,তন্দুরী,ADJECTIVE,8966,(meat) cooked by dry heat in an oven,(meat) cooked by dry heat in an oven,"without or almost without hope; ""despondent about his failure""; ""too heartsick to fight back""",0,1,False
tiny-aya-global,Bengali,নিঃশুল্ক,ADJECTIVE,2976,"costing nothing; ""complimentary tickets""; ""free admission""","relating to or constituting or involving an institution; ""institutional policy""","costing nothing; ""complimentary tickets""; ""free admission""",1,2,False
tiny-aya-global,Bengali,শুক্র,NOUN,226,"the second nearest planet to the sun; visible from Earth as an early `morning star'  or an `evening star' ; ""before it was known that they were the same object the evening star was called Venus and the morning star was called Lucifer""",someone who organizes an exhibit for others to see,capital of Nigeria in the center of the country,2,2,True
tiny-aya-global,Bengali,নির্ধন,ADJECTIVE,2265,"having little money or few possessions; ""deplored the gap between rich and poor countries""; ""the proverbial poor artist living in a garret""","having little money or few possessions; ""deplored the gap between rich and poor countries""; ""the proverbial poor artist living in a garret""",apartment consisting of a series of connected rooms used as a living unit (as in a hotel),0,1,False
tiny-aya-global,Bengali,সিন্ধুদুর্গ জেলা,NOUN,24598,a region marked off for administrative or other purposes,"not made explicit; ""the unexpressed terms of the agreement""; ""things left unsaid""; ""some kind of unspoken agreement""; ""his action is clear but his reason remains unstated""",a region marked off for administrative or other purposes,1,2,False
tiny-aya-global,Bengali,তাম্রপক্ষা,NOUN,33770,an imaginary being of myth or fable,an imaginary being of myth or fable,an imaginary being of myth or fable,0,1,False
tiny-aya-global,Bengali,আফ্রিকার,ADJECTIVE,20015,"of or relating to the nations of Africa or their peoples; ""African languages""","of or relating to the nations of Africa or their peoples; ""African languages""",wife of Siva and a benevolent aspect of Devi: goddess of plenty,0,1,False
tiny-aya-global,Bengali,অনুদান,NOUN,7821,any monetary aid,a region marked off for administrative or other purposes,"subject to popular election; ""elective official""",2,1,False
tiny-aya-global,Bengali,পাহাড়ী,NOUN,16154,any of various fixed orders of the various diatonic notes within an octave,any of various fixed orders of the various diatonic notes within an octave,"make a strenuous or labored effort; ""She struggled for years to survive without welfare""; ""He fought for breath""",0,1,False
tiny-aya-global,Bengali,শতানীক,NOUN,22014,one of the evil spirits of traditional Jewish and Christian belief,one of the evil spirits of traditional Jewish and Christian belief,"not derived or copied or translated from something else; ""the play is original; not an adaptation""; ""he kept the original copy and gave her only a xerox""; ""the translation misses much of the subtlety of the original French""",0,1,False
tiny-aya-global,Bengali,অস্বাস্থ্যকর,ADJECTIVE,28618,"not sanitary or healthful; ""unsanitary open sewers""; ""grim and unsanitary conditions""",the act of pouring a liquid offering (especially wine) as a religious ceremony,"a large and densely populated urban area; may include several independent administrative districts; ""Ancient Troy was a great city""",2,2,True
tiny-aya-global,Bengali,স্বরাষ্টক,NOUN,17451,any of various fixed orders of the various diatonic notes within an octave,"a small isolated group of people; ""they were concentrated in pockets inside the city""; ""the battle was won except for cleaning up pockets of resistance""",any of various fixed orders of the various diatonic notes within an octave,1,1,True
tiny-aya-global,Bengali,রাধুনি,NOUN,7244,someone who cooks food,someone who cooks food,a city in northern India in Uttar Pradesh; during the Indian Mutiny its British residents were besieged by Indian insurgents,0,2,False
tiny-aya-global,Bengali,সম্মতি প্রদত্ত,ADJECTIVE,33793,"relating to or having the character of a promise; ""promissory note""","the second nearest planet to the sun; visible from Earth as an early `morning star'  or an `evening star' ; ""before it was known that they were the same object the evening star was called Venus and the morning star was called Lucifer""","move with force, ""He pushed the table into a corner""",2,2,True
tiny-aya-global,Bengali,গান্ধার,NOUN,16111,any of various fixed orders of the various diatonic notes within an octave,inflammation of the liver caused by a virus or a toxin,any of various fixed orders of the various diatonic notes within an octave,1,2,False
tiny-aya-global,Bengali,নিয়ে আসা,VERB,7677,"bring together in a common cause or emotion; ""The death of their child had drawn them together""","work done by one person or group that benefits another; ""budget separately for goods and services""",a prince or king in India,2,1,False
tiny-aya-global,Bengali,সুপুত্র,NOUN,827,"a male human offspring; ""their son became a famous judge""; ""his boy is taller than he is""","a male human offspring; ""their son became a famous judge""; ""his boy is taller than he is""",ground dried rhizome of the turmeric plant used as seasoning,0,1,False
tiny-aya-global,Bengali,বিকশিত হওয়া,VERB,4678,"become larger, greater, or bigger; expand or gain; ""The problem grew too large for me""; ""Her business grew fast""","become larger, greater, or bigger; expand or gain; ""The problem grew too large for me""; ""Her business grew fast""",one of the evil spirits of traditional Jewish and Christian belief,0,1,False
tiny-aya-global,Bengali,আলোর খুঁটি,NOUN,34545,a metal post supporting an outdoor lamp (such as a streetlight),the quality of deserving veneration,a metal post supporting an outdoor lamp (such as a streetlight),1,2,False
tiny-aya-global,Bengali,কালসিরী,NOUN,23127,European songbird noted for its melodious nocturnal song,the capital and largest city of France; and international center of culture and commerce,European songbird noted for its melodious nocturnal song,1,2,False
tiny-aya-global,Bengali,সতানন্দ,NOUN,22027,an imaginary being of myth or fable,a quantity much larger than is needed,an imaginary being of myth or fable,1,2,False
tiny-aya-global,Bengali,ঠোঁট এবং থুতনির মধ্যবর্তী অংশ,NOUN,15599,a farmer who works land owned by someone else,a farmer who works land owned by someone else,large evergreen tropical tree cultivated for its large oval fruit,0,2,False
tiny-aya-global,Bengali,থিয়োডোলাইট,NOUN,28280,"a surveying instrument for measuring horizontal and vertical angles, consisting of a small telescope mounted on a tripod",a toxin resembling bacterial toxins in its antigenic properties that is found in the fluids of certain animals,"before the usual time or the time expected; ""she graduated early""; ""the house was completed ahead of time""",2,2,True
tiny-aya-global,Bengali,বিদ্যুত্-কেশ,NOUN,22622,one of the evil spirits of traditional Jewish and Christian belief,a major South American river; arises in the Andes and flows eastward into the South Atlantic; the world' s 2nd longest river (4000 miles),one of the evil spirits of traditional Jewish and Christian belief,1,1,True
tiny-aya-global,Bengali,আশাবাদী,ADJECTIVE,25581,"expecting the best in this best of all possible worlds; ""in an optimistic mood""; ""optimistic plans""; ""took an optimistic view""",a linguist who specializes in the study of grammar and syntax,"expecting the best in this best of all possible worlds; ""in an optimistic mood""; ""optimistic plans""; ""took an optimistic view""",1,2,False
tiny-aya-global,Bengali,সিহোর,NOUN,24766,"a large and densely populated urban area; may include several independent administrative districts; ""Ancient Troy was a great city""","a large and densely populated urban area; may include several independent administrative districts; ""Ancient Troy was a great city""",someone who engages in sports,0,1,False
tiny-aya-global,Bengali,হার্প,NOUN,29424,a chordophone that has a triangular frame consisting of a sounding board and a pillar and a curved neck; the strings stretched between the neck and the soundbox are plucked with the fingers,a chordophone that has a triangular frame consisting of a sounding board and a pillar and a curved neck; the strings stretched between the neck and the soundbox are plucked with the fingers,"a craft capable of traveling in outer space; technically, a satellite around the sun",0,1,False
tiny-aya-global,Bengali,নিয়োগ,NOUN,1699,"the act of putting a person into a non-elective position; ""the appointment had to be approved by the whole committee""",the capital and largest city of Chad; located in the southwestern on the Shari river,the ratio of deaths in an area to the population of that area; expressed per 1000 per year,2,2,True
tiny-aya-global,Bengali,সাকার,ADJECTIVE,2002,having or given a form or shape,having or given a form or shape,the legislature of the United States government,0,1,False
tiny-aya-global,Bengali,বামাকো,NOUN,24179,the capital of Mali; located in the south on the Niger,the capital of Mali; located in the south on the Niger,"be dressed in; ""She was wearing yellow that day""",0,1,False
tiny-aya-global,Bengali,রুক্মমাহু,NOUN,22143,an imaginary being of myth or fable,"being without a bone or bones; ""jellyfish are boneless""",an imaginary being of myth or fable,1,1,True
tiny-aya-global,Bengali,রেল মন্ত্রালয়,NOUN,35219,building where the business of a government department is transacted,the act of damaging something or someone,building where the business of a government department is transacted,1,2,False
tiny-aya-global,Bengali,পরিচালনা করা,VERB,28600,"plan, organize, and carry out (an event); ""the neighboring tribe staged an invasion""",a cruciferous plant of the genus Raphanus having a pungent edible root,"plan, organize, and carry out (an event); ""the neighboring tribe staged an invasion""",1,2,False
tiny-aya-global,Bengali,অ্যান্টেনা,NOUN,27533,an electrical device that sends or receives radio or television signals,an electrical device that sends or receives radio or television signals,a desperately poor landlocked country in western Africa; was formerly Upper Volta under French rule but gained independence in 1960,0,1,False
tiny-aya-global,Bengali,অন্তর্যামী,ADJECTIVE,2126,infinitely wise,tropical American thorny shrub or small tree; fragrant yellow flowers used in making perfumery,infinitely wise,1,2,False
tiny-aya-global,Bengali,চন্দ্রপুলি,NOUN,14819,a food rich in sugar,a weapon that is forcibly thrown or projected at a targets but is not self-propelled,a man who has never been married,2,1,False
tiny-aya-global,Bengali,পূজ্যতা,NOUN,30303,the quality of deserving veneration,a mentor in spiritual and philosophical topics who is renowned for profound wisdom,"(usually plural) a statement of what is required as part of an agreement; ""the contract set out the conditions of the lease""; ""the terms of the treaty were generous""",2,1,False
tiny-aya-global,Bengali,কীটনাশক,NOUN,4705,a chemical used to kill pests (as rodents or insects),a linguist who specializes in the study of grammar and syntax,a chemical used to kill pests (as rodents or insects),1,2,False
tiny-aya-global,Bengali,নাম দেওয়া,VERB,27679,"assign a specified (usually proper) proper name to; ""They named their son David""; ""The new school was named after the famous Civil Rights leader""",an imaginary being of myth or fable,"large oval tropical fruit having smooth skin, juicy aromatic pulp, and a large hairy seed",2,2,True
tiny-aya-global,Bengali,বীঈদা,NOUN,35725,"a large and densely populated urban area; may include several independent administrative districts; ""Ancient Troy was a great city""",a major South American river; arises in the Andes and flows eastward into the South Atlantic; the world' s 2nd longest river (4000 miles),"a large and densely populated urban area; may include several independent administrative districts; ""Ancient Troy was a great city""",1,1,True
tiny-aya-global,Bengali,মাল্যবান,NOUN,32443,an imaginary being of myth or fable,an imaginary being of myth or fable,the husband of your mother by a subsequent marriage,0,2,False
tiny-aya-global,Bengali,জয়েত্,NOUN,16541,any of various fixed orders of the various diatonic notes within an octave,any of various fixed orders of the various diatonic notes within an octave,"the manifestation of a Hindu deity (especially Vishnu) in human or superhuman or animal form; ""the Buddha is considered an avatar of the god Vishnu""",0,2,False
tiny-aya-global,Bengali,মহাসান্তপন,NOUN,16566,"a solemn pledge (to oneself or to another or to a deity) to do something or to behave in a certain manner; ""they took vows of poverty""","be dressed in; ""She was wearing yellow that day""","bring together in a common cause or emotion; ""The death of their child had drawn them together""",2,2,True
tiny-aya-global,Bengali,পাশে,ADVERB,373,"not far away in relative terms; ""she works nearby""; ""the planets orbiting nearby are Venus and Mars""","not far away in relative terms; ""she works nearby""; ""the planets orbiting nearby are Venus and Mars""","large oval tropical fruit having smooth skin, juicy aromatic pulp, and a large hairy seed",0,1,False
tiny-aya-global,Bengali,আশ্বস্ত,ADJECTIVE,8946,"having confidence restored; freed from anxiety; ""reassured by her praise he pressed on""",a quantity much larger than is needed,"having confidence restored; freed from anxiety; ""reassured by her praise he pressed on""",1,2,False
tiny-aya-global,Bengali,পানামা,NOUN,19877,a republic on the Isthmus of Panama; achieved independence from Colombia in 1903,"the act of breaking something; ""the breakage was unavoidable""",a milky exudate from certain plants that coagulates on exposure to air,2,1,False
tiny-aya-global,Bengali,আশি,ADJECTIVE,13258,being ten more than seventy,being ten more than seventy,"a theatrical performance of a drama; ""the play lasted two hours""",0,1,False
tiny-aya-global,Bengali,মরকোটী,NOUN,18240,a food rich in sugar,a food rich in sugar,an administrative unit in government or business,0,2,False
tiny-aya-global,Bengali,ম্লান হওয়া,VERB,4413,"lose freshness, vigor, or vitality; ""Her bloom was fading""",an artisan who makes jewelry and other objects out of gold,(prosody) a system of versification,2,2,True
tiny-aya-global,Bengali,হেমধন্না,NOUN,21350,an imaginary being of myth or fable,an imaginary being of myth or fable,"a way of doing something, especially a systematic way; implies an orderly logical arrangement (usually in steps)",0,1,False
tiny-aya-global,Bengali,দুধ,NOUN,6193,a milky exudate from certain plants that coagulates on exposure to air,the area of a theater or concert hall where the audience sits,an edge tool with a heavy bladed head mounted across a handle,2,1,False
tiny-aya-global,Bengali,সিঙ্গাপুরি ডলার,NOUN,20801,the basic unit of money in Singapore,(used of persons or things military) without protective armor,"be dressed in; ""She was wearing yellow that day""",2,1,False
tiny-aya-global,Bengali,হয়গ্রীব,NOUN,22835,"the manifestation of a Hindu deity (especially Vishnu) in human or superhuman or animal form; ""the Buddha is considered an avatar of the god Vishnu""","the manifestation of a Hindu deity (especially Vishnu) in human or superhuman or animal form; ""the Buddha is considered an avatar of the god Vishnu""",plaything consisting of a sloping chute down which children can slide,0,1,False
tiny-aya-global,Bengali,আনন্দভৈরবী,NOUN,20771,any of various fixed orders of the various diatonic notes within an octave,a mentor in spiritual and philosophical topics who is renowned for profound wisdom,any of various fixed orders of the various diatonic notes within an octave,1,1,True
tiny-aya-global,Bengali,পাহারিদারি ভাতা,NOUN,28747,"something that remunerates; ""wages were paid by check""; ""he wasted his pay on drink""; ""they saved a quarter of all their earnings""","suggestive of sexual impropriety; ""a blue movie""; ""blue jokes""; ""he skips asterisks and gives you the gamy details""; ""a juicy scandal""; ""a naughty wink""; ""naughty words""; ""racy anecdotes""; ""a risque story""; ""spicy gossip""","something that remunerates; ""wages were paid by check""; ""he wasted his pay on drink""; ""they saved a quarter of all their earnings""",1,2,False
tiny-aya-global,Bengali,উপসর্গ,NOUN,8578,an affix that is added in front of the word,formerly the basic unit of money in Luxembourg,fleshy folds of tissue as those surrounding the mouth,2,1,False
tiny-aya-global,Bengali,সিন্দুরি আম,NOUN,8636,"large oval tropical fruit having smooth skin, juicy aromatic pulp, and a large hairy seed","(of a piece of ground) not have a crop sown on it; ""farmland still unsown""","large oval tropical fruit having smooth skin, juicy aromatic pulp, and a large hairy seed",1,2,False
tiny-aya-global,Bengali,জর্জ,NOUN,27421,Elector of Hanover and the first Hanoverian King of Great Britain and Ireland from 1714 to 1727 (1660-1727),a medical dressing consisting of a soft heated mass of meal or clay that is spread on a cloth and applied to the skin to treat inflamed areas or improve circulation etc.,"in an optimal state of balance or equilibrium; ""a well-balanced wheel""",2,1,False
tiny-aya-global,Bengali,গোলাবাড়ি,NOUN,4638,an outlying farm building for storing grain or animal feed and housing farm animals,a tall perennial woody plant having a main trunk and branches forming a distinct elevated crown; includes both gymnosperms and angiosperms,an outlying farm building for storing grain or animal feed and housing farm animals,1,2,False
tiny-aya-global,Bengali,তখন,ADVERB,5933,"at that time; ""I was young then""; ""prices were lower back then""; ""science as it was then taught""","at that time; ""I was young then""; ""prices were lower back then""; ""science as it was then taught""",a brittle transparent solid with irregular atomic structure,0,1,False
tiny-aya-global,Bengali,নারকেলের জল,NOUN,36445,clear to whitish fluid from within a fresh coconut,"in regular succession without gaps; ""serial concerts""",any of various fixed orders of the various diatonic notes within an octave,2,1,False
tiny-aya-global,Bengali,মুজফ্ফরনগর জেলা,NOUN,25270,a region marked off for administrative or other purposes,a trivalent metallic element of the rare earth group; usually occurs in association with yttrium,a region marked off for administrative or other purposes,1,2,False
tiny-aya-global,Bengali,লেজ,NOUN,471,the posterior part of the body of a vertebrate especially when elongated and extending beyond the trunk or main part of the body,the posterior part of the body of a vertebrate especially when elongated and extending beyond the trunk or main part of the body,"a large natural stream of water (larger than a creek); ""the river was navigable for 50 miles""",0,1,False
tiny-aya-global,Bengali,পট,NOUN,6776,(formerly) a writing tablet made of slate,apply a heavy coat to,the qualities that give pleasure to the senses,2,1,False
tiny-aya-global,Bengali,জলঘড়ি,NOUN,3996,clock that measures time by the escape of water,a cruciferous plant of the genus Raphanus having a pungent edible root,against which no argument can be made,2,1,False
tiny-aya-global,Bengali,চান্দ্রায়ণ,NOUN,14830,"a solemn pledge (to oneself or to another or to a deity) to do something or to behave in a certain manner; ""they took vows of poverty""",indicating the beginning unit in a series,any of various fixed orders of the various diatonic notes within an octave,2,1,False
tiny-aya-global,Bengali,জ্যোতিবা ফুলে নগর জেলা,NOUN,24565,a region marked off for administrative or other purposes,(anatomy) the point of connection between two bones or elements of a skeleton (especially if it allows motion),a region marked off for administrative or other purposes,1,2,False
tiny-aya-global,Bengali,চৌবাইন,NOUN,21454,a married woman; a man' s partner in marriage,an imaginary being of myth or fable,a married woman; a man' s partner in marriage,1,2,False
tiny-aya-global,Bengali,অপ্রাসঙ্গিক,ADJECTIVE,2858,not appropriate to the purpose,"a large and densely populated urban area; may include several independent administrative districts; ""Ancient Troy was a great city""",one of the evil spirits of traditional Jewish and Christian belief,2,1,False
tiny-aya-global,Bengali,নাপিতালয়,NOUN,24524,a shop where men can get their hair cut,jewelry to ornament the ear; usually clipped to the earlobe or fastened through a hole in the lobe,"an artifact that has been created by someone or some process; ""they improve their product every year""; ""they export most of their agricultural production""",2,1,False
tiny-aya-global,Bengali,ইম্ফল পূর্ব জেলা,NOUN,26042,a region marked off for administrative or other purposes,a light shower that falls in some locations and not others nearby,a region marked off for administrative or other purposes,1,2,False
tiny-aya-global,Bengali,গিরিডি জেলা,NOUN,26069,a region marked off for administrative or other purposes,"the arrangement of the body and its limbs; ""he assumed an attitude of surrender""","be verified or confirmed; pass inspection; ""These stories don' t check!""",2,1,False
tiny-aya-global,Bengali,পূজা করা,VERB,3047,"show devotion to (a deity); ""Many Hindus worship Shiva""","show devotion to (a deity); ""Many Hindus worship Shiva""",a projectile with a straight thin shaft and an arrowhead on one end and stabilizing vanes on the other; intended to be shot from a bow,0,1,False
tiny-aya-global,Bengali,খজরী,NOUN,21314,large evergreen tropical tree cultivated for its large oval fruit,large evergreen tropical tree cultivated for its large oval fruit,"difficult to understand; ""the most incomprehensible thing about the universe is that it is comprehensible""- A. Einstein",0,1,False
tiny-aya-global,Bengali,সওয়াসন,NOUN,18553,any of various plants of the genus Sesbania having pinnate leaves and large showy pea-like flowers,any of various plants of the genus Sesbania having pinnate leaves and large showy pea-like flowers,the flesh of a chicken used for food,0,1,False
tiny-aya-global,Bengali,বেগুসরায় জেলা,NOUN,25947,a region marked off for administrative or other purposes,any of various fixed orders of the various diatonic notes within an octave,a region marked off for administrative or other purposes,1,2,False
tiny-aya-global,Bengali,হত্যাকারী,NOUN,10312,a criminal who commits homicide (who performs the unlawful premeditated killing of another human being),a criminal who commits homicide (who performs the unlawful premeditated killing of another human being),"pull, as against a resistance; ""He dragged the big suitcase behind him""; ""These worries were dragging at him""",0,1,False
tiny-aya-global,Bengali,প্রদান,NOUN,1694,the act of giving,the act of giving,someone who has been admitted to membership in a scholarly field,0,1,False
tiny-aya-global,Bengali,মাতাল,NOUN,12861,someone who is intoxicated,someone who is intoxicated,(Hinduism) a Hindu caste or distinctive social group of which there are thousands throughout India; a special characteristic is often the exclusive occupation of its male members (such as barber or potter),0,1,False
tiny-aya-global,Bengali,অসংগতিপূর্ণ,ADJECTIVE,2041,"having no intelligible meaning; ""nonsense syllables""; ""a nonsensical jumble of words""",(prosody) a system of versification,"having no intelligible meaning; ""nonsense syllables""; ""a nonsensical jumble of words""",1,2,False
tiny-aya-global,Bengali,ল্যাঙোট,NOUN,7841,a garment that provides covering for the loins,the sovereign and his advisers who are the governing power of a state,a garment that provides covering for the loins,1,2,False
tiny-aya-global,Bengali,ঘষা,VERB,11966,"pull, as against a resistance; ""He dragged the big suitcase behind him""; ""These worries were dragging at him""",cover the entire range of,"a large and densely populated urban area; may include several independent administrative districts; ""Ancient Troy was a great city""",2,1,False
tiny-aya-global,Bengali,তাজা,ADJECTIVE,2503,"recently made, produced, or harvested; ""fresh bread""; ""a fresh scent""","a large natural stream of water (larger than a creek); ""the river was navigable for 50 miles""","the arrangement of the body and its limbs; ""he assumed an attitude of surrender""",2,1,False
tiny-aya-global,Bengali,চাম্বা জেলা,NOUN,25785,a region marked off for administrative or other purposes,woody perennial climbing plant with large ornamental seed pods that resemble balloons; tropical India and Africa and America,a region marked off for administrative or other purposes,1,2,False
tiny-aya-global,Bengali,লুকোনো,VERB,5277,"hide from view or knowledge; ""The President covered the fact that he bugged the offices in the White House""",the area of a theater or concert hall where the audience sits,"hide from view or knowledge; ""The President covered the fact that he bugged the offices in the White House""",1,2,False
tiny-aya-global,Bengali,ছিট্,NOUN,17141,"a patch of bright color; ""her red hat gave her outfit a splash of color""","the condition of living or the state of being alive; ""while there' s life there' s hope""; ""life depends on many chemical and physical processes""",a person of unquestioning obedience,2,1,False
tiny-aya-global,Bengali,সিদ্ধার্থনগর,NOUN,25301,a region marked off for administrative or other purposes,a form of socialism that abolishes private ownership,"a collection of precious things; ""the trunk held all her meager treasures""",2,2,True
tiny-aya-global,Bengali,শ্রুত,ADJECTIVE,1848,"detected or perceived by the sense of hearing; ""a conversation heard through the wall""","relating to or constituting or involving an institution; ""institutional policy""","detected or perceived by the sense of hearing; ""a conversation heard through the wall""",1,2,False
tiny-aya-global,Bengali,তালিন,NOUN,24406,a port city on the Gulf of Finland that is the capital and largest city of Estonia,"a necklace made by a stringing objects together; ""a string of beads""; ""a strand of pearls"";",one of the evil spirits of traditional Jewish and Christian belief,2,1,False
tiny-aya-global,Bengali,অহি,NOUN,32496,(prosody) a system of versification,(prosody) a system of versification,"any instrument or instrumentality used in fighting or hunting; ""he was licensed to carry a weapon""",0,1,False
tiny-aya-global,Bengali,অপরাতঙ্ক,NOUN,20456,a land mass that projects well above its surroundings; higher than a hill,"containing or resulting from disease-causing organisms; ""a septic sore throat""; ""a septic environment""; ""septic sewage""",a land mass that projects well above its surroundings; higher than a hill,1,1,True
tiny-aya-global,Bengali,কম করা,VERB,4326,"cut down on; make a reduction in; ""reduce your daily fat intake""; ""The employer wants to cut back health benefits""","without possibility of mistake; ""this watercolor is unmistakably a synthesis of nature""","the most common medium of exchange; functions as legal tender; ""we tried to collect the money he owed us""",2,1,False
tiny-aya-global,Bengali,দুই,NOUN,26892,"the specified day of the month; ""what is the date today?""","the initial part of the introduction; ""the opening established the basic theme""","reflect as if in a mirror; ""The smallest pond at night mirrors the firmament above""",2,1,False
tiny-aya-global,Bengali,অশ্বতর,NOUN,32142,an imaginary being of myth or fable,a prince or king in India,"having the limits or boundaries established; ""a delimited frontier through the disputed region""",2,1,False
tiny-aya-global,Bengali,অনুসন্ধান,NOUN,138,systematic investigation to establish facts,"a piece of information about circumstances that exist or events that have occurred; ""first you must collect all the facts of the case""",an imaginary being of myth or fable,2,1,False
tiny-aya-global,Bengali,বরারী,NOUN,16387,any of various fixed orders of the various diatonic notes within an octave,an imaginary being of myth or fable,"an expression of approval and commendation; ""he always appreciated praise for his work""",2,2,True
tiny-aya-global,Bengali,দণ্ডাদেশ,NOUN,9068,the act of punishing,the act of punishing,"lacking foresight or scope; ""a short view of the problem""; ""shortsighted policies""; ""shortsighted critics derided the plan""; ""myopic thinking""",0,1,False
tiny-aya-global,Bengali,বুরহানপুর,NOUN,21462,"a large and densely populated urban area; may include several independent administrative districts; ""Ancient Troy was a great city""","having confidence restored; freed from anxiety; ""reassured by her praise he pressed on""",fine powdery foodstuff obtained by grinding and sifting the meal of a cereal grain,2,2,True
tiny-aya-global,Bengali,হরি,NOUN,31312,an imaginary being of myth or fable,"characterized by certainty or security; ""a tiny but assured income""; ""we can never have completely assured lives""","dry seedlike fruit produced by the cereal grasses: e.g. wheat, barley, Indian corn",2,1,False
tiny-aya-global,Bengali,কাগুজে,ADJECTIVE,5364,"set down in writing in any of various ways; ""written evidence""",usually brightly colored zygodactyl tropical birds with short hooked beaks and the ability to mimic sounds,"set down in writing in any of various ways; ""written evidence""",1,1,True
tiny-aya-global,Bengali,অষ্টকোণ,NOUN,25470,an eight-sided polygon,an eight-sided polygon,"a surveying instrument for measuring horizontal and vertical angles, consisting of a small telescope mounted on a tripod",0,1,False
tiny-aya-global,Bengali,ভিটামিন পি,NOUN,27213,a vitamin that maintains the resistance of cell and capillary walls to permeation,a vitamin that maintains the resistance of cell and capillary walls to permeation,"become more intense; ""The debate intensified""; ""His dislike for raw fish only deepened in Japan""",0,1,False
tiny-aya-global,Bengali,ফোটো,NOUN,2922,"a visual representation (of an object or scene or person or abstraction) produced on a surface; ""they showed us the pictures of their wedding""; ""a movie is a series of images projected so rapidly that the eye integrates them""","a visual representation (of an object or scene or person or abstraction) produced on a surface; ""they showed us the pictures of their wedding""; ""a movie is a series of images projected so rapidly that the eye integrates them""","a human being; ""there was too much for one person to do""",0,1,False
tiny-aya-global,Bengali,আরব সাগর,NOUN,19759,a northwestern arm of the Indian Ocean between India and Arabia,a northwestern arm of the Indian Ocean between India and Arabia,how much there is of something that you can quantify,0,1,False
tiny-aya-global,Bengali,অপরিমাপিত,ADJECTIVE,2492,not measured,not measured,a light soft silver-white metallic element of the alkali metal group; oxidizes rapidly in air and reacts violently with water; is abundant in nature in combined forms occurring in sea water and in carnallite and kainite and sylvite,0,1,False
tiny-aya-global,Bengali,মকর রাশি,NOUN,354,the tenth sign of the zodiac; the sun is in this sign from about December 22 to January 19,a feeling of fear of embarrassment,"take or consume (regularly or habitually); ""She uses drugs rarely""",2,1,False
tiny-aya-global,Bengali,ডোডা জেলা,NOUN,25859,a region marked off for administrative or other purposes,a region marked off for administrative or other purposes,crime committed using a computer and the internet to steal a person' s identity or sell contraband or stalk victims or disrupt operations with malevolent programs,0,1,False
tiny-aya-global,Bengali,যা উড়তে পারে না,ADJECTIVE,12102,incapable of flying,incapable of flying,"a public square with room for pedestrians; ""they met at Elm Plaza""; ""Grosvenor Place""",0,1,False
tiny-aya-global,Bengali,দশ লাখ,NOUN,31077,the number that is represented as a one followed by 6 zeros,the number that is represented as a one followed by 6 zeros,a thin coagulable fluid (similar to plasma but) containing white blood cells (lymphocytes) and chyle; is conveyed to the blood stream by lymphatic vessels,0,1,False
tiny-aya-global,Bengali,আর্যাছন্দ,NOUN,20489,(prosody) a system of versification,someone who writes plays,a small part of something intended as representative of the whole,2,2,True
tiny-aya-global,Bengali,টেলিভিজন,NOUN,35388,a telecommunication system that transmits images of objects (stationary or moving) between distant points,a telecommunication system that transmits images of objects (stationary or moving) between distant points,the capital and largest city of El Salvador; has suffered from recurrent earthquakes,0,1,False
tiny-aya-global,Bengali,সংস্থার,ADJECTIVE,28689,"relating to or constituting or involving an institution; ""institutional policy""","relating to or constituting or involving an institution; ""institutional policy""",a social division of (usually preliterate) people,0,1,False
tiny-aya-global,Bengali,দেবীমন্দির,NOUN,455,place of worship consisting of an edifice for the worship of a deity,any of various fixed orders of the various diatonic notes within an octave,the power or right to prohibit or reject a proposed or intended act (especially the power of a chief executive to reject a bill passed by the legislature),2,1,False
tiny-aya-global,Bengali,অনুপ্ত,ADJECTIVE,16287,"(of a piece of ground) not have a crop sown on it; ""farmland still unsown""","(of a piece of ground) not have a crop sown on it; ""farmland still unsown""","in some unspecified way or manner; or by some unspecified means; ""they managed somehow""; ""he expected somehow to discover a woman who would love him""; ""he tried to make is someway acceptable""",0,1,False
tiny-aya-global,Bengali,আত্মবলি,NOUN,8513,acting with less concern for yourself than for the success of the joint activity,"take illegally; of intellectual property; ""This writer plundered from famous authors""",acting with less concern for yourself than for the success of the joint activity,1,2,False
tiny-aya-global,Bengali,মাখা,ADJECTIVE,29129,"consisting of fine particles; ""powdered cellulose""; ""powdery snow""; ""pulverized sugar is prepared from granulated sugar by grinding""",native Eurasian tree widely cultivated in many varieties for its firm rounded edible fruits,"a theatrical performance of a drama; ""the play lasted two hours""",2,1,False
tiny-aya-global,Bengali,আতঙ্ক,NOUN,3366,an overwhelming feeling of fear and anxiety,an overwhelming feeling of fear and anxiety,an imaginary being of myth or fable,0,1,False
tiny-aya-global,Bengali,তৃণমণি,NOUN,28153,a tall perennial woody plant having a main trunk and branches forming a distinct elevated crown; includes both gymnosperms and angiosperms,written directions for finding some location; written on letters or packages that are to be delivered to that location,a tall perennial woody plant having a main trunk and branches forming a distinct elevated crown; includes both gymnosperms and angiosperms,1,2,False
tiny-aya-global,Bengali,পাত্র,NOUN,27643,cooking utensil consisting of a wide metal vessel,"(of a piece of ground) not have a crop sown on it; ""farmland still unsown""",cooking utensil consisting of a wide metal vessel,1,2,False
tiny-aya-global,Bengali,উজ্জ্বল,ADJECTIVE,3714,"(of sound or color) free from anything that dulls or dims; ""efforts to obtain a clean bass in orchestral recordings""; ""clear laughter like a waterfall""; ""clear reds and blues""; ""a light lilting voice like a silver bell""","(of sound or color) free from anything that dulls or dims; ""efforts to obtain a clean bass in orchestral recordings""; ""clear laughter like a waterfall""; ""clear reds and blues""; ""a light lilting voice like a silver bell""",one of the evil spirits of traditional Jewish and Christian belief,0,1,False
tiny-aya-global,Bengali,জলবাহিত,ADJECTIVE,1127,of or relating to alluvium,of or relating to alluvium,the largest of the islands comprising Saint Christopher-Nevis,0,1,False
tiny-aya-global,Bengali,রাইফেল,NOUN,6346,"a shoulder firearm with a long barrel and a rifled bore; ""he lifted the rifle to his shoulder and fired""","a shoulder firearm with a long barrel and a rifled bore; ""he lifted the rifle to his shoulder and fired""",someone who plays the bagpipe,0,1,False
tiny-aya-global,Bengali,আল,NOUN,32105,a toxin resembling bacterial toxins in its antigenic properties that is found in the fluids of certain animals,any of various fixed orders of the various diatonic notes within an octave,"crack due to dehydration; ""My lips chap in this dry weather""",2,1,False
tiny-aya-global,Bengali,নীলগিরি পর্বত,NOUN,24990,hills in southern India,"overthrow by argument, evidence, or proof; ""The speaker refuted his opponent' s arguments""",hills in southern India,1,2,False
tiny-aya-global,Bengali,সমুদ্র,NOUN,2650,a division of an ocean or a large body of salt water partially enclosed by land,a division of an ocean or a large body of salt water partially enclosed by land,systematic investigation to establish facts,0,1,False
tiny-aya-global,Bengali,পকেট,NOUN,28477,"a small isolated group of people; ""they were concentrated in pockets inside the city""; ""the battle was won except for cleaning up pockets of resistance""","a small isolated group of people; ""they were concentrated in pockets inside the city""; ""the battle was won except for cleaning up pockets of resistance""",the boundary line or the area immediately inside the boundary,0,1,False
tiny-aya-global,Bengali,সঠিক চিহ্ন. স্বীকৃতি চিহ্ন,NOUN,276,"a mark indicating that something has been noted or completed etc.; ""as he called the role he put a check mark by each student' s name""","a mark indicating that something has been noted or completed etc.; ""as he called the role he put a check mark by each student' s name""",something (such as money) given or received as payment or reparation (as for a service or loss or injury),0,1,False
tiny-aya-global,Bengali,ফাউনটেন পেন,NOUN,10624,a pen that is supplied with ink from a reservoir in its barrel,"(of a piece of ground) not have a crop sown on it; ""farmland still unsown""",a pen that is supplied with ink from a reservoir in its barrel,1,2,False
tiny-aya-global,Bengali,গাঢ় করা,VERB,20400,"cook until very little liquid is left; ""The cook reduced the sauce by boiling it for a long time""","cook until very little liquid is left; ""The cook reduced the sauce by boiling it for a long time""",the main good female character in a work of fiction,0,1,False
tiny-aya-global,Bengali,মহানদী,NOUN,26621,"a large natural stream of water (larger than a creek); ""the river was navigable for 50 miles""",jewelry consisting of a cord or chain (often bearing gems) worn about the neck as an ornament (especially by women),"a large natural stream of water (larger than a creek); ""the river was navigable for 50 miles""",1,2,False
tiny-aya-global,Bengali,অদূরদর্শী,ADJECTIVE,2679,"lacking foresight or scope; ""a short view of the problem""; ""shortsighted policies""; ""shortsighted critics derided the plan""; ""myopic thinking""","lacking foresight or scope; ""a short view of the problem""; ""shortsighted policies""; ""shortsighted critics derided the plan""; ""myopic thinking""","being without a bone or bones; ""jellyfish are boneless""",0,1,False
tiny-aya-global,Bengali,অস্থায়ী,ADJECTIVE,34074,"easily or conveniently transported; ""a portable television set""","to or in any or all places; ""You find fast food stores everywhere""; ""people everywhere are becoming aware of the problem""; ""he carried a gun everywhere he went""; ""looked all over for a suitable gift""; (`everyplace'  is used informally for `everywhere' )","hide from view or knowledge; ""The President covered the fact that he bugged the offices in the White House""",2,1,False
tiny-aya-global,Bengali,সাবমারসিবল,NOUN,29055,an apparatus intended for use under water,an optically inactive alcohol that is a component of the vitamin B complex,an apparatus intended for use under water,1,2,False
tiny-aya-global,Bengali,ভাঁড়ার,NOUN,3377,"a depository for goods; ""storehouses were built close to the docks""",kitchen appliance used for baking or roasting,"a necklace made by a stringing objects together; ""a string of beads""; ""a strand of pearls"";",2,1,False
tiny-aya-global,Bengali,অনুষ্ঠান,NOUN,12841,"the act of starting something; ""he was responsible for the beginning of negotiations""",a region marked off for administrative or other purposes,"the act of starting something; ""he was responsible for the beginning of negotiations""",1,1,True
tiny-aya-global,Bengali,বৃহত্তম,ADJECTIVE,10793,"large and impressive in physical size or extent; ""the bridge is a grand structure""",take a short break from one' s activities in order to relax,"large and impressive in physical size or extent; ""the bridge is a grand structure""",1,2,False
tiny-aya-global,Bengali,স্হিতিস্হাপক,ADJECTIVE,30178,"capable of being shaped or bent or drawn out; ""ductile copper""; ""malleable metals such as gold""; ""they soaked the leather to made it pliable""; ""pliant molten glass""; ""made of highly tensile steel alloy""",an optically inactive alcohol that is a component of the vitamin B complex,a furnace for firing or burning or drying such things as porcelain or bricks,2,2,True
tiny-aya-global,Bengali,বাধা,NOUN,26916,a structure or object that impedes free movement,a structure or object that impedes free movement,Old World herb with aromatic leaves and seed resembling parsley,0,1,False
tiny-aya-global,Bengali,ফেটে যাওয়া,VERB,18968,"crack due to dehydration; ""My lips chap in this dry weather""","crack due to dehydration; ""My lips chap in this dry weather""",a letter of the alphabet standing for a spoken consonant,0,1,False
tiny-aya-global,Bengali,অস্ট্রেলিয়ান,NOUN,20405,a native or inhabitant of Australia,"show devotion to (a deity); ""Many Hindus worship Shiva""",a tall perennial woody plant having a main trunk and branches forming a distinct elevated crown; includes both gymnosperms and angiosperms,2,2,True
tiny-aya-global,Bengali,চলা,VERB,5367,"use one' s feet to advance; advance by steps; ""Walk, don' t run!""; ""We walked instead of driving""; ""She walks with a slight limp""; ""The patient cannot walk yet""; ""Walk over to the cabinet""","use one' s feet to advance; advance by steps; ""Walk, don' t run!""; ""We walked instead of driving""; ""She walks with a slight limp""; ""The patient cannot walk yet""; ""Walk over to the cabinet""",(Hinduism) a Hindu caste or distinctive social group of which there are thousands throughout India; a special characteristic is often the exclusive occupation of its male members (such as barber or potter),0,1,False
tiny-aya-global,Bengali,বোঝাপড়া,NOUN,66,the quality of agreeing; being suitable and appropriate,the quality of agreeing; being suitable and appropriate,"goddess of war; a malevolent aspect of Devi; ""the inaccessible""",0,1,False
tiny-aya-global,Bengali,শ্বাস,NOUN,13930,the act of inhaling; the drawing in of air (or other gases) as in breathing,a prince or king in India,the act of inhaling; the drawing in of air (or other gases) as in breathing,1,2,False
tiny-aya-global,Bengali,সম্মেলন,NOUN,10830,a prearranged meeting for consultation or exchange of information or discussion (especially one with a formal agenda),a prearranged meeting for consultation or exchange of information or discussion (especially one with a formal agenda),a grammatical category in inflected languages governing the agreement between nouns and pronouns and adjectives; in some languages it is quite arbitrary but in Indo-European languages it is usually based on sex or animateness,0,1,False
tiny-aya-global,Bengali,সাম্রাজ্য,NOUN,28404,a monarchy with an emperor as head of state,an imaginary being of myth or fable,"causing or marked by grief or anguish; ""a grievous loss""; ""a grievous cry""; ""her sigh was heartbreaking""; ""the heartrending words of Rabin' s granddaughter""",2,2,True
tiny-aya-global,Bengali,পাশী,NOUN,31556,an imaginary being of myth or fable,a region marked off for administrative or other purposes,conduit consisting of a long hollow object (usually cylindrical) used to hold and conduct objects or liquids or gases,2,1,False
tiny-aya-global,Bengali,তিতির পাখি,NOUN,29546,flesh of quail; suitable for roasting or broiling if young; otherwise must be braised,"grant use or occupation of under a term of contract; ""I am leasing my country estate to some foreigners""","deeply absorbed in thought; ""as distant and bemused as a professor listening to the prattling of his freshman class""; ""lost in thought""; ""a preoccupied frown""",2,2,True
tiny-aya-global,Bengali,ছিরোটা,NOUN,17406,"a plant with a weak stem that derives support from climbing, twining, or creeping along a surface",clock that measures time by the escape of water,"a plant with a weak stem that derives support from climbing, twining, or creeping along a surface",1,1,True
tiny-aya-global,Bengali,উক্তি,NOUN,1585,"something spoken; ""he could hear them uttering merry speeches""","something spoken; ""he could hear them uttering merry speeches""",something (such as money) given or received as payment or reparation (as for a service or loss or injury),0,1,False
tiny-aya-global,Bengali,সুইট,NOUN,26861,apartment consisting of a series of connected rooms used as a living unit (as in a hotel),the capital of Singapore; one of the world' s biggest ports,"not favorable; ""made an unfavorable impression""; ""unfavorable reviews""",2,1,False
tiny-aya-global,Bengali,নৌকাবিহার,NOUN,30214,water travel for pleasure,"utter a sudden loud cry; ""she cried with pain when the doctor inserted the needle""; ""I yelled to her from the window but she couldn' t hear me""",a brittle transparent solid with irregular atomic structure,2,1,False
tiny-aya-global,Bengali,লিসবন,NOUN,24217,capital and largest city and economic and cultural center of Portugal; a major port in western Portugal on Tagus River where it broadens and empties into the Atlantic,a living thing that has (or can develop) the ability to act or function independently,capital and largest city and economic and cultural center of Portugal; a major port in western Portugal on Tagus River where it broadens and empties into the Atlantic,1,2,False
tiny-aya-global,Bengali,বর্ষাকালীন,ADJECTIVE,7158,"(of weather) wet by periods of rain; ""showery weather""; ""rainy days""",jewelry to ornament the ear; usually clipped to the earlobe or fastened through a hole in the lobe,"(of weather) wet by periods of rain; ""showery weather""; ""rainy days""",1,2,False
tiny-aya-global,Bengali,নিগম সংক্রান্ত,ADJECTIVE,34849,"of or belonging to a corporation; ""corporate rates""; ""corporate structure""","of or belonging to a corporation; ""corporate rates""; ""corporate structure""","of or relating to the nations of Africa or their peoples; ""African languages""",0,1,False
tiny-aya-global,Bengali,পরশুরাম,NOUN,8038,an incarnation of Vishnu who rid the earth of Kshatriyas,"the manifestation of a Hindu deity (especially Vishnu) in human or superhuman or animal form; ""the Buddha is considered an avatar of the god Vishnu""",an incarnation of Vishnu who rid the earth of Kshatriyas,1,1,True
tiny-aya-global,Bengali,প্রতিবর্তী ক্রিয়া,NOUN,8440,an automatic instinctive unlearned reaction to a stimulus,an automatic instinctive unlearned reaction to a stimulus,formerly the basic unit of money in Luxembourg,0,1,False
tiny-aya-global,Bengali,সংক্রমণ,NOUN,8121,(medicine) the invasion of the body by pathogenic microorganisms and their multiplication which can lead to tissue damage and disease,"a large natural stream of water (larger than a creek); ""the river was navigable for 50 miles""",(medicine) the invasion of the body by pathogenic microorganisms and their multiplication which can lead to tissue damage and disease,1,2,False
tiny-aya-global,Bengali,কট্টর,ADJECTIVE,22178,"firm and uncompromising; ""a hard-line policy""",large long-necked wading bird of marshes and plains in many parts of the world,any of various plants of the genus Sesbania having pinnate leaves and large showy pea-like flowers,2,1,False
tiny-aya-global,Bengali,সংস্থা,NOUN,2768,"a custom that for a long time has been an important feature of some group or society; ""the institution of marriage""; ""the institution of slavery""; ""he had become an institution in the theater""","travelling about without any clear destination; ""she followed him in his wanderings and looked after him""",one of the evil spirits of traditional Jewish and Christian belief,2,2,True
tiny-aya-global,Bengali,বাইরে বার করে রাখা,ADJECTIVE,35470,"come upon unexpectedly or after searching; ""found art""; ""the lost-and-found department""","travelling about without any clear destination; ""she followed him in his wanderings and looked after him""","come upon unexpectedly or after searching; ""found art""; ""the lost-and-found department""",1,1,True
tiny-aya-global,Bengali,লাতুর জেলা,NOUN,24611,a region marked off for administrative or other purposes,a region marked off for administrative or other purposes,an imaginary being of myth or fable,0,1,False
tiny-aya-global,Bengali,থলে,NOUN,12888,a large bag (or pair of bags) hung over a saddle,a large bag (or pair of bags) hung over a saddle,"(classical mythology) a minor nature goddess usually depicted as a beautiful maiden; ""the ancient Greeks believed that nymphs inhabited forests and bodies of water""",0,1,False
tiny-aya-global,Bengali,নেওয়া,VERB,12022,"accept as a challenge; ""I' ll tackle this difficult task""","in the original or natural place or site; ""carcinoma in situ""; ""the archeologists left the pottery in place""",place of worship consisting of an edifice for the worship of a deity,2,1,False
tiny-aya-global,Bengali,বিঘা,NOUN,1943,how much there is of something that you can quantify,"not made explicit; ""the unexpressed terms of the agreement""; ""things left unsaid""; ""some kind of unspoken agreement""; ""his action is clear but his reason remains unstated""","destroy completely; ""the wrecking ball demolished the building""; ""demolish your enemies""; ""pulverize the rebellion before it gets out of hand""",2,1,False
tiny-aya-global,Bengali,উপনাহ,NOUN,7925,a medical dressing consisting of a soft heated mass of meal or clay that is spread on a cloth and applied to the skin to treat inflamed areas or improve circulation etc.,"in regular succession without gaps; ""serial concerts""",a medical dressing consisting of a soft heated mass of meal or clay that is spread on a cloth and applied to the skin to treat inflamed areas or improve circulation etc.,1,1,True
tiny-aya-global,Bengali,স্বাস্থ্যবিজ্ঞান,NOUN,32651,the science concerned with the prevention of illness and maintenance of health,"(of a clause) capable of standing syntactically alone as a complete sentence; ""the main (or independent) clause in a complex sentence has at least a subject and a verb""",the science concerned with the prevention of illness and maintenance of health,1,2,False
tiny-aya-global,Bengali,রিফ,NOUN,27376,a submerged ridge of rock or coral near the surface of the water,a submerged ridge of rock or coral near the surface of the water,move or pull with a sudden motion,0,1,False
tiny-aya-global,Bengali,আটকে যাওয়া,VERB,12319,"twist together or entwine into a confusing mass; ""The child entangled the cord""","twist together or entwine into a confusing mass; ""The child entangled the cord""","an accommodation in which both sides make concessions; ""the newly elected congressmen rejected a compromise because they considered it `business as usual' """,0,1,False
tiny-aya-global,Bengali,চিকিত্সা শাস্ত্র,NOUN,10568,branch of medicine concerned with the treatment of disease,brown-speckled European lark noted for singing while hovering at a great height,"a large natural stream of water (larger than a creek); ""the river was navigable for 50 miles""",2,2,True
tiny-aya-global,Bengali,ঢুকিয়ে দেওয়া,VERB,4749,"poke or thrust abruptly; ""he jabbed his finger into her ribs""",persistent determination,a region marked off for administrative or other purposes,2,2,True
tiny-aya-global,Bengali,মালগাড়ি,NOUN,14666,a railroad train consisting of freight cars,a northwestern arm of the Indian Ocean between India and Arabia,a railroad train consisting of freight cars,1,2,False
tiny-aya-global,Bengali,পানামা সিটি,NOUN,23957,the capital and largest city of Panama,a monarchy with an emperor as head of state,the capital and largest city of Panama,1,2,False
tiny-aya-global,Bengali,সত্যকেতু,NOUN,31228,an imaginary being of myth or fable,a food rich in sugar,a public promotion of some product or service,2,2,True
tiny-aya-global,Bengali,কীলাল,NOUN,33298,"any liquid suitable for drinking; ""may I take your beverage order?""",the act of damaging something or someone,"any liquid suitable for drinking; ""may I take your beverage order?""",1,1,True
tiny-aya-global,Bengali,লাতভিয়া,NOUN,19284,a republic in northeastern Europe on the eastern coast of the Baltic Sea,"having the limits or boundaries established; ""a delimited frontier through the disputed region""","a plant with a weak stem that derives support from climbing, twining, or creeping along a surface",2,1,False
tiny-aya-global,Bengali,আক্রমিতা,NOUN,32691,the main good female character in a work of fiction,a region marked off for administrative or other purposes,any of various fixed orders of the various diatonic notes within an octave,2,2,True
tiny-aya-global,Bengali,সর্বোত্কৃষ্ট,NOUN,28409,"the best people or things in a group; ""the cream of England' s young men were killed in the Great War""",not measured,"a periodically repeated sequence of events; ""a cycle of reprisal and retaliation""",2,1,False
tiny-aya-global,Bengali,বিচার্য,ADJECTIVE,1350,"worthy of notice; ""a noteworthy fact is that her students rarely complain""; ""a remarkable achievement""","capable of being shaped or bent or drawn out; ""ductile copper""; ""malleable metals such as gold""; ""they soaked the leather to made it pliable""; ""pliant molten glass""; ""made of highly tensile steel alloy""",successive generations of kin,2,1,False
tiny-aya-global,Bengali,প্রস্রাব,NOUN,9948,the discharge of urine,an artisan who makes jewelry and other objects out of gold,the discharge of urine,1,2,False
tiny-aya-global,Bengali,পালামু জেলা,NOUN,26083,a region marked off for administrative or other purposes,a region marked off for administrative or other purposes,yellowing of the skin and the whites of the eyes caused by an accumulation of bile pigment (bilirubin) in the blood; can be a symptom of gallstones or liver infection or anemia,0,1,False
tiny-aya-global,Bengali,হমিরপুর জেলা,NOUN,25786,a region marked off for administrative or other purposes,"not derived or copied or translated from something else; ""the play is original; not an adaptation""; ""he kept the original copy and gave her only a xerox""; ""the translation misses much of the subtlety of the original French""","in a surprising manner; ""he was surprisingly friendly""",2,1,False
tiny-aya-global,Bengali,হিমাচল প্রদেশ,NOUN,6357,"the territory occupied by one of the constituent administrative districts of a nation; ""his state is in the deep south""","the arrangement of the body and its limbs; ""he assumed an attitude of surrender""",a large bag (or pair of bags) hung over a saddle,2,1,False
tiny-aya-global,Bengali,জনগণ,NOUN,4076,"the body of citizens of a state or country; ""the Spanish people""",the male of species Equus caballus,"the body of citizens of a state or country; ""the Spanish people""",1,2,False
tiny-aya-global,Bengali,কটনি,NOUN,24688,"a large and densely populated urban area; may include several independent administrative districts; ""Ancient Troy was a great city""",the male of species Equus caballus,"a large and densely populated urban area; may include several independent administrative districts; ""Ancient Troy was a great city""",1,1,True
tiny-aya-global,Bengali,রক্তদান,NOUN,76,act of giving in common with others for a common purpose especially to a charity,a garment size for a small person,a region marked off for administrative or other purposes,2,2,True
tiny-aya-global,Bengali,প্রথম,ADJECTIVE,6963,indicating the beginning unit in a series,indicating the beginning unit in a series,a writer of poems (the term is usually reserved for writers of good poetry),0,1,False
tiny-aya-global,Bengali,ভর্তি করানো,VERB,34935,"admit into a hospital; ""Mother had to be hospitalized because her blood pressure was too high""","admit into a hospital; ""Mother had to be hospitalized because her blood pressure was too high""","public transport consisting of a fast train or bus that makes only a few scheduled stops; ""he caught the express to New York""",0,1,False
tiny-aya-global,Bengali,শ্যাম্পেন,NOUN,14314,a white sparkling wine either produced in Champagne or resembling that produced there,the condition of prospering; having good fortune,a white sparkling wine either produced in Champagne or resembling that produced there,1,2,False
tiny-aya-global,Bengali,জেত ঋষি,NOUN,29607,a mentor in spiritual and philosophical topics who is renowned for profound wisdom,a mentor in spiritual and philosophical topics who is renowned for profound wisdom,a defamatory or abusive word or phrase,0,1,False
tiny-aya-global,Bengali,বদ্ধ,ADJECTIVE,25207,not allowing air or gas to pass in or out,an angle of 180 degrees,not allowing air or gas to pass in or out,1,2,False
tiny-aya-global,Bengali,মঙ্গোলীয়া,NOUN,21058,a landlocked socialist republic in central Asia,a widely used search engine that uses text-matching techniques to find web pages that are important and relevant to a user' s search,small crude shelter used as a dwelling,2,2,True
tiny-aya-global,Bengali,এপ্রিল,NOUN,10842,the month following March and preceding May,black tea grown in China,a motor hotel,2,1,False
tiny-aya-global,Bengali,রুমানি আম,NOUN,21308,large evergreen tropical tree cultivated for its large oval fruit,large evergreen tropical tree cultivated for its large oval fruit,"deeply absorbed in thought; ""as distant and bemused as a professor listening to the prattling of his freshman class""; ""lost in thought""; ""a preoccupied frown""",0,2,False
tiny-aya-global,Bengali,প্রামাণ্য,NOUN,13863,"something (such as a fact or circumstance) that shows an action to be reasonable or necessary; ""he considered misrule a justification for revolution""","something (such as a fact or circumstance) that shows an action to be reasonable or necessary; ""he considered misrule a justification for revolution""",a mentor in spiritual and philosophical topics who is renowned for profound wisdom,0,1,False
tiny-aya-global,Bengali,শামিয়ানা,NOUN,5851,large and often sumptuous tent,the speech act of disagreeing or arguing or disputing,large and often sumptuous tent,1,2,False
tiny-aya-global,Bengali,বাজার,NOUN,5303,a street of small shops (especially in Orient),the cardinal number that is the product of ten and seven,a street of small shops (especially in Orient),1,2,False
tiny-aya-global,Bengali,উদ্বৃত্ত,NOUN,35268,a quantity much larger than is needed,a quantity much larger than is needed,jewelry consisting of a cord or chain (often bearing gems) worn about the neck as an ornament (especially by women),0,1,False
tiny-aya-global,Bengali,গডগ জেলা,NOUN,24783,a region marked off for administrative or other purposes,a farmer who works land owned by someone else,a region marked off for administrative or other purposes,1,2,False
tiny-aya-global,Bengali,শ্রীনগর জেলা,NOUN,25878,a region marked off for administrative or other purposes,an imaginary being of myth or fable,an intensely radioactive metallic element that occurs in minute amounts in uranium ores,2,2,True
tiny-aya-global,Bengali,নিতবর,NOUN,34229,a male attendant of the bridegroom at a wedding,a male attendant of the bridegroom at a wedding,"an actor' s portrayal of someone in a play; ""she played the part of Desdemona""",0,1,False
tiny-aya-global,Bengali,গোভিল,NOUN,29085,a mentor in spiritual and philosophical topics who is renowned for profound wisdom,apartment consisting of a series of connected rooms used as a living unit (as in a hotel),a mentor in spiritual and philosophical topics who is renowned for profound wisdom,1,2,False
tiny-aya-global,Bengali,সোনপুর,NOUN,25078,"a large and densely populated urban area; may include several independent administrative districts; ""Ancient Troy was a great city""",the lowest of the four varnas: the servants and workers of low status,"restore to a previous or better condition; ""They renovated the ceiling of the Sistine Chapel""",2,1,False
tiny-aya-global,Bengali,অতিপ্রবাহ,NOUN,28511,the occurrence of surplus liquid (as water) exceeding the limit or capacity,"a necklace made by a stringing objects together; ""a string of beads""; ""a strand of pearls"";",optical device having a triangular shape and made of glass or quartz; used to deviate a beam or invert an image,2,1,False
tiny-aya-global,Bengali,হেডন আমের গাছে,NOUN,21640,large evergreen tropical tree cultivated for its large oval fruit,an imaginary being of myth or fable,a railroad train consisting of freight cars,2,1,False
tiny-aya-global,Bengali,উঁচু,ADJECTIVE,1680,"(literal meaning) being at or having a relatively great or specific elevation or upward extension (sometimes used in combinations like `knee-high' ); ""a high mountain""; ""high ceilings""; ""high buildings""; ""a high forehead""; ""a high incline""; ""a foot high""",East Indian evergreen tree bearing very acid fruit,"(literal meaning) being at or having a relatively great or specific elevation or upward extension (sometimes used in combinations like `knee-high' ); ""a high mountain""; ""high ceilings""; ""high buildings""; ""a high forehead""; ""a high incline""; ""a foot high""",1,2,False
tiny-aya-global,Bengali,রেফারি,NOUN,10643,(sports) the chief official (as in boxing or American football) who is expected to ensure fair play,(biology) an organism that has characteristics resulting from chromosomal alteration,(sports) the chief official (as in boxing or American football) who is expected to ensure fair play,1,2,False
tiny-aya-global,Bengali,আইন,NOUN,965,"legal document setting forth rules governing a particular kind of activity; ""there is a law against kidnapping""",take a short break from one' s activities in order to relax,the act of inducing hypnosis,2,1,False
tiny-aya-global,Bengali,সম্মতি,ADJECTIVE,16298,"intentional or planned; ""your intended trip abroad""; ""an intended insult""","intentional or planned; ""your intended trip abroad""; ""an intended insult""",a mentor in spiritual and philosophical topics who is renowned for profound wisdom,0,1,False
tiny-aya-global,Bengali,বাহুমূল,NOUN,14793,the part of the body between the neck and the upper arm,the part of the body between the neck and the upper arm,"drawn out or made longer spatially; ""Picasso' s elongated Don Quixote""; ""lengthened skirts are fashionable this year""; ""the extended airport runways can accommodate larger planes""; ""a prolonged black line across the page""",0,1,False
tiny-aya-global,Bengali,কোপেশ্বর,NOUN,30196,place of worship consisting of an edifice for the worship of a deity,one of the evil spirits of traditional Jewish and Christian belief,place of worship consisting of an edifice for the worship of a deity,1,1,True
tiny-aya-global,Bengali,পুরু,NOUN,26640,an imaginary being of myth or fable,an imaginary being of myth or fable,successive generations of kin,0,2,False
tiny-aya-global,Bengali,উত্তরজীবীতা,NOUN,27923,a state of surviving; remaining alive,"the territory occupied by one of the constituent administrative districts of a nation; ""his state is in the deep south""",a state of surviving; remaining alive,1,2,False
tiny-aya-global,Bengali,দুগাসরা,NOUN,29776,a settlement smaller than a town,the first of a series of actions,a settlement smaller than a town,1,2,False
tiny-aya-global,Bengali,রাখাল,NOUN,5012,someone who drives a herd,someone who drives a herd,"move with force, ""He pushed the table into a corner""",0,1,False
tiny-aya-global,Bengali,চন্দৌলি জেলা,NOUN,24572,a region marked off for administrative or other purposes,the cardinal compass point that is a 270 degrees,a region marked off for administrative or other purposes,1,2,False
tiny-aya-global,Bengali,বেচা-কেনা করা,VERB,35994,"engage in the trade of; ""he is merchandising telephone sets""","engage in the trade of; ""he is merchandising telephone sets""",an imaginary being of myth or fable,0,1,False
tiny-aya-global,Bengali,দ্রুত,ADJECTIVE,5118,"characterized by speed; moving with or capable of moving with high speed; ""a rapid movement""; ""a speedy car""; ""a speedy errand boy""",an electrical device that sends or receives radio or television signals,"overthrow by argument, evidence, or proof; ""The speaker refuted his opponent' s arguments""",2,2,True
tiny-aya-global,Bengali,বশিষ্ঠ,NOUN,14283,a mentor in spiritual and philosophical topics who is renowned for profound wisdom,qualified by reservations,large evergreen tropical tree cultivated for its large oval fruit,2,2,True
tiny-aya-global,Bengali,স্লাইড,NOUN,19592,plaything consisting of a sloping chute down which children can slide,"become bigger or greater in amount; ""The amount of work increased""","catch with a lasso; ""rope cows""",2,1,False
tiny-aya-global,Bengali,মুলতানি মাটি,NOUN,8080,an absorbent soil resembling clay; used in fulling (shrinking and thickening) woolen cloth and as an adsorbent,"a large natural stream of water (larger than a creek); ""the river was navigable for 50 miles""",an absorbent soil resembling clay; used in fulling (shrinking and thickening) woolen cloth and as an adsorbent,1,2,False
tiny-aya-global,Bengali,তর্পণ,NOUN,25690,the act of pouring a liquid offering (especially wine) as a religious ceremony,the act of pouring a liquid offering (especially wine) as a religious ceremony,someone who organizes an exhibit for others to see,0,1,False
tiny-aya-global,Bengali,বিধি সংকলন,NOUN,28388,"the collection of rules imposed by authority; ""civilization presupposes respect for the law""; ""the great problem for jurisprudence to allow freedom while enforcing order""",a region marked off for administrative or other purposes,"the collection of rules imposed by authority; ""civilization presupposes respect for the law""; ""the great problem for jurisprudence to allow freedom while enforcing order""",1,2,False
tiny-aya-global,Bengali,সামন্ততান্ত্রিক,ADJECTIVE,16040,of or relating to or characteristic of feudalism,of or relating to or characteristic of feudalism,the government building that serves as the residence and office of the President of the United States,0,1,False
tiny-aya-global,Bengali,অসুরক্ষিত,ADJECTIVE,27745,"lacking protection or a guard; ""an unguarded gate""; ""his unguarded queen was open to attack""","lacking protection or a guard; ""an unguarded gate""; ""his unguarded queen was open to attack""",the act of signaling by a movement of the hand,0,1,False
tiny-aya-global,Bengali,ধন্বন্তরী,NOUN,5796,a deity worshipped by the Hindus,a deity worshipped by the Hindus,a widely used search engine that uses text-matching techniques to find web pages that are important and relevant to a user' s search,0,1,False
tiny-aya-global,Bengali,আমেরিকা,NOUN,7867,North American republic containing 50 states - 48 conterminous states in North America plus Alaska in northwest North America and the Hawaiian Islands in the Pacific Ocean; achieved independence in 1776,North American republic containing 50 states - 48 conterminous states in North America plus Alaska in northwest North America and the Hawaiian Islands in the Pacific Ocean; achieved independence in 1776,the sacred city of Lamaism; known as the Forbidden City for its former inaccessibility and hostility to strangers,0,1,False
tiny-aya-global,Bengali,জোয়ালী,NOUN,19974,"dry seedlike fruit produced by the cereal grasses: e.g. wheat, barley, Indian corn","a practice session in preparation for a public performance (as of a play or speech or concert); ""he missed too many rehearsals""; ""a rehearsal will be held the day before the wedding""","a large natural stream of water (larger than a creek); ""the river was navigable for 50 miles""",2,1,False
tiny-aya-global,Bengali,মুদ্রা,NOUN,7712,"the arrangement of the body and its limbs; ""he assumed an attitude of surrender""","knock against with force or violence; ""My car bumped into the tree""",a punctuation mark used to attribute the enclosed text to someone else,2,1,False
tiny-aya-global,Bengali,রায়গড় জেলা,NOUN,24612,a region marked off for administrative or other purposes,"the prevention of something increasing or spreading (especially the prevention of an increase in the number of countries possessing nuclear weapons); ""they protested that the nonproliferation treaty was just a plot to maintain the hegemony of those who already had nuclear weapons""; ""nuclear disarmament and nonproliferation are closely related goals""","the civil and religious leader of a Muslim state considered to be a representative of Allah on earth; ""many radical Muslims believe a Khalifah will unite all Islamic lands and people and subjugate the rest of the world""",2,2,True
tiny-aya-global,Bengali,সুরুচি,NOUN,10255,an imaginary being of myth or fable,a region marked off for administrative or other purposes,an imaginary being of myth or fable,1,2,False
tiny-aya-global,Bengali,সমাজ,NOUN,2519,"a human being; ""there was too much for one person to do""","a human being; ""there was too much for one person to do""",a chemical used to kill pests (as rodents or insects),0,1,False
tiny-aya-global,Bengali,ধৃষ্টদ্যুম্ন,NOUN,19328,a prince or king in India,(used of persons or things military) without protective armor,a prince or king in India,1,2,False
tiny-aya-global,Bengali,অনন্তপুর,NOUN,24843,"a large and densely populated urban area; may include several independent administrative districts; ""Ancient Troy was a great city""","be dressed in; ""She was wearing yellow that day""",tropical American thorny shrub or small tree; fragrant yellow flowers used in making perfumery,2,2,True
tiny-aya-global,Bengali,অস্পষ্টতা,NOUN,3113,incomprehensibility as a result of not being clear,apply a heavy coat to,move or pull with a sudden motion,2,1,False
tiny-aya-global,Bengali,হাসিখুশি,ADJECTIVE,7524,"full of spirit; ""a dynamic full of life woman""; ""a vital and charismatic leader""; ""this whole lively world""","(usually plural) a statement of what is required as part of an agreement; ""the contract set out the conditions of the lease""; ""the terms of the treaty were generous""","full of spirit; ""a dynamic full of life woman""; ""a vital and charismatic leader""; ""this whole lively world""",1,2,False
tiny-aya-global,Bengali,আত্রেয়,NOUN,32882,"a large indefinite location on the surface of the Earth; ""penguins inhabit the polar regions""",massive powerful herbivorous odd-toed ungulate of southeast Asia and Africa having very thick skin and one or two horns on the snout,"of or relating to the nations of Africa or their peoples; ""African languages""",2,1,False
tiny-aya-global,Bengali,আলখাল্লা,NOUN,12785,"clothing of a distinctive style or for a particular occasion; ""formal attire""; ""battle dress""","a periodically repeated sequence of events; ""a cycle of reprisal and retaliation""","clothing of a distinctive style or for a particular occasion; ""formal attire""; ""battle dress""",1,2,False
tiny-aya-global,Bengali,স্ফূর্তিহীন,ADJECTIVE,2233,"feeling or showing little interest or enthusiasm; ""a halfhearted effort""; ""gave only lukewarm support to the candidate""","feeling or showing little interest or enthusiasm; ""a halfhearted effort""; ""gave only lukewarm support to the candidate""",not measured,0,1,False
tiny-aya-global,Bengali,রাও,NOUN,18559,a tall perennial woody plant having a main trunk and branches forming a distinct elevated crown; includes both gymnosperms and angiosperms,a soft heavy compact variety of talc having a soapy feel; used to make hearths and tabletops and ornaments,a land mass that projects well above its surroundings; higher than a hill,2,2,True
tiny-aya-global,Bengali,সব্য ঋষি,NOUN,29610,a mentor in spiritual and philosophical topics who is renowned for profound wisdom,the quality of agreeing; being suitable and appropriate,"become ground down or deteriorate; ""Her confidence eroded""",2,1,False
tiny-aya-global,Bengali,পিত্তজ্বর,NOUN,16460,yellowing of the skin and the whites of the eyes caused by an accumulation of bile pigment (bilirubin) in the blood; can be a symptom of gallstones or liver infection or anemia,yellowing of the skin and the whites of the eyes caused by an accumulation of bile pigment (bilirubin) in the blood; can be a symptom of gallstones or liver infection or anemia,"recurring again and again; ""perennial efforts to stipulate the requirements""",0,1,False
tiny-aya-global,Bengali,পরিকল্পনা থাকা,VERB,27662,"have the will and intention to carry out some action; ""He plans to be in graduate school next year""; ""The rebels had planned turmoil and confusion""","have the will and intention to carry out some action; ""He plans to be in graduate school next year""; ""The rebels had planned turmoil and confusion""",an imaginary being of myth or fable,0,1,False
tiny-aya-global,Bengali,তরমুজ,NOUN,8986,an African melon,an African melon,(Hinduism) a Hindu caste or distinctive social group of which there are thousands throughout India; a special characteristic is often the exclusive occupation of its male members (such as barber or potter),0,1,False
tiny-aya-global,Bengali,মিশন,NOUN,22959,an organization of missionaries in a foreign land sent to carry on religious work,"an accommodation in which both sides make concessions; ""the newly elected congressmen rejected a compromise because they considered it `business as usual' ""","of or relating to the nations of Africa or their peoples; ""African languages""",2,1,False
tiny-aya-global,Bengali,ঢোলা,VERB,5545,sleep lightly or for a short period of time,having your attention fixated as though by a spell,the continuum of experience in which events pass from the future through the present to the past,2,2,True
tiny-aya-global,Bengali,পুলবামা জেলা,NOUN,25874,a region marked off for administrative or other purposes,"assign a specified (usually proper) proper name to; ""They named their son David""; ""The new school was named after the famous Civil Rights leader""",a region marked off for administrative or other purposes,1,2,False
tiny-aya-global,Bengali,তাস,NOUN,24513,"a playing card with a specified number of pips on it to indicate its value; ""an eight spot""","(of textures) full of small openings or gaps; ""an open texture""; ""a loose weave""",(Hinduism) a Hindu caste or distinctive social group of which there are thousands throughout India; a special characteristic is often the exclusive occupation of its male members (such as barber or potter),2,1,False
tiny-aya-global,Bengali,ক্রোয়েশীয়,NOUN,19508,a member of the Slavic people living in Croatia,"a reception or party at which tea is served; ""we met at the Dean' s tea for newcomers""",a member of the Slavic people living in Croatia,1,2,False
tiny-aya-global,Bengali,বাহ্যকর্ণ,NOUN,31249,an imaginary being of myth or fable,"utter a sudden loud cry; ""she cried with pain when the doctor inserted the needle""; ""I yelled to her from the window but she couldn' t hear me""",a chordophone that has a triangular frame consisting of a sounding board and a pillar and a curved neck; the strings stretched between the neck and the soundbox are plucked with the fingers,2,1,False
tiny-aya-global,Bengali,শ্রম বিভাগ,NOUN,35085,an administrative unit in government or business,cover the entire range of,an administrative unit in government or business,1,2,False
tiny-aya-global,Bengali,ফুটপাত,NOUN,6629,"a path set aside for walking; ""after the blizzard he shoveled the front walk""",a region marked off for administrative or other purposes,"a path set aside for walking; ""after the blizzard he shoveled the front walk""",1,2,False
tiny-aya-global,Bengali,হংসমঙ্গলা,NOUN,20314,any of various fixed orders of the various diatonic notes within an octave,"in an optimal state of balance or equilibrium; ""a well-balanced wheel""",any of various fixed orders of the various diatonic notes within an octave,1,1,True
tiny-aya-global,Bengali,বেরৈ,NOUN,28989,fine powdery foodstuff obtained by grinding and sifting the meal of a cereal grain,the ordinal number of forty-nine in counting order,fine powdery foodstuff obtained by grinding and sifting the meal of a cereal grain,1,2,False
tiny-aya-global,Bengali,বিভাজ্য,ADJECTIVE,25293,"capable of being or liable to be divided or separated; ""even numbers are divisible by two""; ""the Americans fought a bloody war to prove that their nation is not divisible""","work done by one person or group that benefits another; ""budget separately for goods and services""",a repair shop where cars and trucks are serviced and repaired,2,1,False
tiny-aya-global,Bengali,প্রযুক্তি,ADJECTIVE,2081,"of or relating to technique; ""technical innovation in recent novels""; ""technical details""","twisted together in a tangled mass; ""toiled through entangled growths of mesquite""","of or relating to technique; ""technical innovation in recent novels""; ""technical details""",1,2,False
tiny-aya-global,Bengali,ঋজুকোণ,NOUN,23619,an angle of 180 degrees,an angle of 180 degrees,"having spots or patches (small areas of contrasting color or texture); ""a field patched with ice and snow""; ""the wall had a spotty speckled effect""; ""a black-and-white spotted cow""",0,1,False
tiny-aya-global,Bengali,মেমসাহেব,NOUN,14206,a married woman; a man' s partner in marriage,a fee paid for a nominally free service,"engage in delaying tactics or refuse to cooperate; ""The President stonewalled when he realized the plot was being uncovered by a journalist""",2,1,False
tiny-aya-global,Bengali,অনন্পূর্ণা,NOUN,6928,wife of Siva and a benevolent aspect of Devi: goddess of plenty,"the territory occupied by one of the constituent administrative districts of a nation; ""his state is in the deep south""",wife of Siva and a benevolent aspect of Devi: goddess of plenty,1,2,False
tiny-aya-global,Bengali,অসামান্য,ADJECTIVE,3662,"not common or ordinarily encountered; unusually great in amount or remarkable in character or kind; ""uncommon birds""; ""frost and floods are uncommon during these months""; ""doing an uncommon amount of business""; ""an uncommon liking for money""; ""he owed his greatest debt to his mother' s uncommon character and ability""","not common or ordinarily encountered; unusually great in amount or remarkable in character or kind; ""uncommon birds""; ""frost and floods are uncommon during these months""; ""doing an uncommon amount of business""; ""an uncommon liking for money""; ""he owed his greatest debt to his mother' s uncommon character and ability""","(classical mythology) a minor nature goddess usually depicted as a beautiful maiden; ""the ancient Greeks believed that nymphs inhabited forests and bodies of water""",0,1,False
tiny-aya-global,Bengali,মিস্ত্রী,NOUN,4341,"a creator of great skill in the manual arts; ""the jewelry was made by internationally famous craftsmen""","a creator of great skill in the manual arts; ""the jewelry was made by internationally famous craftsmen""",widely cultivated American plant cultivated in tropical and warm regions; showy yellow flowers on stalks that bend over to the soil so that seed pods ripen underground,0,1,False
tiny-aya-global,Bengali,আমাজন নদী,NOUN,24450,a major South American river; arises in the Andes and flows eastward into the South Atlantic; the world' s 2nd longest river (4000 miles),"the prevention of something increasing or spreading (especially the prevention of an increase in the number of countries possessing nuclear weapons); ""they protested that the nonproliferation treaty was just a plot to maintain the hegemony of those who already had nuclear weapons""; ""nuclear disarmament and nonproliferation are closely related goals""",a major South American river; arises in the Andes and flows eastward into the South Atlantic; the world' s 2nd longest river (4000 miles),1,2,False
tiny-aya-global,Bengali,জাঙ্গিয়া,NOUN,8836,underpants worn by men,any of various fixed orders of the various diatonic notes within an octave,"public transport consisting of a fast train or bus that makes only a few scheduled stops; ""he caught the express to New York""",2,2,True
tiny-aya-global,Bengali,লুটে নেওয়া,VERB,11742,"take illegally; of intellectual property; ""This writer plundered from famous authors""","take illegally; of intellectual property; ""This writer plundered from famous authors""",the fatty network of connective tissue that fills the cavities of bones,0,1,False
tiny-aya-global,Bengali,কেকী,NOUN,7541,male peafowl; having a crested head and very large fanlike tail marked with iridescent eyes or spots,male peafowl; having a crested head and very large fanlike tail marked with iridescent eyes or spots,"a craft capable of traveling in outer space; technically, a satellite around the sun",0,1,False
tiny-aya-global,Bengali,সুমেরু,NOUN,29864,(prosody) a system of versification,a canopy made of canvas to shelter people or things from rain or sun,(prosody) a system of versification,1,1,True
tiny-aya-global,Bengali,থিম্পু,NOUN,30338,the capital city of a nation,wife of Siva and a benevolent aspect of Devi: goddess of plenty,the language of Persia (Iran) in any of its ancient forms,2,1,False
tiny-aya-global,Bengali,যুবনাশ্ব,NOUN,29392,an imaginary being of myth or fable,an imaginary being of myth or fable,"legal document setting forth rules governing a particular kind of activity; ""there is a law against kidnapping""",0,1,False
tiny-aya-global,Bengali,কাঙালপনা,NOUN,6201,the state of having little or no money and few or no material possessions,the state of having little or no money and few or no material possessions,the inner or enclosed surface of something,0,1,False
tiny-aya-global,Bengali,মন্দা,NOUN,12665,a long-term economic state characterized by unemployment and low prices and low levels of trade and investment,a long-term economic state characterized by unemployment and low prices and low levels of trade and investment,"destroy completely; ""the wrecking ball demolished the building""; ""demolish your enemies""; ""pulverize the rebellion before it gets out of hand""",0,1,False
tiny-aya-global,Bengali,কারগিল,NOUN,25863,"a large and densely populated urban area; may include several independent administrative districts; ""Ancient Troy was a great city""","a large and densely populated urban area; may include several independent administrative districts; ""Ancient Troy was a great city""","a short musical composition with words; ""a successful musical must have at least three good songs""",0,1,False
tiny-aya-global,Bengali,ভতৃহরি রাজা,NOUN,32357,a writer of poems (the term is usually reserved for writers of good poetry),an imaginary being of myth or fable,a writer of poems (the term is usually reserved for writers of good poetry),1,1,True
tiny-aya-global,Bengali,ফাস্সেল আম গাছ,NOUN,21610,large evergreen tropical tree cultivated for its large oval fruit,someone who engages in sports,large evergreen tropical tree cultivated for its large oval fruit,1,2,False
tiny-aya-global,Bengali,কামুক,ADJECTIVE,2700,"having strong sexual appeal; ""juicy barmaids""; ""a red-hot mama""; ""a voluptuous woman""; ""a toothsome blonde in a tight dress""","having strong sexual appeal; ""juicy barmaids""; ""a red-hot mama""; ""a voluptuous woman""; ""a toothsome blonde in a tight dress""",a native or inhabitant of Tajikistan and neighboring areas of Uzbekistan and Afghanistan and China,0,1,False
tiny-aya-global,Bengali,দুধ দাঁত,NOUN,308,one of the first temporary teeth of a young mammal (one of 20 in children),"cause to become stonelike or stiff or dazed and stunned; ""The horror petrified his feelings""; ""Fear petrified her thinking""",one of the first temporary teeth of a young mammal (one of 20 in children),1,2,False
tiny-aya-global,Bengali,ব্যুত্পত্তিহীন,ADJECTIVE,32024,"not derived or copied or translated from something else; ""the play is original; not an adaptation""; ""he kept the original copy and gave her only a xerox""; ""the translation misses much of the subtlety of the original French""","not derived or copied or translated from something else; ""the play is original; not an adaptation""; ""he kept the original copy and gave her only a xerox""; ""the translation misses much of the subtlety of the original French""",a male attendant of the bridegroom at a wedding,0,1,False
tiny-aya-global,Bengali,বাঁশিবাদক,NOUN,7068,someone who plays the bagpipe,an alkaloidal extract or tincture of the poisonous belladonna plant that is used medicinally,an administrative unit in government or business,2,2,True
tiny-aya-global,Bengali,শুকানো,VERB,21529,"remove the moisture from and make dry; ""dry clothes""; ""dry hair""","remove the moisture from and make dry; ""dry clothes""; ""dry hair""",manner of acting or controlling yourself,0,1,False
tiny-aya-global,Bengali,সুমেধা ঋষি,NOUN,29203,a mentor in spiritual and philosophical topics who is renowned for profound wisdom,a mentor in spiritual and philosophical topics who is renowned for profound wisdom,"systematic training by multiple repetitions; ""practice makes perfect""",0,1,False
tiny-aya-global,Bengali,(অন্যকে দিয়ে) ভেঙে দেওয়া,VERB,25652,"destroy completely; ""the wrecking ball demolished the building""; ""demolish your enemies""; ""pulverize the rebellion before it gets out of hand""","in an optimal state of balance or equilibrium; ""a well-balanced wheel""",a motor hotel,2,1,False
tiny-aya-global,Bengali,পাইকারী ব্যবসা,NOUN,26457,the selling of goods to merchants; usually in large quantities for resale to consumers,"be dressed in; ""She was wearing yellow that day""",the selling of goods to merchants; usually in large quantities for resale to consumers,1,2,False
tiny-aya-global,Bengali,পিসতুতো ভাই বা দাদা,NOUN,685,the child of your aunt or uncle,the child of your aunt or uncle,kitchen appliance used for baking or roasting,0,1,False
tiny-aya-global,Bengali,ছাড়া পাওয়া,VERB,12450,grant freedom to; free from confinement,grant freedom to; free from confinement,crime committed using a computer and the internet to steal a person' s identity or sell contraband or stalk victims or disrupt operations with malevolent programs,0,1,False
tiny-aya-global,Bengali,হাঁস,NOUN,29543,flesh of a goose (domestic or wild),"a large and densely populated urban area; may include several independent administrative districts; ""Ancient Troy was a great city""",an imaginary being of myth or fable,2,1,False
tiny-aya-global,Bengali,বাণ,NOUN,3869,"the rising of a body of water and its overflowing onto normally dry land; ""plains fertilized by annual inundations""","zealous in devotion or affection; ""a devoted husband and father""; ""devoted friends""","the rising of a body of water and its overflowing onto normally dry land; ""plains fertilized by annual inundations""",1,1,True
tiny-aya-global,Bengali,দৃঢ় সংকল্প,NOUN,26186,persistent determination,persistent determination,a letter of the alphabet standing for a spoken vowel,0,1,False
tiny-aya-global,Bengali,ছিয়ানব্বই,ADJECTIVE,8812,being six more than ninety,fine powdery foodstuff obtained by grinding and sifting the meal of a cereal grain,"of or belonging to a corporation; ""corporate rates""; ""corporate structure""",2,1,False
tiny-aya-global,Bengali,সিঙ্গাপুর,NOUN,20798,the capital of Singapore; one of the world' s biggest ports,the capital of Singapore; one of the world' s biggest ports,one of the evil spirits of traditional Jewish and Christian belief,0,1,False
tiny-aya-global,Bengali,জর্জ,NOUN,27418,King of Great Britain and Ireland and Hanover from 1820 to 1830; his attempt to divorce his estranged wife undermined the prestige of the crown (1762-1830),King of Great Britain and Ireland and Hanover from 1820 to 1830; his attempt to divorce his estranged wife undermined the prestige of the crown (1762-1830),large and often sumptuous tent,0,1,False
tiny-aya-global,Bengali,অন্ত,NOUN,28518,"the concluding parts of an event or occurrence; ""the end was exciting""; ""I had to miss the last of the movie""",one of the evil spirits of traditional Jewish and Christian belief,an imaginary being of myth or fable,2,1,False
tiny-aya-global,Bengali,বন্ধ্যা,ADJECTIVE,4987,deprived of sexual capacity or sexual attributes,deprived of sexual capacity or sexual attributes,"of persons; taken advantage of; ""after going out of his way to help his friend get the job he felt not appreciated but used""",0,1,False
tiny-aya-global,Bengali,বোত্সবানাবাসী,NOUN,20051,a member of a Bantu people living chiefly in Botswana and western South Africa,a region marked off for administrative or other purposes,a member of a Bantu people living chiefly in Botswana and western South Africa,1,2,False
tiny-aya-global,Bengali,মত্স অবতার,NOUN,7514,"the manifestation of a Hindu deity (especially Vishnu) in human or superhuman or animal form; ""the Buddha is considered an avatar of the god Vishnu""","the collection of rules imposed by authority; ""civilization presupposes respect for the law""; ""the great problem for jurisprudence to allow freedom while enforcing order""",the rear part of a ship,2,1,False
tiny-aya-global,Bengali,সপ্তম,ADJECTIVE,13715,coming next after the sixth and just before the eighth in position,someone who systematically obstructs some action that others want to take,the Protestant churches and denominations collectively,2,1,False
tiny-aya-global,Bengali,তেতাল্লিশ,ADJECTIVE,9039,being three more than forty,being three more than forty,"a person conceived as a consumer of food; ""he has four mouths to feed""",0,1,False
tiny-aya-global,Bengali,একশ,ADJECTIVE,10079,being ten more than ninety,a food rich in sugar,"(of quantities) imprecise but fairly close to correct; ""lasted approximately an hour""; ""in just about a minute""; ""he' s about 30 years old""; ""I' ve had about all I can stand""; ""we meet about once a month""; ""some forty people came""; ""weighs around a hundred pounds""; ""roughly $3,000""; ""holds 3 gallons, more or less""; ""20 or so people were at the party""",2,2,True
tiny-aya-global,Bengali,মৃত্যুহার,NOUN,12451,the ratio of deaths in an area to the population of that area; expressed per 1000 per year,the ratio of deaths in an area to the population of that area; expressed per 1000 per year,a person who inhabits a particular place,0,1,False
tiny-aya-global,Bengali,খুব হওয়া,VERB,28062,be abundant or plentiful; exist in large quantities,be abundant or plentiful; exist in large quantities,"rain abundantly; ""Meteors showered down over half of Australia""",0,1,False
tiny-aya-global,Bengali,বৈবস্বত,NOUN,30879,an imaginary being of myth or fable,(prosody) a system of versification,an imaginary being of myth or fable,1,2,False
tiny-aya-global,Bengali,কুড়ুল,NOUN,10680,an edge tool with a heavy bladed head mounted across a handle,a secret terrorist group in Sicily; originally opposed tyranny but evolved into a criminal organization in the middle of the 19th century,an edge tool with a heavy bladed head mounted across a handle,1,2,False
tiny-aya-global,Bengali,এড়ানো,NOUN,3443,deliberately avoiding; keeping away from or preventing from happening,deliberately avoiding; keeping away from or preventing from happening,"define; ""The committee explained their plan for fund-raising to the Dean""",0,1,False
tiny-aya-global,Bengali,গুজিয়া,NOUN,460,"a particular item of prepared food; ""she prepared a special dish for dinner""",a member of the Slavic people living in Croatia,"a particular item of prepared food; ""she prepared a special dish for dinner""",1,2,False
tiny-aya-global,Bengali,অপ্রসার,NOUN,35280,"the prevention of something increasing or spreading (especially the prevention of an increase in the number of countries possessing nuclear weapons); ""they protested that the nonproliferation treaty was just a plot to maintain the hegemony of those who already had nuclear weapons""; ""nuclear disarmament and nonproliferation are closely related goals""",one of the groups of Christians who have their own beliefs and forms of worship,"the prevention of something increasing or spreading (especially the prevention of an increase in the number of countries possessing nuclear weapons); ""they protested that the nonproliferation treaty was just a plot to maintain the hegemony of those who already had nuclear weapons""; ""nuclear disarmament and nonproliferation are closely related goals""",1,2,False
tiny-aya-global,Bengali,চরিত্র,NOUN,5170,manner of acting or controlling yourself,a large bag (or pair of bags) hung over a saddle,a prince or king in India,2,2,True
tiny-aya-global,Bengali,সুইডিশ,NOUN,19299,a Scandinavian language that is the official language of Sweden and one of two official languages of Finland,a substance used as a coating to protect or decorate a surface (especially a mixture of pigment suspended in a liquid); dries to form a hard coating,"the act of putting a person into a non-elective position; ""the appointment had to be approved by the whole committee""",2,1,False
tiny-aya-global,Bengali,জীর্ণ,ADJECTIVE,13645,"in deplorable condition; ""a street of bedraggled tenements""; ""a broken-down fence""; ""a ramshackle old pier""; ""a tumble-down shack""","in deplorable condition; ""a street of bedraggled tenements""; ""a broken-down fence""; ""a ramshackle old pier""; ""a tumble-down shack""","become larger, greater, or bigger; expand or gain; ""The problem grew too large for me""; ""Her business grew fast""",0,1,False
tiny-aya-global,Bengali,মাতা-পিতা,NOUN,212,a father or mother; one who begets or one who gives birth to or nurtures and raises a child; a relative who plays the role of guardian,worshipper of Shiva,"try to locate or discover, or try to establish the existence of; ""The police are searching for clues""; ""They are searching for the missing man in the entire county""",2,2,True
tiny-aya-global,Bengali,শালকরাগ,NOUN,20842,any of various fixed orders of the various diatonic notes within an octave,any of various fixed orders of the various diatonic notes within an octave,"utter a sudden loud cry; ""she cried with pain when the doctor inserted the needle""; ""I yelled to her from the window but she couldn' t hear me""",0,1,False
tiny-aya-global,Bengali,কামেঙ্গ নদী,NOUN,26576,"a large natural stream of water (larger than a creek); ""the river was navigable for 50 miles""",a place of worship hallowed by association with some sacred thing or person,a food rich in sugar,2,1,False
tiny-aya-global,Bengali,গোরা পাথর,NOUN,7940,a soft heavy compact variety of talc having a soapy feel; used to make hearths and tabletops and ornaments,a soft heavy compact variety of talc having a soapy feel; used to make hearths and tabletops and ornaments,a person who inhabits a particular place,0,1,False
tiny-aya-global,Bengali,গুনা,NOUN,6749,a food rich in sugar,the wife of a crown prince,a food rich in sugar,1,1,True
tiny-aya-global,Bengali,সত্,NOUN,5369,the husband of your mother by a subsequent marriage,the act of conducting a controlled test or investigation,the husband of your mother by a subsequent marriage,1,2,False
tiny-aya-global,Bengali,পৃথককরণ,NOUN,16124,the act of dividing or disconnecting,"a periodically repeated sequence of events; ""a cycle of reprisal and retaliation""",any of various fixed orders of the various diatonic notes within an octave,2,1,False
tiny-aya-global,Bengali,ডুবানো,VERB,13569,"cover with liquid, usually water; ""The swollen river flooded the village""; ""The broken vein had flooded blood in her eyes""","the common people generally; ""separate the warriors from the mass""; ""power to the people""","cover with liquid, usually water; ""The swollen river flooded the village""; ""The broken vein had flooded blood in her eyes""",1,2,False
tiny-aya-global,Bengali,জরত্কারু,NOUN,31118,a mentor in spiritual and philosophical topics who is renowned for profound wisdom,a mentor in spiritual and philosophical topics who is renowned for profound wisdom,"(of a piece of ground) not have a crop sown on it; ""farmland still unsown""",0,1,False
tiny-aya-global,Bengali,তুইবাই নদী,NOUN,26578,"a large natural stream of water (larger than a creek); ""the river was navigable for 50 miles""",a vitamin that maintains the resistance of cell and capillary walls to permeation,"a large natural stream of water (larger than a creek); ""the river was navigable for 50 miles""",1,2,False
tiny-aya-global,Bengali,মুদ্রা,NOUN,859,"the most common medium of exchange; functions as legal tender; ""we tried to collect the money he owed us""",the unwritten literature (stories and proverbs and riddles and songs) of a culture,"immoderately desirous of acquiring e.g. wealth; ""they are avaricious and will do anything for money""; ""casting covetous eyes on his neighbor' s fields""; ""a grasping old miser""; ""grasping commercialism""; ""greedy for money and power""; ""grew richer and greedier""; ""prehensile employers stingy with raises for their employees""",2,2,True
tiny-aya-global,Bengali,নীরসতা,NOUN,13446,"the quality of lacking interestingness; ""the stories were of a dullness to bring a buffalo to its knees""",a tall perennial woody plant having a main trunk and branches forming a distinct elevated crown; includes both gymnosperms and angiosperms,"the effect of one thing (or person) on another; ""the influence of mechanical action""",2,2,True
tiny-aya-global,Bengali,ঝুমরি,NOUN,17962,any of various fixed orders of the various diatonic notes within an octave,"a large and densely populated urban area; may include several independent administrative districts; ""Ancient Troy was a great city""","involving or being or having the nature of a crime; ""a criminal offense""; ""criminal abuse""; ""felonious intent""",2,1,False
tiny-aya-global,Bengali,লিঙ্গ,NOUN,18839,a grammatical category in inflected languages governing the agreement between nouns and pronouns and adjectives; in some languages it is quite arbitrary but in Indo-European languages it is usually based on sex or animateness,a grammatical category in inflected languages governing the agreement between nouns and pronouns and adjectives; in some languages it is quite arbitrary but in Indo-European languages it is usually based on sex or animateness,(anatomy) the point of connection between two bones or elements of a skeleton (especially if it allows motion),0,1,False
tiny-aya-global,Bengali,পালিয়ে যাওয়া,VERB,9649,"run away from confinement; ""The convicted murderer escaped from a high security prison""",the ordinal number of forty-nine in counting order,"run away from confinement; ""The convicted murderer escaped from a high security prison""",1,2,False
tiny-aya-global,Bengali,নীলম বনেশান আম,NOUN,21546,"large oval tropical fruit having smooth skin, juicy aromatic pulp, and a large hairy seed","liquid excretory product; ""there was blood in his urine""; ""the child had to make water""","the condition of being financially weak; ""the weakness of the dollar against the yen""",2,1,False
tiny-aya-global,Bengali,আপেল গাছ,NOUN,8357,native Eurasian tree widely cultivated in many varieties for its firm rounded edible fruits,a severe scolding,native Eurasian tree widely cultivated in many varieties for its firm rounded edible fruits,1,2,False
tiny-aya-global,Bengali,অস্থিহীন,ADJECTIVE,691,"being without a bone or bones; ""jellyfish are boneless""",a geographical area politically controlled by a distant country,a constitutional monarchy on the western part of the islands of Samoa in the South Pacific,2,2,True
tiny-aya-global,Bengali,রেশম,NOUN,6639,fibers from silkworm cocoons provide threads for knitting,a native or inhabitant of Austria,ground dried rhizome of the turmeric plant used as seasoning,2,2,True
tiny-aya-global,Bengali,সারং,NOUN,16023,any of various fixed orders of the various diatonic notes within an octave,any of various fixed orders of the various diatonic notes within an octave,wife of Siva and a benevolent aspect of Devi: goddess of plenty,0,2,False
tiny-aya-global,Bengali,পথ প্রদর্শনকারী,ADJECTIVE,13684,"(usually followed by `of' ) pointing out or revealing clearly; ""actions indicative of fear""","of or relating to or conforming to idiom; ""idiomatic English""",an imaginary being of myth or fable,2,1,False
tiny-aya-global,Bengali,ঘটনাক্রম,NOUN,34615,"a periodically repeated sequence of events; ""a cycle of reprisal and retaliation""","a periodically repeated sequence of events; ""a cycle of reprisal and retaliation""","fraught with great emotion; ""an atmosphere charged with excitement""; ""an emotionally charged speech""",0,1,False
tiny-aya-global,Bengali,বাজা,VERB,9582,"sound loudly and sonorously; ""the bells rang""","sound loudly and sonorously; ""the bells rang""",someone who systematically obstructs some action that others want to take,0,1,False
tiny-aya-global,Bengali,প্রকট হওয়া,VERB,35243,"become more intense; ""The debate intensified""; ""His dislike for raw fish only deepened in Japan""","become more intense; ""The debate intensified""; ""His dislike for raw fish only deepened in Japan""",any of various fixed orders of the various diatonic notes within an octave,0,1,False
tiny-aya-global,Bengali,বহুবর্শী গাছ,NOUN,1212,a plant lasting for three seasons or more,a official responsible for control and supervision of a particular activity or area of public interest,a plant lasting for three seasons or more,1,2,False
tiny-aya-global,Bengali,নিয়ামক,NOUN,7978,a official responsible for control and supervision of a particular activity or area of public interest,a official responsible for control and supervision of a particular activity or area of public interest,one of the evil spirits of traditional Jewish and Christian belief,0,1,False
tiny-aya-global,Bengali,অজ,NOUN,21215,a prince or king in India,a prince or king in India,an overwhelming feeling of fear and anxiety,0,1,False
tiny-aya-global,Bengali,ত্রিপল,NOUN,9865,cloth treated on one side with a drying oil or synthetic resin,cloth treated on one side with a drying oil or synthetic resin,wife of Siva and a benevolent aspect of Devi: goddess of plenty,0,2,False
tiny-aya-global,Bengali,বাজপ্য,NOUN,30092,a mentor in spiritual and philosophical topics who is renowned for profound wisdom,a mentor in spiritual and philosophical topics who is renowned for profound wisdom,"having strong sexual appeal; ""juicy barmaids""; ""a red-hot mama""; ""a voluptuous woman""; ""a toothsome blonde in a tight dress""",0,1,False
tiny-aya-global,Bengali,নবদম্পতি,NOUN,3983,someone recently married,a threadlike body in the cell nucleus that carries the genes in a linear order,"a large natural stream of water (larger than a creek); ""the river was navigable for 50 miles""",2,1,False
tiny-aya-global,Bengali,ভিড়িয়ে দেওয়া,VERB,5699,"knock against with force or violence; ""My car bumped into the tree""",an imaginary being of myth or fable,"a source of difficulty; ""one trouble after another delayed the job""; ""what' s the problem?""",2,2,True
tiny-aya-global,Bengali,পাতা,NOUN,6170,jewelry to ornament the ear; usually clipped to the earlobe or fastened through a hole in the lobe,"a theatrical performance of a drama; ""the play lasted two hours""",jewelry to ornament the ear; usually clipped to the earlobe or fastened through a hole in the lobe,1,1,True
tiny-aya-global,Bengali,চার্চ,NOUN,28456,one of the groups of Christians who have their own beliefs and forms of worship,a region marked off for administrative or other purposes,"a large natural stream of water (larger than a creek); ""the river was navigable for 50 miles""",2,1,False
tiny-aya-global,Bengali,দান-পত্র,NOUN,8210,"a legal document signed and sealed and delivered to effect a transfer of property and to show the legal right to possess it; ""he signed the deed""; ""he kept the title to his car in the glove compartment""","related to or dealing with or devoted to archaeology; ""an archaeological dig""; ""a dramatic archaeological discovery""","a legal document signed and sealed and delivered to effect a transfer of property and to show the legal right to possess it; ""he signed the deed""; ""he kept the title to his car in the glove compartment""",1,1,True
tiny-aya-global,Bengali,স্কন্দমাতা,NOUN,13519,"goddess of war; a malevolent aspect of Devi; ""the inaccessible""",move or pull with a sudden motion,"goddess of war; a malevolent aspect of Devi; ""the inaccessible""",1,2,False
tiny-aya-global,Bengali,হুমায়ুন,NOUN,19673,a member of the Muslim dynasty that ruled India until 1857,"a small flat compressed cake of some substance; ""a tablet of soap""",qualified by reservations,2,1,False
tiny-aya-global,Bengali,মুদ্রা বিজ্ঞান,NOUN,27943,the collection and study of money (and coins in particular),the unwritten literature (stories and proverbs and riddles and songs) of a culture,the collection and study of money (and coins in particular),1,2,False
tiny-aya-global,Bengali,স্বীকারাত্মক,ADJECTIVE,10615,"affirming or giving assent; ""an affirmative decision""; ""affirmative votes""; ""an affirmative nod""; ""an affirmatory gesture""",a region marked off for administrative or other purposes,a mentor in spiritual and philosophical topics who is renowned for profound wisdom,2,2,True
tiny-aya-global,Bengali,বিলম্বি,NOUN,25546,East Indian evergreen tree bearing very acid fruit,an imaginary being of myth or fable,the main good female character in a work of fiction,2,2,True
tiny-aya-global,Bengali,বেহিসেবী,ADJECTIVE,16400,not capable of being computed or enumerated,the unwritten literature (stories and proverbs and riddles and songs) of a culture,not capable of being computed or enumerated,1,1,True
tiny-aya-global,Bengali,চিনা বাদাম,NOUN,7723,widely cultivated American plant cultivated in tropical and warm regions; showy yellow flowers on stalks that bend over to the soil so that seed pods ripen underground,a weapon that discharges a missile at high velocity (especially from a metal tube or barrel),"a large natural stream of water (larger than a creek); ""the river was navigable for 50 miles""",2,1,False
tiny-aya-global,Bengali,স্পেশাল টাস্ক ফোর্স,NOUN,35991,a semipermanent unit created to carry out a continuing task,a semipermanent unit created to carry out a continuing task,a substance used as a coating to protect or decorate a surface (especially a mixture of pigment suspended in a liquid); dries to form a hard coating,0,1,False
tiny-aya-global,Bengali,ক্ষত,NOUN,17311,a painful wound caused by the thrust of an insect' s stinger into skin,"a way of doing something, especially a systematic way; implies an orderly logical arrangement (usually in steps)",a region marked off for administrative or other purposes,2,2,True
tiny-aya-global,Bengali,চেষ্টা করা,VERB,35421,"attempt by employing effort; ""we endeavor to make our customers happy""","be verified or confirmed; pass inspection; ""These stories don' t check!""","attempt by employing effort; ""we endeavor to make our customers happy""",1,2,False
tiny-aya-global,Bengali,নবায়ণ করা,VERB,7119,"restore to a previous or better condition; ""They renovated the ceiling of the Sistine Chapel""",being two more than ninety,"restore to a previous or better condition; ""They renovated the ceiling of the Sistine Chapel""",1,2,False
tiny-aya-global,Bengali,গল্পরসিক,ADJECTIVE,25314,"full of trivial conversation; ""kept from her housework by gabby neighbors""","full of trivial conversation; ""kept from her housework by gabby neighbors""",the flesh of a chicken used for food,0,1,False
tiny-aya-global,Bengali,কফি,NOUN,24040,a seed of the coffee tree; ground to make coffee,an illegal enterprise (such as extortion or fraud or drug peddling or prostitution) carried on for profit,a seed of the coffee tree; ground to make coffee,1,2,False
tiny-aya-global,Bengali,কংগ্রেস,NOUN,10805,the legislature of the United States government,one of the evil spirits of traditional Jewish and Christian belief,the legislature of the United States government,1,2,False
tiny-aya-global,Bengali,প্রিজম,NOUN,4182,optical device having a triangular shape and made of glass or quartz; used to deviate a beam or invert an image,optical device having a triangular shape and made of glass or quartz; used to deviate a beam or invert an image,being ten more than seventy,0,1,False
tiny-aya-global,Bengali,বল্লারী,NOUN,16883,any of various fixed orders of the various diatonic notes within an octave,any of various fixed orders of the various diatonic notes within an octave,hard bonelike structures in the jaws of vertebrates; used for biting and chewing or for attack and defense,0,2,False
tiny-aya-global,Bengali,পরিচালক,NOUN,17716,the person who collects fares on a public conveyance,an affix that is added in front of the word,founder of Buddhism; worshipped as a god (c 563-483 BC),2,2,True
tiny-aya-global,Bengali,স্মারক,NOUN,25264,a structure erected to commemorate persons or events,"(usually plural) a statement of what is required as part of an agreement; ""the contract set out the conditions of the lease""; ""the terms of the treaty were generous""",an imaginary being of myth or fable,2,1,False
tiny-aya-global,Bengali,ছটফট,VERB,22213,desire strongly or persistently,a weapon that is forcibly thrown or projected at a targets but is not self-propelled,(sports) the chief official (as in boxing or American football) who is expected to ensure fair play,2,2,True
tiny-aya-global,Bengali,রাজকোট,NOUN,25363,"a large and densely populated urban area; may include several independent administrative districts; ""Ancient Troy was a great city""","a theatrical performance of a drama; ""the play lasted two hours""",someone who keeps safe from harm or danger,2,1,False
tiny-aya-global,Bengali,প্রয়োগ,NOUN,11725,the act of conducting a controlled test or investigation,the act of conducting a controlled test or investigation,"wife of Siva and malevolent form of Devi; ""the black""",0,1,False
tiny-aya-global,Bengali,অবৈধ ব্যবসা,NOUN,27475,an illegal enterprise (such as extortion or fraud or drug peddling or prostitution) carried on for profit,an imaginary being of myth or fable,the part of the body between the neck and the upper arm,2,2,True
tiny-aya-global,Bengali,রাজদরবার,NOUN,28465,the sovereign and his advisers who are the governing power of a state,a razor with a straight cutting edge enclosed in a case that forms a handle when the razor is opened for use,the sovereign and his advisers who are the governing power of a state,1,2,False
tiny-aya-global,Bengali,মেঘ,NOUN,2182,a visible mass of water or ice particles suspended at a considerable altitude,any of various fixed orders of the various diatonic notes within an octave,a visible mass of water or ice particles suspended at a considerable altitude,1,2,False
tiny-aya-global,Bengali,সীতাপুর,NOUN,25305,"a large and densely populated urban area; may include several independent administrative districts; ""Ancient Troy was a great city""",a usually secretive or illicit sexual relationship,"a large and densely populated urban area; may include several independent administrative districts; ""Ancient Troy was a great city""",1,2,False
tiny-aya-global,Bengali,সংক্রমিত,ADJECTIVE,25612,"containing or resulting from disease-causing organisms; ""a septic sore throat""; ""a septic environment""; ""septic sewage""","containing or resulting from disease-causing organisms; ""a septic sore throat""; ""a septic environment""; ""septic sewage""",against which no argument can be made,0,1,False
tiny-aya-global,Bengali,কঙ্ক,NOUN,16820,large long-necked wading bird of marshes and plains in many parts of the world,large long-necked wading bird of marshes and plains in many parts of the world,of or relating to or characteristic of Lithuania or its people or language,0,1,False
tiny-aya-global,Bengali,নিষ্কাসন,NOUN,9295,"the act of expelling a person from their native land; ""men in exile dream of hope""; ""his deportation to a penal colony""; ""the expatriation of wealthy farmers""; ""the sentence was one of transportation for life""",an apparatus intended for use under water,any of various fixed orders of the various diatonic notes within an octave,2,1,False
tiny-aya-global,Bengali,লোকসাহিত্য,NOUN,36235,the unwritten literature (stories and proverbs and riddles and songs) of a culture,of or relating to or characteristic of the region of Lusitania or its people or language,the unwritten literature (stories and proverbs and riddles and songs) of a culture,1,2,False
tiny-aya-global,Bengali,কাঁসি,NOUN,8950,a dish that is round and open at the top for serving foods,a dish that is round and open at the top for serving foods,"a positive feeling of liking; ""he had trouble expressing the affection he felt""; ""the child won everyone' s heart""; ""the warmness of his welcome made us feel right at home""",0,2,False
tiny-aya-global,Bengali,খাজুরাহো,NOUN,26461,"a large and densely populated urban area; may include several independent administrative districts; ""Ancient Troy was a great city""","a large and densely populated urban area; may include several independent administrative districts; ""Ancient Troy was a great city""",not producing poison,0,1,False
tiny-aya-global,Bengali,ভাটি,NOUN,7374,a furnace for firing or burning or drying such things as porcelain or bricks,"dry seedlike fruit produced by the cereal grasses: e.g. wheat, barley, Indian corn",Elector of Hanover and the first Hanoverian King of Great Britain and Ireland from 1714 to 1727 (1660-1727),2,1,False
tiny-aya-global,Bengali,দায়ের করা,VERB,35145,"record in a public office or in a court of law; ""file for divorce""; ""file a complaint""",a substance used as a coating to protect or decorate a surface (especially a mixture of pigment suspended in a liquid); dries to form a hard coating,"record in a public office or in a court of law; ""file for divorce""; ""file a complaint""",1,2,False
tiny-aya-global,Bengali,বসানো,NOUN,8843,"a mounting consisting of a piece of metal (as in a ring or other jewelry) that holds a gem in place; ""the diamond was in a plain gold mount""","something spoken; ""he could hear them uttering merry speeches""","a mounting consisting of a piece of metal (as in a ring or other jewelry) that holds a gem in place; ""the diamond was in a plain gold mount""",1,2,False
tiny-aya-global,Bengali,কর্মনাশা,NOUN,18382,"a large natural stream of water (larger than a creek); ""the river was navigable for 50 miles""","a body of students who graduate together; ""the class of ' 97""; ""she was in my year at Hoehandle High""",a geographical area politically controlled by a distant country,2,1,False
tiny-aya-global,Bengali,ঘোড়া,NOUN,28985,the male of species Equus caballus,"a large natural stream of water (larger than a creek); ""the river was navigable for 50 miles""",the male of species Equus caballus,1,2,False
tiny-aya-global,Bengali,সেন সাল্ভাডোর,NOUN,23955,the capital and largest city of El Salvador; has suffered from recurrent earthquakes,the capital and largest city of El Salvador; has suffered from recurrent earthquakes,"of or belonging to a corporation; ""corporate rates""; ""corporate structure""",0,1,False
tiny-aya-global,Bengali,সম্মোহন,NOUN,8285,the act of inducing hypnosis,the act of inducing hypnosis,a rack attached to a vehicle; for carrying luggage or skis or the like,0,1,False
tiny-aya-global,Bengali,বক্র তরবারী,NOUN,4125,a cutting or thrusting weapon that has a long metal blade and a hilt with a hand guard,the science concerned with the prevention of illness and maintenance of health,"a large and densely populated urban area; may include several independent administrative districts; ""Ancient Troy was a great city""",2,2,True
tiny-aya-global,Bengali,উদ্যোগ পরিষদ সংঘ,NOUN,35341,an organization formed by merging several groups or parties,an organization formed by merging several groups or parties,"immoderately desirous of acquiring e.g. wealth; ""they are avaricious and will do anything for money""; ""casting covetous eyes on his neighbor' s fields""; ""a grasping old miser""; ""grasping commercialism""; ""greedy for money and power""; ""grew richer and greedier""; ""prehensile employers stingy with raises for their employees""",0,1,False
tiny-aya-global,Bengali,মেওয়াটি,NOUN,6719,"a particular item of prepared food; ""she prepared a special dish for dinner""",the capital and largest city of Panama,a free-reed instrument in which air is forced through the reeds by bellows,2,1,False
tiny-aya-global,Bengali,আস্তাবল,NOUN,735,a farm building for housing horses or other livestock,"separate the chaff from by using air currents; ""She stood there winnowing chaff all day in the field""",a farm building for housing horses or other livestock,1,2,False
tiny-aya-global,Bengali,মোরব্বা,NOUN,461,a food rich in sugar,"causing or marked by grief or anguish; ""a grievous loss""; ""a grievous cry""; ""her sigh was heartbreaking""; ""the heartrending words of Rabin' s granddaughter""",a food rich in sugar,1,1,True
tiny-aya-global,Bengali,কাংশী নদী,NOUN,26573,"a large natural stream of water (larger than a creek); ""the river was navigable for 50 miles""",a writer of poems (the term is usually reserved for writers of good poetry),"a large natural stream of water (larger than a creek); ""the river was navigable for 50 miles""",1,2,False
tiny-aya-global,Bengali,প্রেরণা,NOUN,7015,"the psychological feature that arouses an organism to action toward a desired goal; the reason for the action; that which gives purpose and direction to behavior; ""we did not understand his motivation""; ""he acted with the best of motives""","a large and densely populated urban area; may include several independent administrative districts; ""Ancient Troy was a great city""","the psychological feature that arouses an organism to action toward a desired goal; the reason for the action; that which gives purpose and direction to behavior; ""we did not understand his motivation""; ""he acted with the best of motives""",1,2,False
tiny-aya-global,Bengali,চিনা,NOUN,5250,any of the Sino-Tibetan languages spoken in China; regarded as dialects of a single language (even though they are mutually unintelligible) because they share an ideographic writing system,"present as an act of worship; ""offer prayers to the gods""","in deplorable condition; ""a street of bedraggled tenements""; ""a broken-down fence""; ""a ramshackle old pier""; ""a tumble-down shack""",2,1,False
tiny-aya-global,Bengali,আটকানো,VERB,15066,"be a hindrance or obstacle to; ""She is impeding the progress of our project""",a telecommunication system that transmits images of objects (stationary or moving) between distant points,"a large natural stream of water (larger than a creek); ""the river was navigable for 50 miles""",2,1,False
tiny-aya-global,Bengali,টিকিয়া,NOUN,4992,"a small flat compressed cake of some substance; ""a tablet of soap""","be dressed in; ""She was wearing yellow that day""","put out, as of a candle or a light; ""Douse the lights""",2,1,False
tiny-aya-global,Bengali,পা,NOUN,30677,"the distance covered by a step; ""he stepped off ten paces from the old tree and began to dig""","being full of or promoting cheer; having or showing good spirits; ""her cheerful nature""; ""a cheerful greeting""; ""a cheerful room""; ""as cheerful as anyone confined to a hospital bed could be""","the distance covered by a step; ""he stepped off ten paces from the old tree and began to dig""",1,2,False
tiny-aya-global,Bengali,দুর্দিন,NOUN,8656,a time of difficulty,a time of difficulty,written directions for finding some location; written on letters or packages that are to be delivered to that location,0,1,False
tiny-aya-global,Bengali,পাত্র,NOUN,1866,any object that can be used to hold things (especially a large metal boxlike object of standardized dimensions that can be loaded from one form of transport to another),a food rich in sugar,any object that can be used to hold things (especially a large metal boxlike object of standardized dimensions that can be loaded from one form of transport to another),1,2,False
tiny-aya-global,Bengali,ক্রমিক,ADJECTIVE,2562,"in regular succession without gaps; ""serial concerts""",one of the evil spirits of traditional Jewish and Christian belief,"in regular succession without gaps; ""serial concerts""",1,2,False
tiny-aya-global,Bengali,সজ্জন,NOUN,221,a man of refinement,the taste experience when quinine or coffee is taken into the mouth,a region marked off for administrative or other purposes,2,2,True
tiny-aya-global,Bengali,রঙ,NOUN,18596,a substance used as a coating to protect or decorate a surface (especially a mixture of pigment suspended in a liquid); dries to form a hard coating,a substance used as a coating to protect or decorate a surface (especially a mixture of pigment suspended in a liquid); dries to form a hard coating,an imaginary being of myth or fable,0,1,False
tiny-aya-global,Bengali,ইন্দ্রধ্বজ,NOUN,33755,any joyous diversion,any joyous diversion,the sacred city of Lamaism; known as the Forbidden City for its former inaccessibility and hostility to strangers,0,2,False
tiny-aya-global,Bengali,সামোয়া,NOUN,24230,a constitutional monarchy on the western part of the islands of Samoa in the South Pacific,any of various fixed orders of the various diatonic notes within an octave,"a unit of information equal to one million (1,048,576) bytes",2,1,False
tiny-aya-global,Bengali,সুষমা,NOUN,24404,the qualities that give pleasure to the senses,a tall perennial woody plant having a main trunk and branches forming a distinct elevated crown; includes both gymnosperms and angiosperms,sweetened beverage of diluted lemon juice,2,1,False
tiny-aya-global,Bengali,রৈবত,NOUN,29445,one of the evil spirits of traditional Jewish and Christian belief,one of the evil spirits of traditional Jewish and Christian belief,"pull, as against a resistance; ""He dragged the big suitcase behind him""; ""These worries were dragging at him""",0,1,False
tiny-aya-global,Bengali,গোলপোস্ট,NOUN,26730,game equipment consisting of the place toward which players of a game try to advance a ball or puck in order to score points,game equipment consisting of the place toward which players of a game try to advance a ball or puck in order to score points,a criminal who commits homicide (who performs the unlawful premeditated killing of another human being),0,1,False
tiny-aya-global,Bengali,ইউরেশীয়,ADJECTIVE,19431,"relating to, or coming from, Europe and Asia; ""His mother was Eurasian, and his father Chinese""; ""the Eurasian landmass is the largest in the world""",an imaginary being of myth or fable,"a particular item of prepared food; ""she prepared a special dish for dinner""",2,1,False
tiny-aya-global,Bengali,বিষহীন,ADJECTIVE,6675,not producing poison,the discharge of urine,a quantity much larger than is needed,2,1,False
tiny-aya-global,Bengali,সবিস্ময়ে,ADVERB,1241,"in a surprising manner; ""he was surprisingly friendly""",East Indian evergreen tree bearing very acid fruit,"in a surprising manner; ""he was surprisingly friendly""",1,2,False
tiny-aya-global,Bengali,হাত,NOUN,13322,"the (prehensile) extremity of the superior limb; ""he had the hands of a surgeon""; ""he extended his mitt""","the act of marrying; the nuptial ceremony; ""their marriage was conducted in the chapel""","the (prehensile) extremity of the superior limb; ""he had the hands of a surgeon""; ""he extended his mitt""",1,2,False
tiny-aya-global,Bengali,রেডিয়াম,NOUN,14276,an intensely radioactive metallic element that occurs in minute amounts in uranium ores,an intensely radioactive metallic element that occurs in minute amounts in uranium ores,a hand tool that is used to hold or twist a nut or bolt,0,1,False
tiny-aya-global,Bengali,মাণব,NOUN,32658,jewelry consisting of a cord or chain (often bearing gems) worn about the neck as an ornament (especially by women),"the body of citizens of a state or country; ""the Spanish people""",a prince or king in India,2,1,False
tiny-aya-global,Bengali,উপনিবেশ,NOUN,28382,a geographical area politically controlled by a distant country,(formerly) a writing tablet made of slate,a geographical area politically controlled by a distant country,1,2,False
tiny-aya-global,Bengali,তন্দ্রালস,NOUN,7534,"a very sleepy state; ""sleepiness causes many driving accidents""",(Hinduism) a Hindu caste or distinctive social group of which there are thousands throughout India; a special characteristic is often the exclusive occupation of its male members (such as barber or potter),"a plant with a weak stem that derives support from climbing, twining, or creeping along a surface",2,1,False
tiny-aya-global,Bengali,সময় মাপা,VERB,27622,"measure the time or duration of an event or action or the person who performs an action in a certain period of time; ""he clocked the runners""","work done by one person or group that benefits another; ""budget separately for goods and services""","work done by one person or group that benefits another; ""budget separately for goods and services""",2,2,True
tiny-aya-global,Bengali,অগ্রাহ্য,ADJECTIVE,14911,"not acceptable; not welcome; ""a word unacceptable in polite society""; ""an unacceptable violation of personal freedom""","not acceptable; not welcome; ""a word unacceptable in polite society""; ""an unacceptable violation of personal freedom""",a group of about 90 islands in the western Indian Ocean north of Madagascar,0,1,False
tiny-aya-global,Bengali,অধীনস্থ,ADJECTIVE,2773,"inferior in rank or status; ""the junior faculty""; ""a lowly corporal""; ""petty officialdom""; ""a subordinate functionary""",acting with less concern for yourself than for the success of the joint activity,the act of pouring a liquid offering (especially wine) as a religious ceremony,2,1,False
tiny-aya-global,Bengali,তেইশ,NOUN,35010,"a period of time occupying a regular part of a calendar year that is used for some particular activity; ""a school year""",a telecommunication system that transmits images of objects (stationary or moving) between distant points,"a period of time occupying a regular part of a calendar year that is used for some particular activity; ""a school year""",1,2,False
tiny-aya-global,Bengali,ইতালীয় ভাত,NOUN,28483,rice cooked with broth and sprinkled with grated cheese,rice cooked with broth and sprinkled with grated cheese,"not derived or copied or translated from something else; ""the play is original; not an adaptation""; ""he kept the original copy and gave her only a xerox""; ""the translation misses much of the subtlety of the original French""",0,1,False
tiny-aya-global,Bengali,গাজিয়াবাদ,NOUN,24506,"a large and densely populated urban area; may include several independent administrative districts; ""Ancient Troy was a great city""",the act of dividing or disconnecting,"a large and densely populated urban area; may include several independent administrative districts; ""Ancient Troy was a great city""",1,2,False
tiny-aya-global,Bengali,তুঙ্গভদ্রা,NOUN,16971,"a large natural stream of water (larger than a creek); ""the river was navigable for 50 miles""","(of weather) wet by periods of rain; ""showery weather""; ""rainy days""","a large natural stream of water (larger than a creek); ""the river was navigable for 50 miles""",1,2,False
tiny-aya-global,Bengali,সারস্বত,NOUN,36522,(Hinduism) a Hindu caste or distinctive social group of which there are thousands throughout India; a special characteristic is often the exclusive occupation of its male members (such as barber or potter),(Hinduism) a Hindu caste or distinctive social group of which there are thousands throughout India; a special characteristic is often the exclusive occupation of its male members (such as barber or potter),founder of Buddhism; worshipped as a god (c 563-483 BC),0,2,False
tiny-aya-global,Bengali,অবিবাহিত,NOUN,3764,a man who has never been married,a very poisonous metallic element that has three allotropic forms; arsenic and arsenic compounds are used as herbicides and insecticides and various alloys; found in arsenopyrite and orpiment and realgar,a man who has never been married,1,2,False
tiny-aya-global,Bengali,পছন্দ,NOUN,8408,"a feeling of liking something or someone good; ""although she fussed at them, she secretly viewed all her children with approval""","a feeling of liking something or someone good; ""although she fussed at them, she secretly viewed all her children with approval""","a collection of precious things; ""the trunk held all her meager treasures""",0,1,False
tiny-aya-global,Bengali,প্রতিপাদিত,ADJECTIVE,25407,declared as fact; explicitly stated,declared as fact; explicitly stated,"show devotion to (a deity); ""Many Hindus worship Shiva""",0,1,False
tiny-aya-global,Bengali,ইরাবতী নদী,NOUN,17212,"a large natural stream of water (larger than a creek); ""the river was navigable for 50 miles""",an imaginary being of myth or fable,"a large natural stream of water (larger than a creek); ""the river was navigable for 50 miles""",1,2,False
tiny-aya-global,Bengali,নরসিংহ,NOUN,19440,"the manifestation of a Hindu deity (especially Vishnu) in human or superhuman or animal form; ""the Buddha is considered an avatar of the god Vishnu""",move or pull with a sudden motion,"the manifestation of a Hindu deity (especially Vishnu) in human or superhuman or animal form; ""the Buddha is considered an avatar of the god Vishnu""",1,2,False
tiny-aya-global,Bengali,অথর্বা,NOUN,15245,an imaginary being of myth or fable,an imaginary being of myth or fable,"the common people generally; ""separate the warriors from the mass""; ""power to the people""",0,1,False
tiny-aya-global,Bengali,সুদীতি,NOUN,29605,a mentor in spiritual and philosophical topics who is renowned for profound wisdom,"a large natural stream of water (larger than a creek); ""the river was navigable for 50 miles""",a mentor in spiritual and philosophical topics who is renowned for profound wisdom,1,2,False
tiny-aya-global,Bengali,সন্তান,NOUN,3645,"the immediate descendants of a person; ""she was the mother of many offspring""; ""he died without issue""",acute abdominal pain (especially in infants),"the immediate descendants of a person; ""she was the mother of many offspring""; ""he died without issue""",1,2,False
tiny-aya-global,Bengali,কোপলতা,NOUN,22616,woody perennial climbing plant with large ornamental seed pods that resemble balloons; tropical India and Africa and America,woody perennial climbing plant with large ornamental seed pods that resemble balloons; tropical India and Africa and America,"the territory occupied by one of the constituent administrative districts of a nation; ""his state is in the deep south""",0,1,False
tiny-aya-global,Bengali,ক্ষতিপূরণ,NOUN,6078,something (such as money) given or received as payment or reparation (as for a service or loss or injury),something (such as money) given or received as payment or reparation (as for a service or loss or injury),"come or bring to a finish or an end; ""He finished the dishes""; ""She completed the requirements for her Master' s Degree""; ""The fastest runner finished the race in just over 2 hours; others finished in over 4 hours""",0,1,False
tiny-aya-global,Bengali,জৈন্য মন্দির,NOUN,456,place of worship consisting of an edifice for the worship of a deity,"being without a bone or bones; ""jellyfish are boneless""",place of worship consisting of an edifice for the worship of a deity,1,2,False
tiny-aya-global,Bengali,ও,NOUN,33419,a letter of the alphabet standing for a spoken vowel,"a large natural stream of water (larger than a creek); ""the river was navigable for 50 miles""","a small isolated group of people; ""they were concentrated in pockets inside the city""; ""the battle was won except for cleaning up pockets of resistance""",2,1,False
tiny-aya-global,Bengali,অপ্রিয়ভাষী,ADJECTIVE,1225,"unkind or cruel or uncivil; ""had harsh words""; ""a harsh and unlovable old tyrant""; "" a rough answer""",a region marked off for administrative or other purposes,someone who writes plays,2,2,True
tiny-aya-global,Bengali,জোড়ে,NOUN,5004,(anatomy) the point of connection between two bones or elements of a skeleton (especially if it allows motion),an imaginary being of myth or fable,the capital and largest city of El Salvador; has suffered from recurrent earthquakes,2,2,True
tiny-aya-global,Bengali,কাত্যায়ন,NOUN,19929,a mentor in spiritual and philosophical topics who is renowned for profound wisdom,a mentor in spiritual and philosophical topics who is renowned for profound wisdom,"a body of students who graduate together; ""the class of ' 97""; ""she was in my year at Hoehandle High""",0,1,False
tiny-aya-global,Bengali,মার্টিন লুথার কিং,NOUN,26690,United States charismatic civil rights leader and Baptist minister who campaigned against the segregation of Blacks (1929-1968),an imaginary being of myth or fable,United States charismatic civil rights leader and Baptist minister who campaigned against the segregation of Blacks (1929-1968),1,2,False
tiny-aya-global,Bengali,পাকারি ফুল,NOUN,23643,reproductive organ of angiosperm plants especially one having showy or colorful parts,reproductive organ of angiosperm plants especially one having showy or colorful parts,a seed of the coffee tree; ground to make coffee,0,1,False
tiny-aya-global,Bengali,তোতাপাখি,NOUN,4439,usually brightly colored zygodactyl tropical birds with short hooked beaks and the ability to mimic sounds,usually brightly colored zygodactyl tropical birds with short hooked beaks and the ability to mimic sounds,"lay bare; ""denude a forest""",0,1,False
tiny-aya-global,Bengali,আত্মা উপনিষদ,NOUN,22754,"a later sacred text of Hinduism of a mystical nature dealing with metaphysical questions; ""the Vedanta philosophy developed from the pantheistic views of the Upanishads""","a later sacred text of Hinduism of a mystical nature dealing with metaphysical questions; ""the Vedanta philosophy developed from the pantheistic views of the Upanishads""",money or goods or services owed by one person to another,0,1,False
tiny-aya-global,Bengali,অস্ত্র,NOUN,3264,"any instrument or instrumentality used in fighting or hunting; ""he was licensed to carry a weapon""",the cardinal compass point that is a 270 degrees,"changed in constitution or structure or composition by metamorphism; ""metamorphic rocks""",2,1,False
tiny-aya-global,Bengali,পরিবেশ,NOUN,9401,"the mass of air surrounding the Earth; ""there was great heat as the comet entered the atmosphere""; ""it was exposed to the air""","a large indefinite location on the surface of the Earth; ""penguins inhabit the polar regions""","take or consume (regularly or habitually); ""She uses drugs rarely""",2,1,False
tiny-aya-global,Bengali,ভুজঙ্গসঙ্গতা,NOUN,30616,(prosody) a system of versification,a mentor in spiritual and philosophical topics who is renowned for profound wisdom,(prosody) a system of versification,1,1,True
tiny-aya-global,Bengali,সুরেলা,ADJECTIVE,4173,"pleasantly full and mellow; ""a rich tenor voice""",an African melon,"lacking or characterized by lack of ambition or initiative; lazy; ""a shiftless student""; ""studied in a shiftless way""",2,2,True
tiny-aya-global,Bengali,সেন্ট ক্রিস্টোফার,NOUN,24225,the largest of the islands comprising Saint Christopher-Nevis,the largest of the islands comprising Saint Christopher-Nevis,an organization of missionaries in a foreign land sent to carry on religious work,0,1,False
tiny-aya-global,Bengali,গৌতম বুদ্ধ,NOUN,2498,founder of Buddhism; worshipped as a god (c 563-483 BC),founder of Buddhism; worshipped as a god (c 563-483 BC),"twist together or entwine into a confusing mass; ""The child entangled the cord""",0,1,False
tiny-aya-global,Bengali,শুভকামনা,NOUN,10116,"(usually plural) a polite expression of desire for someone' s welfare; ""give him my kind regards""; ""my best wishes""",any of various fixed orders of the various diatonic notes within an octave,feelings of anxiety that make you tense and irritable,2,2,True
tiny-aya-global,Bengali,কুসুমবিচিত্রা,NOUN,26408,(prosody) a system of versification,(prosody) a system of versification,an imaginary being of myth or fable,0,2,False
tiny-aya-global,Bengali,জনজাতি,NOUN,11988,a social division of (usually preliterate) people,a social division of (usually preliterate) people,persistent determination,0,1,False
tiny-aya-global,Bengali,নৌকার পেছনের অংশ,NOUN,17482,the rear part of a ship,the rear part of a ship,an imaginary being of myth or fable,0,1,False
tiny-aya-global,Bengali,গঠনমূলক,ADJECTIVE,26453,"affecting or involved in structure or construction; ""the structural details of a house such as beams and joists and rafters; not ornamental elements""; ""structural damage""",a prince or king in India,"full of spirit; ""a dynamic full of life woman""; ""a vital and charismatic leader""; ""this whole lively world""",2,2,True
tiny-aya-global,Bengali,স্বর্গবাসী,NOUN,21765,"someone who is no longer alive; ""I wonder what the dead person would have done""","in a surprising manner; ""he was surprisingly friendly""",the child of your aunt or uncle,2,2,True
tiny-aya-global,Bengali,নিষেধাজ্ঞা,NOUN,9293,the power or right to prohibit or reject a proposed or intended act (especially the power of a chief executive to reject a bill passed by the legislature),the power or right to prohibit or reject a proposed or intended act (especially the power of a chief executive to reject a bill passed by the legislature),a native or inhabitant of India,0,1,False
tiny-aya-global,Bengali,আশ্রমবাসি,NOUN,1290,a person who inhabits a particular place,a person who inhabits a particular place,"admit into a hospital; ""Mother had to be hospitalized because her blood pressure was too high""",0,1,False
tiny-aya-global,Bengali,বৌর,NOUN,25063,"a large and densely populated urban area; may include several independent administrative districts; ""Ancient Troy was a great city""","a large and densely populated urban area; may include several independent administrative districts; ""Ancient Troy was a great city""",conduit consisting of a long hollow object (usually cylindrical) used to hold and conduct objects or liquids or gases,0,1,False
tiny-aya-global,Bengali,ভারতীয় প্রশাসনিক সেবা,NOUN,36270,"work done by one person or group that benefits another; ""budget separately for goods and services""","the territory occupied by one of the constituent administrative districts of a nation; ""his state is in the deep south""","work done by one person or group that benefits another; ""budget separately for goods and services""",1,1,True
tiny-aya-global,Bengali,হাস্যরত,ADJECTIVE,10898,"smiling with happiness or optimism; ""Come to my arms, my beamish boy!""- Lewis Carroll; ""a room of smiling faces""; ""a round red twinkly Santa Claus""","an unknown and unexplored region; ""they came like angels out the unknown""","smiling with happiness or optimism; ""Come to my arms, my beamish boy!""- Lewis Carroll; ""a room of smiling faces""; ""a round red twinkly Santa Claus""",1,2,False
tiny-aya-global,Bengali,মনোব্যথা,NOUN,3306,intense sorrow caused by loss of a loved one (especially by death),any of various fixed orders of the various diatonic notes within an octave,the Protestant churches and denominations collectively,2,1,False
tiny-aya-global,Bengali,খোঁজ করা,VERB,35190,"try to locate or discover, or try to establish the existence of; ""The police are searching for clues""; ""They are searching for the missing man in the entire county""","having spots or patches (small areas of contrasting color or texture); ""a field patched with ice and snow""; ""the wall had a spotty speckled effect""; ""a black-and-white spotted cow""","try to locate or discover, or try to establish the existence of; ""The police are searching for clues""; ""They are searching for the missing man in the entire county""",1,2,False
tiny-aya-global,Bengali,ধনে পাতা,NOUN,3594,Old World herb with aromatic leaves and seed resembling parsley,Old World herb with aromatic leaves and seed resembling parsley,"a large and densely populated urban area; may include several independent administrative districts; ""Ancient Troy was a great city""",0,1,False
tiny-aya-global,Bengali,ওয়াইফাই,NOUN,34942,a local area network that uses high frequency radio signals to transmit and receive data over distances of a few hundred feet; uses ethernet protocol,a local area network that uses high frequency radio signals to transmit and receive data over distances of a few hundred feet; uses ethernet protocol,a member of the Slavic people living in Croatia,0,1,False
tiny-aya-global,Bengali,ভোজনালয়,NOUN,5719,a building where people go to eat,"(often followed by `to' ) in the habit of or adapted to; ""accustomed to doing her own work""; ""I' ve grown accustomed to her face""",sweetened beverage of diluted lemon juice,2,1,False
tiny-aya-global,Bengali,ইনোসিটাল,NOUN,27215,an optically inactive alcohol that is a component of the vitamin B complex,any of various fixed orders of the various diatonic notes within an octave,an optically inactive alcohol that is a component of the vitamin B complex,1,1,True
tiny-aya-global,Bengali,সেলাই,NOUN,8896,joining or attaching by stitches,a chemical used to kill pests (as rodents or insects),joining or attaching by stitches,1,2,False
tiny-aya-global,Bengali,বড় বোন,NOUN,214,an older sister,"of or relating to or conforming to idiom; ""idiomatic English""",an older sister,1,2,False
tiny-aya-global,Bengali,বিরোধী,ADJECTIVE,6949,"in opposition to (a policy or attitude etc.); ""an opposing vote""","in opposition to (a policy or attitude etc.); ""an opposing vote""",an absorbent soil resembling clay; used in fulling (shrinking and thickening) woolen cloth and as an adsorbent,0,1,False
tiny-aya-global,Bengali,চক,NOUN,26738,"a public square with room for pedestrians; ""they met at Elm Plaza""; ""Grosvenor Place""","any instrument or instrumentality used in fighting or hunting; ""he was licensed to carry a weapon""","capable of being or liable to be divided or separated; ""even numbers are divisible by two""; ""the Americans fought a bloody war to prove that their nation is not divisible""",2,1,False
tiny-aya-global,Bengali,আয় কর বিভাগ,NOUN,35272,an administrative unit in government or business,an administrative unit in government or business,a day or period of time set aside for feasting and celebration,0,1,False
tiny-aya-global,Bengali,বরকিনা ফৈসো,NOUN,20053,a desperately poor landlocked country in western Africa; was formerly Upper Volta under French rule but gained independence in 1960,a desperately poor landlocked country in western Africa; was formerly Upper Volta under French rule but gained independence in 1960,a state of surviving; remaining alive,0,1,False
tiny-aya-global,Bengali,তাড়াতাড়ি,ADVERB,19209,"before the usual time or the time expected; ""she graduated early""; ""the house was completed ahead of time""",an imaginary being of myth or fable,"before the usual time or the time expected; ""she graduated early""; ""the house was completed ahead of time""",1,2,False
tiny-aya-global,Bengali,সর্পাস্য,NOUN,33585,one of the evil spirits of traditional Jewish and Christian belief,"the prevention of something increasing or spreading (especially the prevention of an increase in the number of countries possessing nuclear weapons); ""they protested that the nonproliferation treaty was just a plot to maintain the hegemony of those who already had nuclear weapons""; ""nuclear disarmament and nonproliferation are closely related goals""",one of the evil spirits of traditional Jewish and Christian belief,1,1,True
tiny-aya-global,Bengali,নডজামেন,NOUN,23934,the capital and largest city of Chad; located in the southwestern on the Shari river,the child of your aunt or uncle,the capital and largest city of Chad; located in the southwestern on the Shari river,1,2,False
tiny-aya-global,Bengali,জ,NOUN,33428,a letter of the alphabet standing for a spoken consonant,either one of the two external openings to the nasal cavity in the nose,a letter of the alphabet standing for a spoken consonant,1,1,True
tiny-aya-global,Bengali,পরা,VERB,3939,"be dressed in; ""She was wearing yellow that day""","(superlative of `good' ) having the most positive qualities; ""the best film of the year""; ""the best solution""; ""the best time for planting""; ""wore his best suit""","be dressed in; ""She was wearing yellow that day""",1,2,False
tiny-aya-global,Bengali,চোঙ্গা,NOUN,3617,conduit consisting of a long hollow object (usually cylindrical) used to hold and conduct objects or liquids or gases,an artisan who makes jewelry and other objects out of gold,conduit consisting of a long hollow object (usually cylindrical) used to hold and conduct objects or liquids or gases,1,1,True
tiny-aya-global,Bengali,ঠোঁট,NOUN,2177,fleshy folds of tissue as those surrounding the mouth,a region marked off for administrative or other purposes,fleshy folds of tissue as those surrounding the mouth,1,2,False
tiny-aya-global,Bengali,মরোক্কো,NOUN,20215,a kingdom (constitutional monarchy) in northwestern Africa with a largely Muslim population; achieved independence from France in 1956,a Scandinavian language that is the official language of Sweden and one of two official languages of Finland,pronouns and verbs used to refer to the speaker or writer of the language in which they occur,2,2,True
tiny-aya-global,Bengali,বুচারেস্ট,NOUN,24005,national capital and largest city of Romania in southeastern Romania,national capital and largest city of Romania in southeastern Romania,the act of imitating the behavior of some situation or some process by means of something suitably analogous (especially for the purpose of study or personnel training),0,1,False
tiny-aya-global,Bengali,পিস্তা,NOUN,9458,nut of Mediterranean trees having an edible green kernel,nut of Mediterranean trees having an edible green kernel,someone who drives a herd,0,1,False
tiny-aya-global,Bengali,বাড়া,VERB,11447,"become bigger or greater in amount; ""The amount of work increased""",Old World herb with aromatic leaves and seed resembling parsley,"become bigger or greater in amount; ""The amount of work increased""",1,2,False
tiny-aya-global,Bengali,ত্রিশঙ্কু,NOUN,7995,an imaginary being of myth or fable,an imaginary being of myth or fable,an imaginary being of myth or fable,0,2,False
tiny-aya-global,Bengali,কৌষিতকী,NOUN,29233,an imaginary being of myth or fable,an imaginary being of myth or fable,a constitutional monarchy on the western part of the islands of Samoa in the South Pacific,0,2,False
tiny-aya-global,Bengali,প্রতিদ্বন্দিতা করা,VERB,1767,"be engaged in a fight; carry on a fight; ""the tribesmen fought each other""; ""Siblings are always fighting""; ""Militant groups are contending for control of the country""","a large and densely populated urban area; may include several independent administrative districts; ""Ancient Troy was a great city""","be engaged in a fight; carry on a fight; ""the tribesmen fought each other""; ""Siblings are always fighting""; ""Militant groups are contending for control of the country""",1,2,False
tiny-aya-global,Bengali,চালান,NOUN,5325,a receipt given by the carrier to the shipper acknowledging receipt of the goods being shipped and specifying the terms of delivery,an imaginary being of myth or fable,"a very sleepy state; ""sleepiness causes many driving accidents""",2,2,True
tiny-aya-global,Bengali,পরীক্ষা,NOUN,4256,the act of giving students or candidates a test (as by questions) to determine what they know or have learned,the act of giving students or candidates a test (as by questions) to determine what they know or have learned,a person of unquestioning obedience,0,1,False
tiny-aya-global,Bengali,উর্ধ্বগ্রীব,NOUN,29638,a mentor in spiritual and philosophical topics who is renowned for profound wisdom,flesh of quail; suitable for roasting or broiling if young; otherwise must be braised,a large bag (or pair of bags) hung over a saddle,2,1,False
tiny-aya-global,Bengali,বনপিণ্ডালু,NOUN,17980,a tall perennial woody plant having a main trunk and branches forming a distinct elevated crown; includes both gymnosperms and angiosperms,"legal document setting forth rules governing a particular kind of activity; ""there is a law against kidnapping""",a local area network that uses high frequency radio signals to transmit and receive data over distances of a few hundred feet; uses ethernet protocol,2,1,False
tiny-aya-global,Bengali,প্রমাণবিহীণ বিবৃতি,NOUN,35397,something that people do or cause to happen,any supernatural being worshipped as controlling some part of the world or some aspect of life or who is the personification of a force,something that people do or cause to happen,1,1,True
tiny-aya-global,Bengali,পছন্দ,NOUN,26964,"the person or thing chosen or selected; ""he was my pick for mayor""",a criminal who commits homicide (who performs the unlawful premeditated killing of another human being),"the person or thing chosen or selected; ""he was my pick for mayor""",1,2,False
tiny-aya-global,Bengali,হাসিখুশি,ADJECTIVE,2948,"being full of or promoting cheer; having or showing good spirits; ""her cheerful nature""; ""a cheerful greeting""; ""a cheerful room""; ""as cheerful as anyone confined to a hospital bed could be""",a region marked off for administrative or other purposes,any of the Sino-Tibetan languages spoken in China; regarded as dialects of a single language (even though they are mutually unintelligible) because they share an ideographic writing system,2,2,True
tiny-aya-global,Bengali,রিপুঞ্জয়,NOUN,29534,an imaginary being of myth or fable,an imaginary being of myth or fable,"in a laborious manner; ""their lives were spent in committee making decisions for others to execute on the basis of data laboriously gathered for them""",0,1,False
tiny-aya-global,Bengali,নিঃশব্দ,ADJECTIVE,32051,"not made explicit; ""the unexpressed terms of the agreement""; ""things left unsaid""; ""some kind of unspoken agreement""; ""his action is clear but his reason remains unstated""","not favorable; ""made an unfavorable impression""; ""unfavorable reviews""","not made explicit; ""the unexpressed terms of the agreement""; ""things left unsaid""; ""some kind of unspoken agreement""; ""his action is clear but his reason remains unstated""",1,2,False
tiny-aya-global,Bengali,ক্ষত,NOUN,18481,a painful wound caused by the thrust of an insect' s stinger into skin,the capital of Mali; located in the south on the Niger,a painful wound caused by the thrust of an insect' s stinger into skin,1,2,False
tiny-aya-global,Bengali,পুনর্প্রাপ্য,ADJECTIVE,31759,"capable of being regained especially with effort; ""he believed the information was retrievable""",someone who writes plays,a low seat or a stool to rest the feet of a seated person,2,2,True
tiny-aya-global,Bengali,ফাঁদ,NOUN,35155,"something (often something deceptively attractive) that catches you unawares; ""the exam was full of trap questions""; ""it was all a snare and delusion""",a geographical area politically controlled by a distant country,one of the evil spirits of traditional Jewish and Christian belief,2,2,True
tiny-aya-global,Bengali,দুর্গন্ধযুক্ত খয়ের,NOUN,30744,tropical American thorny shrub or small tree; fragrant yellow flowers used in making perfumery,pantropical vine widely cultivated in several varieties for its large sweet tuberous root with orange flesh,tropical American thorny shrub or small tree; fragrant yellow flowers used in making perfumery,1,2,False
tiny-aya-global,Bengali,স্বর্ণকার,NOUN,10252,an artisan who makes jewelry and other objects out of gold,"cover with liquid, usually water; ""The swollen river flooded the village""; ""The broken vein had flooded blood in her eyes""",an artisan who makes jewelry and other objects out of gold,1,2,False
tiny-aya-global,Bengali,শাসন করার লোক,NOUN,17307,someone (especially a woman) who annoys people by constantly finding fault,someone who is intoxicated,someone (especially a woman) who annoys people by constantly finding fault,1,2,False
tiny-aya-global,Bengali,পারিজাত,NOUN,6120,a tall perennial woody plant having a main trunk and branches forming a distinct elevated crown; includes both gymnosperms and angiosperms,the month following March and preceding May,"the act of marrying; the nuptial ceremony; ""their marriage was conducted in the chapel""",2,2,True
tiny-aya-global,Bengali,ফাঁসানো,VERB,8586,"catch with a lasso; ""rope cows""","smiling with happiness or optimism; ""Come to my arms, my beamish boy!""- Lewis Carroll; ""a room of smiling faces""; ""a round red twinkly Santa Claus""","catch with a lasso; ""rope cows""",1,1,True
tiny-aya-global,Bengali,রক্ষক,NOUN,861,someone who keeps safe from harm or danger,someone who keeps safe from harm or danger,the activity of supplying or providing something,0,1,False
tiny-aya-global,Bengali,বেশী দামী,ADJECTIVE,3898,"having a high price; ""costly jewelry""; ""high-priced merchandise""; ""much too dear for my pocketbook""; ""a pricey restaurant""","having a high price; ""costly jewelry""; ""high-priced merchandise""; ""much too dear for my pocketbook""; ""a pricey restaurant""",weapons considered collectively,0,1,False
tiny-aya-global,Bengali,যত্ন সহকারে,ADVERB,53,"in a laborious manner; ""their lives were spent in committee making decisions for others to execute on the basis of data laboriously gathered for them""","in a laborious manner; ""their lives were spent in committee making decisions for others to execute on the basis of data laboriously gathered for them""","large and impressive in physical size or extent; ""the bridge is a grand structure""",0,1,False
tiny-aya-global,Bengali,মালিশ,NOUN,1983,kneading and rubbing parts of the body to increase circulation and promote relaxation,kneading and rubbing parts of the body to increase circulation and promote relaxation,any of various fixed orders of the various diatonic notes within an octave,0,1,False
tiny-aya-global,Bengali,ব্যাগ্রতা,NOUN,4636,feelings of anxiety that make you tense and irritable,a mentor in spiritual and philosophical topics who is renowned for profound wisdom,feelings of anxiety that make you tense and irritable,1,1,True
tiny-aya-global,Bengali,চন্দ্রকিরণ,NOUN,30289,a ray of moonlight,a ray of moonlight,(prosody) a system of versification,0,1,False
tiny-aya-global,Bengali,বিশ্লেষণ,NOUN,13311,detailed critical analysis or examination one part at a time (as of a literary work),detailed critical analysis or examination one part at a time (as of a literary work),"relating to or consisting of or being in water; ""an aquatic environment""",0,1,False
tiny-aya-global,Bengali,অন্তর্প্রদেশীয়,ADJECTIVE,873,"involving and relating to the mutual relations of states especially of the United States; ""Interstate Highway Commission""; ""interstate highways""; ""Interstate Commerce Commission""; ""interstate commerce""","involving and relating to the mutual relations of states especially of the United States; ""Interstate Highway Commission""; ""interstate highways""; ""Interstate Commerce Commission""; ""interstate commerce""",the Protestant churches and denominations collectively,0,1,False
tiny-aya-global,Bengali,লাল লঙ্কা,NOUN,7654,a ripe jalapeno that has been dried for use in cooking,the act of retaining something,a father or mother; one who begets or one who gives birth to or nurtures and raises a child; a relative who plays the role of guardian,2,2,True
tiny-aya-global,Bengali,বলরামপুর,NOUN,24539,"a large and densely populated urban area; may include several independent administrative districts; ""Ancient Troy was a great city""","a large and densely populated urban area; may include several independent administrative districts; ""Ancient Troy was a great city""",a food rich in sugar,0,1,False
tiny-aya-global,Bengali,নৃকুলসংক্রান্ত,ADJECTIVE,35258,"of or characteristic of race or races or arising from differences among groups; ""racial differences""; ""racial discrimination""",a compound formed by replacing hydrogen in an acid by a metal (or a radical that acts like a metal),not allowing air or gas to pass in or out,2,1,False
tiny-aya-global,Bengali,সম্ভাবনা থাকা,VERB,10149,"regard something as probable or likely; ""The meteorologists are expecting rain for tomorrow""",a mentor in spiritual and philosophical topics who is renowned for profound wisdom,nut of Mediterranean trees having an edible green kernel,2,1,False
tiny-aya-global,Bengali,যুগোশ্লাভিয়ান,NOUN,19664,a native or inhabitant of Yugoslavia,clock that measures time by the escape of water,a person who invites guests to a social event (such as a party in his or her own home) and who is responsible for them while they are there,2,2,True
tiny-aya-global,Bengali,লুক্সেমবার্গ ফ্রাঙ্ক,NOUN,26491,formerly the basic unit of money in Luxembourg,formerly the basic unit of money in Luxembourg,"an artifact that has been created by someone or some process; ""they improve their product every year""; ""they export most of their agricultural production""",0,1,False
tiny-aya-global,Bengali,জাগ্রত,NOUN,11248,"the state of remaining awake; ""days of danger and nights of waking""",one of the evil spirits of traditional Jewish and Christian belief,"the state of remaining awake; ""days of danger and nights of waking""",1,2,False
tiny-aya-global,Bengali,পিণ্ড,NOUN,13118,"an individual 3-dimensional object that has mass and that is distinguishable from other objects; ""heavenly body""","an individual 3-dimensional object that has mass and that is distinguishable from other objects; ""heavenly body""",a traveler who accompanies you,0,1,False
tiny-aya-global,Bengali,শাখা,NOUN,32330,a stream or river connected to a larger one,"not derived or copied or translated from something else; ""the play is original; not an adaptation""; ""he kept the original copy and gave her only a xerox""; ""the translation misses much of the subtlety of the original French""",a stream or river connected to a larger one,1,2,False
tiny-aya-global,Bengali,রসিক,ADJECTIVE,5421,"full of or showing high-spirited merriment; ""when hearts were young and gay""; ""a poet could not but be gay, in such a jocund company""- Wordsworth; ""the jolly crowd at the reunion""; ""jolly old Saint Nick""; ""a jovial old gentleman""; ""have a merry Christmas""; ""peals of merry laughter""; ""a mirthful laugh""","full of or showing high-spirited merriment; ""when hearts were young and gay""; ""a poet could not but be gay, in such a jocund company""- Wordsworth; ""the jolly crowd at the reunion""; ""jolly old Saint Nick""; ""a jovial old gentleman""; ""have a merry Christmas""; ""peals of merry laughter""; ""a mirthful laugh""","having a high price; ""costly jewelry""; ""high-priced merchandise""; ""much too dear for my pocketbook""; ""a pricey restaurant""",0,1,False
tiny-aya-global,Bengali,জিডিপি,NOUN,35598,measure of the United States economy adopted in 1991; the total market values of goods and services by produced by workers and capital within the United States borders during a given period (usually 1 year),building where the business of a government department is transacted,measure of the United States economy adopted in 1991; the total market values of goods and services by produced by workers and capital within the United States borders during a given period (usually 1 year),1,2,False
tiny-aya-global,Bengali,কেরিয়ার,NOUN,27984,a rack attached to a vehicle; for carrying luggage or skis or the like,a man of refinement,a rack attached to a vehicle; for carrying luggage or skis or the like,1,2,False
tiny-aya-global,Bengali,সুষেণ,NOUN,31452,an imaginary being of myth or fable,reproductive organ of angiosperm plants especially one having showy or colorful parts,an imaginary being of myth or fable,1,1,True
tiny-aya-global,Bengali,সুশীল,ADJECTIVE,1675,"having or showing a kindly or tender nature; ""the gentle touch of her hand""; ""her gentle manner was comforting""; ""a gentle sensitive nature""; ""gentle blue eyes""","having or showing a kindly or tender nature; ""the gentle touch of her hand""; ""her gentle manner was comforting""; ""a gentle sensitive nature""; ""gentle blue eyes""","a small isolated group of people; ""they were concentrated in pockets inside the city""; ""the battle was won except for cleaning up pockets of resistance""",0,1,False
tiny-aya-global,Bengali,জনসমষ্টি,NOUN,2225,"the common people generally; ""separate the warriors from the mass""; ""power to the people""","make a strenuous or labored effort; ""She struggled for years to survive without welfare""; ""He fought for breath""","the rising of a body of water and its overflowing onto normally dry land; ""plains fertilized by annual inundations""",2,1,False
tiny-aya-global,Bengali,কৃতজ্ঞতাপূর্বক,ADVERB,25047,"with appreciation; in a grateful manner; ""he accepted my offer appreciatively""","the territory occupied by one of the constituent administrative districts of a nation; ""his state is in the deep south""",a mentor in spiritual and philosophical topics who is renowned for profound wisdom,2,2,True
tiny-aya-global,Bengali,প্রতিজ্ঞাবদ্ধ,ADJECTIVE,34450,"bound or obligated, as under a pledge to a particular cause, action, or attitude; ""committed church members""; ""a committed Marxist""",reproductive organ of angiosperm plants especially one having showy or colorful parts,an arrangement of flowers that is usually given as a present,2,1,False
tiny-aya-global,Bengali,পচা,VERB,10158,"go sour or spoil; ""The milk has soured""; ""The wine worked""; ""The cream has turned--we have to throw it out""",apply a heavy coat to,"lose freshness, vigor, or vitality; ""Her bloom was fading""",2,2,True
tiny-aya-global,Bengali,কলা শৈলী,NOUN,1956,"a way of doing something, especially a systematic way; implies an orderly logical arrangement (usually in steps)",intense sorrow caused by loss of a loved one (especially by death),the act of adding extraneous decorations to something,2,1,False
tiny-aya-global,Bengali,চিত্কার করা,VERB,18580,"utter a sudden loud cry; ""she cried with pain when the doctor inserted the needle""; ""I yelled to her from the window but she couldn' t hear me""","a creator of great skill in the manual arts; ""the jewelry was made by internationally famous craftsmen""","large oval tropical fruit having smooth skin, juicy aromatic pulp, and a large hairy seed",2,2,True
tiny-aya-global,Bengali,রিহার্সাল,NOUN,3018,"a practice session in preparation for a public performance (as of a play or speech or concert); ""he missed too many rehearsals""; ""a rehearsal will be held the day before the wedding""",the ratio of deaths in an area to the population of that area; expressed per 1000 per year,"a practice session in preparation for a public performance (as of a play or speech or concert); ""he missed too many rehearsals""; ""a rehearsal will be held the day before the wedding""",1,2,False
tiny-aya-global,Bengali,ছোটো নাগারা,NOUN,15793,a musical percussion instrument; usually consists of a hollow cylinder with a membrane stretched across each end,a musical percussion instrument; usually consists of a hollow cylinder with a membrane stretched across each end,"a collection of things sharing a common attribute; ""there are two classes of detergents""",0,1,False
tiny-aya-global,Bengali,থেকে থেকেই কষ্ট দেওয়া,VERB,5274,be the source of pain,"a particular item of prepared food; ""she prepared a special dish for dinner""",be the source of pain,1,2,False
tiny-aya-global,Bengali,পারদর্শক,ADJECTIVE,6820,"transmitting light; able to be seen through with clarity; ""the cold crystalline water of melted snow""; ""crystal clear skies""; ""could see the sand on the bottom of the limpid pool""; ""lucid air""; ""a pellucid brook""; ""transparent crystal""","transmitting light; able to be seen through with clarity; ""the cold crystalline water of melted snow""; ""crystal clear skies""; ""could see the sand on the bottom of the limpid pool""; ""lucid air""; ""a pellucid brook""; ""transparent crystal""","attempt by employing effort; ""we endeavor to make our customers happy""",0,1,False
tiny-aya-global,Bengali,ছাপান্ন,NOUN,15698,"a concept of quantity derived from zero and units; ""every number has a unique position in the sequence""","a concept of quantity derived from zero and units; ""every number has a unique position in the sequence""",a person who belongs to the sex that can have babies,0,1,False
tiny-aya-global,Bengali,প্রতিবিম্বিত করা,VERB,27433,"reflect as if in a mirror; ""The smallest pond at night mirrors the firmament above""","reflect as if in a mirror; ""The smallest pond at night mirrors the firmament above""",a magnifier of images of distant objects,0,1,False
tiny-aya-global,Bengali,বাহামার ডলার,NOUN,20723,the basic unit of money in the Bahamas,"a legal document signed and sealed and delivered to effect a transfer of property and to show the legal right to possess it; ""he signed the deed""; ""he kept the title to his car in the glove compartment""","plan, organize, and carry out (an event); ""the neighboring tribe staged an invasion""",2,1,False
tiny-aya-global,Bengali,স্থির হয়ে যাওয়া,VERB,9365,"cause to become stonelike or stiff or dazed and stunned; ""The horror petrified his feelings""; ""Fear petrified her thinking""","an unstable situation of extreme danger or difficulty; ""they went bankrupt during the economic crisis""","cause to become stonelike or stiff or dazed and stunned; ""The horror petrified his feelings""; ""Fear petrified her thinking""",1,2,False
tiny-aya-global,Bengali,মাফিয়া,NOUN,12015,a secret terrorist group in Sicily; originally opposed tyranny but evolved into a criminal organization in the middle of the 19th century,deliberately avoiding; keeping away from or preventing from happening,a secret terrorist group in Sicily; originally opposed tyranny but evolved into a criminal organization in the middle of the 19th century,1,2,False
tiny-aya-global,Bengali,অনন্য,ADJECTIVE,16246,"zealous in devotion or affection; ""a devoted husband and father""; ""devoted friends""",an imaginary being of myth or fable,"zealous in devotion or affection; ""a devoted husband and father""; ""devoted friends""",1,2,False
tiny-aya-global,Bengali,লেবুর জল,NOUN,36344,sweetened beverage of diluted lemon juice,sweetened beverage of diluted lemon juice,a port city on the Gulf of Finland that is the capital and largest city of Estonia,0,1,False
tiny-aya-global,Bengali,ঘটনা,NOUN,2968,a single distinct event,"a particular item of prepared food; ""she prepared a special dish for dinner""",a single distinct event,1,2,False
tiny-aya-global,Bengali,নিবেদন করা,VERB,23633,"present as an act of worship; ""offer prayers to the gods""","present as an act of worship; ""offer prayers to the gods""",kitchen appliance used for baking or roasting,0,1,False
tiny-aya-global,Bengali,ভণ্ডিত,NOUN,29941,a mentor in spiritual and philosophical topics who is renowned for profound wisdom,a band worn around the arm for decoration,a mentor in spiritual and philosophical topics who is renowned for profound wisdom,1,2,False
tiny-aya-global,Bengali,ক্যাপ্টেন,NOUN,35908,the pilot in charge of an airship,the pilot in charge of an airship,being six more than seventy,0,1,False
tiny-aya-global,Bengali,আবিষ্ট,ADJECTIVE,910,"fraught with great emotion; ""an atmosphere charged with excitement""; ""an emotionally charged speech""",native Eurasian tree widely cultivated in many varieties for its firm rounded edible fruits,"fraught with great emotion; ""an atmosphere charged with excitement""; ""an emotionally charged speech""",1,1,True
tiny-aya-global,Bengali,রুপান্তারিত,ADJECTIVE,7101,"changed in constitution or structure or composition by metamorphism; ""metamorphic rocks""",a ray of moonlight,"changed in constitution or structure or composition by metamorphism; ""metamorphic rocks""",1,2,False
tiny-aya-global,Bengali,প্রলম্বিত,ADJECTIVE,34206,"drawn out or made longer spatially; ""Picasso' s elongated Don Quixote""; ""lengthened skirts are fashionable this year""; ""the extended airport runways can accommodate larger planes""; ""a prolonged black line across the page""","drawn out or made longer spatially; ""Picasso' s elongated Don Quixote""; ""lengthened skirts are fashionable this year""; ""the extended airport runways can accommodate larger planes""; ""a prolonged black line across the page""","having or showing a kindly or tender nature; ""the gentle touch of her hand""; ""her gentle manner was comforting""; ""a gentle sensitive nature""; ""gentle blue eyes""",0,1,False
tiny-aya-global,Bengali,যেভাবেই হোক,ADVERB,21991,"in some unspecified way or manner; or by some unspecified means; ""they managed somehow""; ""he expected somehow to discover a woman who would love him""; ""he tried to make is someway acceptable""","in some unspecified way or manner; or by some unspecified means; ""they managed somehow""; ""he expected somehow to discover a woman who would love him""; ""he tried to make is someway acceptable""",a mentor in spiritual and philosophical topics who is renowned for profound wisdom,0,1,False
tiny-aya-global,Bengali,রুবাইএমন,NOUN,16572,any of various fixed orders of the various diatonic notes within an octave,a canopy made of canvas to shelter people or things from rain or sun,any of various fixed orders of the various diatonic notes within an octave,1,2,False
tiny-aya-global,Bengali,আকর,NOUN,4595,"a collection of precious things; ""the trunk held all her meager treasures""","a collection of precious things; ""the trunk held all her meager treasures""","place of business where professional or clerical duties are performed; ""he rented an office in the new building""",0,1,False
tiny-aya-global,Bengali,অশ্রুত,NOUN,32123,an imaginary being of myth or fable,"crack due to dehydration; ""My lips chap in this dry weather""",an imaginary being of myth or fable,1,1,True
tiny-aya-global,Bengali,সময়,NOUN,11545,the continuum of experience in which events pass from the future through the present to the past,(prosody) a system of versification,Old World herb with aromatic leaves and seed resembling parsley,2,2,True
tiny-aya-global,Bengali,জলীয় জীব,NOUN,1554,a living thing that has (or can develop) the ability to act or function independently,a living thing that has (or can develop) the ability to act or function independently,one of the evil spirits of traditional Jewish and Christian belief,0,1,False
tiny-aya-global,Bengali,গোমূত্র,NOUN,8703,"liquid excretory product; ""there was blood in his urine""; ""the child had to make water""",an imaginary being of myth or fable,"fraught with great emotion; ""an atmosphere charged with excitement""; ""an emotionally charged speech""",2,2,True
tiny-aya-global,Bengali,বাষ্কল,NOUN,29752,one of the evil spirits of traditional Jewish and Christian belief,a milky exudate from certain plants that coagulates on exposure to air,grant freedom to; free from confinement,2,1,False
tiny-aya-global,Bengali,আভ্যন্তরীণ স্তর,NOUN,27090,the inner or enclosed surface of something,a writer of poems (the term is usually reserved for writers of good poetry),"large oval tropical fruit having smooth skin, juicy aromatic pulp, and a large hairy seed",2,1,False
tiny-aya-global,Bengali,জয়েত্কল্যাণ,NOUN,16545,any of various fixed orders of the various diatonic notes within an octave,the cardinal number that is the product of ten and seven,any of various fixed orders of the various diatonic notes within an octave,1,2,False
tiny-aya-global,Bengali,সিধে,NOUN,8317,"dry seedlike fruit produced by the cereal grasses: e.g. wheat, barley, Indian corn",how much there is of something that you can quantify,a region marked off for administrative or other purposes,2,2,True
tiny-aya-global,Bengali,মলগোবা আম,NOUN,21652,"large oval tropical fruit having smooth skin, juicy aromatic pulp, and a large hairy seed","(of weather) wet by periods of rain; ""showery weather""; ""rainy days""",occurring every two weeks,2,1,False
tiny-aya-global,Bengali,রেল হেড,NOUN,28201,the end of the completed track on an unfinished railway,the end of the completed track on an unfinished railway,"something that remunerates; ""wages were paid by check""; ""he wasted his pay on drink""; ""they saved a quarter of all their earnings""",0,1,False
tiny-aya-global,Bengali,ব্যাভিচার,NOUN,10580,a usually secretive or illicit sexual relationship,"a public square with room for pedestrians; ""they met at Elm Plaza""; ""Grosvenor Place""",apartment consisting of a series of connected rooms used as a living unit (as in a hotel),2,1,False
tiny-aya-global,Bengali,সঙ্গীত রচনা করা,VERB,27691,"write music; ""Beethoven composed nine symphonies""",a large bag (or pair of bags) hung over a saddle,the occurrence of surplus liquid (as water) exceeding the limit or capacity,2,2,True
tiny-aya-global,Bengali,অর্ধোদয়,NOUN,31069,a day or period of time set aside for feasting and celebration,"the specified day of the month; ""what is the date today?""","the act of marrying; the nuptial ceremony; ""their marriage was conducted in the chapel""",2,1,False
tiny-aya-global,Bengali,ক্রথন,NOUN,29487,an imaginary being of myth or fable,an imaginary being of myth or fable,"before the usual time or the time expected; ""she graduated early""; ""the house was completed ahead of time""",0,1,False
tiny-aya-global,Bengali,ভূমিক্ষয় হওয়া,VERB,35302,"become ground down or deteriorate; ""Her confidence eroded""",a person who writes the words for songs,"become ground down or deteriorate; ""Her confidence eroded""",1,2,False
tiny-aya-global,Bengali,বোঝানো,VERB,7302,"define; ""The committee explained their plan for fund-raising to the Dean""","poke or thrust abruptly; ""he jabbed his finger into her ribs""","define; ""The committee explained their plan for fund-raising to the Dean""",1,1,True
tiny-aya-global,Bengali,তেলসুর,NOUN,18450,a tall perennial woody plant having a main trunk and branches forming a distinct elevated crown; includes both gymnosperms and angiosperms,"easily or conveniently transported; ""a portable television set""",a tall perennial woody plant having a main trunk and branches forming a distinct elevated crown; includes both gymnosperms and angiosperms,1,2,False
tiny-aya-global,Bengali,ছবি,NOUN,34918,"the general impression that something (a person or organization or product) presents to the public; ""although her popular image was contrived it served to inspire music and pageantry""; ""the company tried to project an altruistic image""",movement through a circuit; especially the movement of blood through the heart and blood vessels,"the of act controlling by restraining someone or something; ""the unlawful restraint of trade""",2,1,False
tiny-aya-global,Bengali,সঞ্চালন,NOUN,28965,movement through a circuit; especially the movement of blood through the heart and blood vessels,"the opinion of a group as determined by voting; ""they put the question to a vote""",movement through a circuit; especially the movement of blood through the heart and blood vessels,1,2,False
tiny-aya-global,Bengali,লখনউ,NOUN,10901,a city in northern India in Uttar Pradesh; during the Indian Mutiny its British residents were besieged by Indian insurgents,a city in northern India in Uttar Pradesh; during the Indian Mutiny its British residents were besieged by Indian insurgents,a region marked off for administrative or other purposes,0,1,False
tiny-aya-global,Bengali,দক্ষিণ আফ্রিকা,NOUN,20268,a republic at the southernmost part of Africa; achieved independence from the United Kingdom in 1910; first European settlers were Dutch (known as Boers),"expecting the best in this best of all possible worlds; ""in an optimistic mood""; ""optimistic plans""; ""took an optimistic view""",a republic at the southernmost part of Africa; achieved independence from the United Kingdom in 1910; first European settlers were Dutch (known as Boers),1,2,False
tiny-aya-global,Bengali,লুটেশিয়াম,NOUN,27286,a trivalent metallic element of the rare earth group; usually occurs in association with yttrium,a republic in northeastern Europe on the eastern coast of the Baltic Sea,a trivalent metallic element of the rare earth group; usually occurs in association with yttrium,1,2,False
tiny-aya-global,Bengali,নাক গলানো,VERB,2540,"engage in delaying tactics or refuse to cooperate; ""The President stonewalled when he realized the plot was being uncovered by a journalist""","engage in delaying tactics or refuse to cooperate; ""The President stonewalled when he realized the plot was being uncovered by a journalist""",any of various fixed orders of the various diatonic notes within an octave,0,1,False
tiny-aya-global,Bengali,লড়াই করা,VERB,35300,"make a strenuous or labored effort; ""She struggled for years to survive without welfare""; ""He fought for breath""","a solemn pledge (to oneself or to another or to a deity) to do something or to behave in a certain manner; ""they took vows of poverty""","make a strenuous or labored effort; ""She struggled for years to survive without welfare""; ""He fought for breath""",1,2,False
tiny-aya-global,Bengali,নাট্যকার,NOUN,7780,someone who writes plays,someone who writes plays,"a large natural stream of water (larger than a creek); ""the river was navigable for 50 miles""",0,1,False
tiny-aya-global,Bengali,বমি বমি পাওয়া,NOUN,8580,"an involuntary spasm of ineffectual vomiting; ""a bad case of the heaves""","an involuntary spasm of ineffectual vomiting; ""a bad case of the heaves""","become more intense; ""The debate intensified""; ""His dislike for raw fish only deepened in Japan""",0,1,False
tiny-aya-global,Bengali,জুবলী আম,NOUN,21566,large evergreen tropical tree cultivated for its large oval fruit,an incarnation of Vishnu who rid the earth of Kshatriyas,"slow and apathetic; ""she was fat and inert""; ""a sluggish worker""; ""a mind grown torpid in old age""",2,2,True
tiny-aya-global,Bengali,প্রতাপগড়,NOUN,24560,a region marked off for administrative or other purposes,a region marked off for administrative or other purposes,"a particular item of prepared food; ""she prepared a special dish for dinner""",0,1,False
tiny-aya-global,Bengali,গোয়েন্দাগিরি,NOUN,7525,the act of detecting something; catching sight of something,the act of detecting something; catching sight of something,"invoke upon; ""wish you a nice evening""; ""bid farewell""",0,1,False
tiny-aya-global,Bengali,মহাকাশযান,NOUN,34301,"a craft capable of traveling in outer space; technically, a satellite around the sun","a very sleepy state; ""sleepiness causes many driving accidents""",a man of refinement,2,1,False
tiny-aya-global,Bengali,টি পার্টি,NOUN,28425,"a reception or party at which tea is served; ""we met at the Dean' s tea for newcomers""",the husband of your mother by a subsequent marriage,"of or relating to Queen Victoria of Great Britain or to the age in which she ruled; ""Victorian morals""",2,2,True
tiny-aya-global,Bengali,প্রতিকূল,ADJECTIVE,3636,"not favorable; ""made an unfavorable impression""; ""unfavorable reviews""","not favorable; ""made an unfavorable impression""; ""unfavorable reviews""","moving or going or growing upward; ""the ascending plane""; ""the ascending staircase""; ""the ascending stems of chickweed""",0,1,False
tiny-aya-global,Bengali,ব্যাকারণবিদ,NOUN,10065,a linguist who specializes in the study of grammar and syntax,"any of a large variety of proteins normally present in the body or produced in response to an antigen which it neutralizes, thus producing an immune response","(literal meaning) being at or having a relatively great or specific elevation or upward extension (sometimes used in combinations like `knee-high' ); ""a high mountain""; ""high ceilings""; ""high buildings""; ""a high forehead""; ""a high incline""; ""a foot high""",2,2,True
tiny-aya-global,Bengali,শোষিত বর্গ,NOUN,28449,"the body of people who are citizens of a particular government; ""governments derive their just powers from the consent of the governed""--Declaration of Independence","the body of people who are citizens of a particular government; ""governments derive their just powers from the consent of the governed""--Declaration of Independence","assign a specified (usually proper) proper name to; ""They named their son David""; ""The new school was named after the famous Civil Rights leader""",0,1,False
tiny-aya-global,Bengali,চিত্কার করা,NOUN,13019,"a loud utterance; often in protest or opposition; ""the speaker was interrupted by loud cries from the rear of the audience""",a farmer who works land owned by someone else,"run away from confinement; ""The convicted murderer escaped from a high security prison""",2,2,True
tiny-aya-global,Bengali,রেডিয়েশান প্যাটার্ন,NOUN,27532,graphical representation (in polar or Cartesian coordinates) of the spatial distribution of radiation from an antenna as a function of angle,"transfer possession of something concrete or abstract to somebody; ""I gave her my money""; ""can you give me lessons?""; ""She gave the children lots of love and tender loving care""",an imaginary being of myth or fable,2,1,False
tiny-aya-global,Bengali,ভোগবিলাস,NOUN,4939,dissolute indulgence in sensual pleasure,dissolute indulgence in sensual pleasure,"large oval tropical fruit having smooth skin, juicy aromatic pulp, and a large hairy seed",0,1,False
tiny-aya-global,Bengali,গীতিকার,NOUN,4900,a person who writes the words for songs,having your attention fixated as though by a spell,a region marked off for administrative or other purposes,2,2,True
tiny-aya-global,Bengali,রুডবোরস্টজে আম,NOUN,21695,"large oval tropical fruit having smooth skin, juicy aromatic pulp, and a large hairy seed","become larger, greater, or bigger; expand or gain; ""The problem grew too large for me""; ""Her business grew fast""",act of giving in common with others for a common purpose especially to a charity,2,1,False
tiny-aya-global,Bengali,ঠিক,ADVERB,35653,"without possibility of mistake; ""this watercolor is unmistakably a synthesis of nature""","remove the moisture from and make dry; ""dry clothes""; ""dry hair""","without possibility of mistake; ""this watercolor is unmistakably a synthesis of nature""",1,1,True
tiny-aya-global,Bengali,নমুনা,NOUN,7189,a small part of something intended as representative of the whole,a small part of something intended as representative of the whole,"(usually plural) a statement of what is required as part of an agreement; ""the contract set out the conditions of the lease""; ""the terms of the treaty were generous""",0,1,False
tiny-aya-global,Bengali,অন্ধ অনুকরণ,NOUN,62,the act of imitating the behavior of some situation or some process by means of something suitably analogous (especially for the purpose of study or personnel training),"become bigger or greater in amount; ""The amount of work increased""",the act of imitating the behavior of some situation or some process by means of something suitably analogous (especially for the purpose of study or personnel training),1,2,False
tiny-aya-global,Bengali,পেটেন্ট,NOUN,10521,an official document granting a right or privilege,an official document granting a right or privilege,a kingdom (constitutional monarchy) in northwestern Africa with a largely Muslim population; achieved independence from France in 1956,0,1,False
tiny-aya-global,Bengali,ভূমিকা,NOUN,7441,"an actor' s portrayal of someone in a play; ""she played the part of Desdemona""","an actor' s portrayal of someone in a play; ""she played the part of Desdemona""","a mark indicating that something has been noted or completed etc.; ""as he called the role he put a check mark by each student' s name""",0,1,False
tiny-aya-global,Bengali,শ্রবণেন্দ্রিয়,NOUN,11351,"the ability to hear; the auditory faculty; ""his hearing was impaired""","the ability to hear; the auditory faculty; ""his hearing was impaired""",a point system of writing in which patterns of raised dots represent letters and numerals,0,1,False
tiny-aya-global,Bengali,সিংহলী,ADJECTIVE,18736,"of or relating to the Sinhalese languages; ""the Sinhalese versions of the Ramayana""",a mentor in spiritual and philosophical topics who is renowned for profound wisdom,"a custom that for a long time has been an important feature of some group or society; ""the institution of marriage""; ""the institution of slavery""; ""he had become an institution in the theater""",2,2,True
tiny-aya-global,Bengali,পাহারাদারি,NOUN,8173,"the duty of serving as a sentry; ""he was on guard that night""",a service station that sells gasoline,"the duty of serving as a sentry; ""he was on guard that night""",1,2,False
tiny-aya-global,Bengali,এক্সপ্রেস,NOUN,30973,"public transport consisting of a fast train or bus that makes only a few scheduled stops; ""he caught the express to New York""",any monetary aid,"public transport consisting of a fast train or bus that makes only a few scheduled stops; ""he caught the express to New York""",1,2,False
tiny-aya-global,Bengali,ভোট,NOUN,7512,"the opinion of a group as determined by voting; ""they put the question to a vote""",national capital and largest city of Romania in southeastern Romania,"the opinion of a group as determined by voting; ""they put the question to a vote""",1,2,False
tiny-aya-global,Bengali,পপ গায়ক,NOUN,34646,a person who sings,a person who sings,an imaginary being of myth or fable,0,1,False
tiny-aya-global,Bengali,দিব্যদৃষ্টি,NOUN,2118,"the property of being physically or mentally strong; ""fatigue sapped his strength""","the property of being physically or mentally strong; ""fatigue sapped his strength""","containing or resulting from disease-causing organisms; ""a septic sore throat""; ""a septic environment""; ""septic sewage""",0,1,False
tiny-aya-global,Bengali,ষটকোণ,ADJECTIVE,25551,having six sides or divided into hexagons,incomprehensibility as a result of not being clear,"the initial part of the introduction; ""the opening established the basic theme""",2,2,True
tiny-aya-global,Bengali,দেশ,NOUN,28385,"the country or state or city where you live; ""Canadian tariffs enabled United States lumber companies to raise prices at home""; ""his home is New Jersey""","with appreciation; in a grateful manner; ""he accepted my offer appreciatively""","the country or state or city where you live; ""Canadian tariffs enabled United States lumber companies to raise prices at home""; ""his home is New Jersey""",1,2,False
tiny-aya-global,Bengali,পাক্ষিক,ADJECTIVE,30269,occurring every two weeks,"a mark indicating that something has been noted or completed etc.; ""as he called the role he put a check mark by each student' s name""",occurring every two weeks,1,2,False
tiny-aya-global,Bengali,বাহুদা,NOUN,31244,an imaginary being of myth or fable,"a public square with room for pedestrians; ""they met at Elm Plaza""; ""Grosvenor Place""",an imaginary being of myth or fable,1,1,True
tiny-aya-global,Bengali,সতী প্রথা,NOUN,8197,the act of a Hindu widow willingly cremating herself on the funeral pyre of her dead husband,"a large and densely populated urban area; may include several independent administrative districts; ""Ancient Troy was a great city""",the capital city of a nation,2,1,False
tiny-aya-global,Bengali,ভরতপাখি,NOUN,8127,brown-speckled European lark noted for singing while hovering at a great height,"the initial part of the introduction; ""the opening established the basic theme""",North American republic containing 50 states - 48 conterminous states in North America plus Alaska in northwest North America and the Hawaiian Islands in the Pacific Ocean; achieved independence in 1776,2,1,False
tiny-aya-global,Bengali,পুষ্কর,NOUN,13507,a place of worship hallowed by association with some sacred thing or person,"set down in writing in any of various ways; ""written evidence""",a region marked off for administrative or other purposes,2,2,True
tiny-aya-global,Bengali,ছুটি নেওয়া,VERB,27438,"play truant from work or school; ""The boy often plays hooky""",Elector of Hanover and the first Hanoverian King of Great Britain and Ireland from 1714 to 1727 (1660-1727),being six more than seventy,2,2,True
tiny-aya-global,Bengali,ইরাবতী,NOUN,33876,the main river of Myanmar rising in the north and flowing south through the length of Burma to empty into the Andaman Sea,"the general impression that something (a person or organization or product) presents to the public; ""although her popular image was contrived it served to inspire music and pageantry""; ""the company tried to project an altruistic image""","a large natural stream of water (larger than a creek); ""the river was navigable for 50 miles""",2,1,False
tiny-aya-global,Bengali,শরম,NOUN,22017,an imaginary being of myth or fable,a service station that sells gasoline,an imaginary being of myth or fable,1,2,False
tiny-aya-global,Bengali,বরীধরা,NOUN,31016,(prosody) a system of versification,(prosody) a system of versification,an edge tool with a heavy bladed head mounted across a handle,0,2,False
tiny-aya-global,Bengali,ব্যাঙ্ক,NOUN,34771,"a financial institution that accepts deposits and channels the money into lending activities; ""he cashed a check at the bank""; ""that bank holds the mortgage on my home""","pleasantly full and mellow; ""a rich tenor voice""","a financial institution that accepts deposits and channels the money into lending activities; ""he cashed a check at the bank""; ""that bank holds the mortgage on my home""",1,2,False
tiny-aya-global,Bengali,ভুল রাস্তা বলা,VERB,35796,qualified by reservations,of a yellowish brown color,qualified by reservations,1,2,False
tiny-aya-global,Bengali,বৃহদল,NOUN,30595,an imaginary being of myth or fable,an imaginary being of myth or fable,one of the evil spirits of traditional Jewish and Christian belief,0,2,False
tiny-aya-global,Bengali,অন্ধানুযায়ি,NOUN,5371,a person of unquestioning obedience,the science concerned with the prevention of illness and maintenance of health,a person of unquestioning obedience,1,1,True
tiny-aya-global,Bengali,নিশ্চিত,ADJECTIVE,2549,"characterized by certainty or security; ""a tiny but assured income""; ""we can never have completely assured lives""",occurring every two weeks,"characterized by certainty or security; ""a tiny but assured income""; ""we can never have completely assured lives""",1,2,False
tiny-aya-global,Bengali,বিক্রান্ত,NOUN,34129,an imaginary being of myth or fable,the transportation of people (as a family or colony) to a new settlement (as after an upheaval of some kind),"an individual 3-dimensional object that has mass and that is distinguishable from other objects; ""heavenly body""",2,1,False
tiny-aya-global,Bengali,মজ্জা,NOUN,10438,the fatty network of connective tissue that fills the cavities of bones,"a depository for goods; ""storehouses were built close to the docks""",Old World herb with aromatic leaves and seed resembling parsley,2,2,True
tiny-aya-global,Bengali,কবচহীন,ADJECTIVE,12215,(used of persons or things military) without protective armor,pantropical vine widely cultivated in several varieties for its large sweet tuberous root with orange flesh,(used of persons or things military) without protective armor,1,2,False
tiny-aya-global,Bengali,শাহানা,NOUN,20547,any of various fixed orders of the various diatonic notes within an octave,"(of textures) full of small openings or gaps; ""an open texture""; ""a loose weave""","the territory occupied by one of the constituent administrative districts of a nation; ""his state is in the deep south""",2,1,False
tiny-aya-global,Bengali,তোলা,VERB,20231,"pull or pull out sharply; ""pluck the flowers off the bush""",the basic unit of money in South Korea,"write music; ""Beethoven composed nine symphonies""",2,2,True
tiny-aya-global,Bengali,দিগ্গজ,NOUN,8431,an imaginary being of myth or fable,an imaginary being of myth or fable,a person who sings,0,1,False
tiny-aya-global,Bengali,অবরোধ,NOUN,9245,prevents access or progress,"a public square with room for pedestrians; ""they met at Elm Plaza""; ""Grosvenor Place""",prevents access or progress,1,2,False
tiny-aya-global,Bengali,তথ্য,NOUN,12011,"a piece of information about circumstances that exist or events that have occurred; ""first you must collect all the facts of the case""",any of various plants of the genus Sesbania having pinnate leaves and large showy pea-like flowers,"a piece of information about circumstances that exist or events that have occurred; ""first you must collect all the facts of the case""",1,2,False
tiny-aya-global,Bengali,কটুতা,NOUN,36468,the taste experience when quinine or coffee is taken into the mouth,the taste experience when quinine or coffee is taken into the mouth,someone who is intoxicated,0,1,False
tiny-aya-global,Bengali,প্রশংসা,NOUN,3632,"an expression of approval and commendation; ""he always appreciated praise for his work""","an expression of approval and commendation; ""he always appreciated praise for his work""",the act of signaling by a movement of the hand,0,1,False
tiny-aya-global,Bengali,কাঠসেমুল,NOUN,20874,a tall perennial woody plant having a main trunk and branches forming a distinct elevated crown; includes both gymnosperms and angiosperms,"the most common medium of exchange; functions as legal tender; ""we tried to collect the money he owed us""",a mentor in spiritual and philosophical topics who is renowned for profound wisdom,2,1,False
